time,open,high,low,close,volume
2018-01-10T04:55:00Z,0.0984,0.0994766,0.09828605,0.0994766,1820.54447418
2018-01-10T05:00:00Z,0.09946999,0.0997238,0.099,0.09969,2527.92100293
2018-01-10T05:05:00Z,0.09969,0.10072981,0.09900001,0.09999,3653.02612961
2018-01-10T05:10:00Z,0.09999,0.10030001,0.0988,0.09900001,1627.59350529
2018-01-10T05:15:00Z,0.099,0.09959999,0.0987,0.099,1354.52006918
2018-01-10T05:20:00Z,0.09899779,0.099,0.0961,0.0971,1826.06640794
2018-01-10T05:25:00Z,0.09709011,0.09867488,0.097,0.0978,1173.69598088
2018-01-10T05:30:00Z,0.09780002,0.09811,0.09773103,0.09807,1042.7425395
2018-01-10T05:35:00Z,0.09807,0.09867488,0.0979,0.09809501,1072.28329031
2018-01-10T05:40:00Z,0.09809506,0.09828,0.096597,0.0967983,775.04200558
2018-01-10T05:45:00Z,0.09659711,0.09683,0.095,0.09607,2041.13711178
2018-01-10T05:50:00Z,0.09652567,0.097601,0.09588917,0.09640003,1132.74686894
2018-01-10T05:55:00Z,0.09640003,0.097,0.096,0.0963,1060.32604029
2018-01-10T06:00:00Z,0.09619999,0.0963,0.09411901,0.09424279,939.84949684
2018-01-10T06:05:00Z,0.09424279,0.09569999,0.09400001,0.09528888,1369.79794565
2018-01-10T06:10:00Z,0.095289,0.0960001,0.09478896,0.09593999,1998.93454214
2018-01-10T06:15:00Z,0.09593999,0.09719229,0.09587,0.09670006,1532.0831737
2018-01-10T06:20:00Z,0.09695997,0.09695997,0.09617345,0.0968,811.32305085
2018-01-10T06:25:00Z,0.09679999,0.0972,0.09631681,0.09699999,586.44109662
2018-01-10T06:30:00Z,0.097,0.09716997,0.09680001,0.0971,478.08784605
2018-01-10T06:35:00Z,0.0971,0.09716995,0.09670001,0.09683002,440.51879815
2018-01-10T06:40:00Z,0.09691,0.09696997,0.09627,0.09627002,1147.00888524
2018-01-10T06:45:00Z,0.09627002,0.09699999,0.0961,0.09627016,769.75147429
2018-01-10T06:50:00Z,0.0966,0.09679998,0.09627016,0.0964,437.1391341
2018-01-10T06:55:00Z,0.0964,0.0965,0.0951,0.09573096,1189.06860078
2018-01-10T07:00:00Z,0.09573095,0.0965,0.09515,0.0960768,1665.37766621
2018-01-10T07:05:00Z,0.09576001,0.09660995,0.09575513,0.096,825.34109206
2018-01-10T07:10:00Z,0.09602,0.09660995,0.09557471,0.09611599,785.76799522
2018-01-10T07:15:00Z,0.09611599,0.0964472,0.094444,0.0954472,1378.33911317
2018-01-10T07:20:00Z,0.09533318,0.0954472,0.09417874,0.09424298,1352.61862452
2018-01-10T07:25:00Z,0.09424302,0.09490002,0.09417874,0.09490002,1759.65176076
2018-01-10T07:30:00Z,0.09490002,0.095,0.09423749,0.0943,1391.66711092
2018-01-10T07:35:00Z,0.0943,0.09526518,0.09423749,0.09514998,1603.14167223
2018-01-10T07:40:00Z,0.09499999,0.09526517,0.09454662,0.095,633.4116813
2018-01-10T07:45:00Z,0.095,0.09519992,0.09464,0.09499999,661.71411667
2018-01-10T07:50:00Z,0.09499999,0.09499999,0.09433201,0.09469812,710.64717305
2018-01-10T07:55:00Z,0.09473619,0.09500001,0.094,0.09448198,1510.33423026
2018-01-10T08:00:00Z,0.09448198,0.09469899,0.0928,0.09310905,1315.42668051
2018-01-10T08:05:00Z,0.09310905,0.09310905,0.09209997,0.0921,1387.36933081
2018-01-10T08:10:00Z,0.0921,0.0946239,0.09209999,0.094,1540.03345741
2018-01-10T08:15:00Z,0.094,0.09447599,0.09251357,0.09349999,1102.79161125
2018-01-10T08:20:00Z,0.09349999,0.094,0.09246162,0.09342,721.21863832
2018-01-10T08:25:00Z,0.09356798,0.09384996,0.093,0.09339969,813.52691085
2018-01-10T08:30:00Z,0.09339969,0.094,0.09320002,0.094,758.35344044
2018-01-10T08:35:00Z,0.094,0.095,0.09392,0.0949999,1248.58576158
2018-01-10T08:40:00Z,0.09499999,0.09519999,0.09394013,0.095022,623.19692812
2018-01-10T08:45:00Z,0.09519999,0.09626406,0.095022,0.09574973,804.68306423
2018-01-10T08:50:00Z,0.09601524,0.09660995,0.09549995,0.0960005,1326.58779311
2018-01-10T08:55:00Z,0.09622718,0.0973973,0.096,0.0973,880.24260282
2018-01-10T09:00:00Z,0.09726994,0.09758666,0.0967967,0.09739992,1276.71837269
2018-01-10T09:05:00Z,0.09739992,0.09739996,0.09620001,0.09632519,1160.67344795
2018-01-10T09:10:00Z,0.09633375,0.09638427,0.09544552,0.096,1525.91866812
2018-01-10T09:15:00Z,0.09574399,0.096,0.094842,0.09549999,787.09972127
2018-01-10T09:20:00Z,0.09549,0.09576,0.094842,0.0957001,447.39334511
2018-01-10T09:25:00Z,0.09570009,0.0957001,0.09394341,0.095,1077.90054466
2018-01-10T09:30:00Z,0.094595,0.095,0.09405201,0.09435,565.01384877
2018-01-10T09:35:00Z,0.09435,0.09435,0.0928,0.09280019,1458.22619971
2018-01-10T09:40:00Z,0.09349996,0.09356,0.09221,0.09229114,823.41414367
2018-01-10T09:45:00Z,0.09249805,0.09249806,0.0911,0.091391,1814.74317517
2018-01-10T09:50:00Z,0.09130005,0.0914,0.09002269,0.09139991,1446.50759566
2018-01-10T09:55:00Z,0.0913999,0.0924,0.0910157,0.09238098,1285.44776868
2018-01-10T10:00:00Z,0.0924,0.093,0.0921,0.0929,722.64820965
2018-01-10T10:05:00Z,0.09295275,0.093,0.092588,0.09299999,486.96699521
2018-01-10T10:10:00Z,0.09299999,0.0934,0.0929,0.0932,463.73200188
2018-01-10T10:15:00Z,0.09325256,0.0934,0.09303784,0.0931028,518.01563269
2018-01-10T10:20:00Z,0.093202,0.0934,0.09303784,0.0933,413.963884
2018-01-10T10:25:00Z,0.0933,0.0933,0.09303784,0.0933,502.59104436
2018-01-10T10:30:00Z,0.0933,0.0933,0.09253499,0.09254409,324.83594232
2018-01-10T10:35:00Z,0.09254409,0.09262,0.091,0.09185814,559.49290903
2018-01-10T10:40:00Z,0.09185814,0.09185814,0.09093383,0.09128787,408.81930241
2018-01-10T10:45:00Z,0.09128787,0.092,0.09100001,0.092,530.82511637
2018-01-10T10:50:00Z,0.092092,0.09274864,0.09185085,0.09248,271.10560001
2018-01-10T10:55:00Z,0.09248,0.09258,0.09247501,0.09256,325.1293332
2018-01-10T11:00:00Z,0.09256,0.09274861,0.0925025,0.09274859,335.83654586
2018-01-10T11:05:00Z,0.09274859,0.09285,0.09251,0.09251,302.5117565
2018-01-10T11:10:00Z,0.092723,0.09310477,0.09251,0.092999,263.5279792
2018-01-10T11:15:00Z,0.092999,0.09325,0.092739,0.09299999,335.22586522
2018-01-10T11:20:00Z,0.09299999,0.093204,0.092723,0.09284299,351.94104984
2018-01-10T11:25:00Z,0.092843,0.09324998,0.092535,0.092535,461.97719387
2018-01-10T11:30:00Z,0.09253501,0.09328,0.092535,0.09290001,405.06542679
2018-01-10T11:35:00Z,0.09290001,0.09369997,0.0926,0.09369,509.48071328
2018-01-10T11:40:00Z,0.09369,0.09551,0.09365,0.095495,2107.86295685
2018-01-10T11:45:00Z,0.095495,0.09570199,0.0943725,0.095485,1017.87397815
2018-01-10T11:50:00Z,0.095485,0.09621028,0.0951,0.0962,911.29079415
2018-01-10T11:55:00Z,0.0962,0.09647245,0.0951951,0.0951951,1120.51448028
2018-01-10T12:00:00Z,0.09535,0.09599986,0.0952,0.09562225,652.57459805
2018-01-10T12:05:00Z,0.09575708,0.096,0.095622,0.09599899,374.1222232
2018-01-10T12:10:00Z,0.095999,0.095999,0.09477067,0.09529995,634.32794807
2018-01-10T12:15:00Z,0.09529994,0.0955,0.0947,0.0953,312.82332293
2018-01-10T12:20:00Z,0.0954,0.09598896,0.0953,0.0959,258.33011631
2018-01-10T12:25:00Z,0.09579998,0.09629999,0.09569999,0.09629999,646.40493619
2018-01-10T12:30:00Z,0.09629999,0.0965,0.09549999,0.09630998,841.94328805
2018-01-10T12:35:00Z,0.09586,0.09630998,0.095855,0.096,346.05575803
2018-01-10T12:40:00Z,0.096,0.096305,0.09551,0.09591185,533.46338517
2018-01-10T12:45:00Z,0.09591177,0.09599473,0.09473068,0.09549996,966.27166841
2018-01-10T12:50:00Z,0.09519048,0.0955,0.0948,0.095,479.63862026
2018-01-10T12:55:00Z,0.09500007,0.09545988,0.095,0.09509999,274.42084622
2018-01-10T13:00:00Z,0.09545988,0.09599487,0.09509999,0.09550004,312.05831594
2018-01-10T13:05:00Z,0.095966,0.09620997,0.09550025,0.09587113,325.39873739
2018-01-10T13:10:00Z,0.09580001,0.09587109,0.09555,0.0958,695.87003395
2018-01-10T13:15:00Z,0.0958,0.09587113,0.09555,0.095865,285.03558425
2018-01-10T13:20:00Z,0.09586002,0.09619979,0.09586,0.09599977,277.31055493
2018-01-10T13:25:00Z,0.0959999,0.09619989,0.09555001,0.0958,302.8213727
2018-01-10T13:30:00Z,0.09585999,0.09618858,0.0958,0.096,612.29799369
2018-01-10T13:35:00Z,0.096,0.09618,0.0958,0.0959,492.4889565
2018-01-10T13:40:00Z,0.09587113,0.09617982,0.09550103,0.0958,949.85272662
2018-01-10T13:45:00Z,0.0958,0.09617983,0.09570005,0.0959,619.15333017
2018-01-10T13:50:00Z,0.09599,0.09617984,0.0958,0.096,446.21985754
2018-01-10T13:55:00Z,0.09617,0.09617984,0.09555101,0.09596999,409.46955673
2018-01-10T14:00:00Z,0.09596998,0.0962,0.0958,0.0962,308.00699469
2018-01-10T14:05:00Z,0.0962,0.0965,0.09613972,0.096487,396.73625945
2018-01-10T14:10:00Z,0.096487,0.0965,0.09620997,0.0965,445.10614116
2018-01-10T14:15:00Z,0.09649999,0.097,0.09649989,0.09699994,579.10958132
2018-01-10T14:20:00Z,0.09687338,0.09729999,0.09680001,0.0972,856.6564468
2018-01-10T14:25:00Z,0.0972,0.09724981,0.0964001,0.0964001,1250.07599975
2018-01-10T14:30:00Z,0.09649959,0.09649965,0.09615001,0.096377,342.50306006
2018-01-10T14:35:00Z,0.096377,0.096377,0.09580001,0.09593999,872.16214496
2018-01-10T14:40:00Z,0.09594,0.09594,0.09509999,0.09539888,1530.99597378
2018-01-10T14:45:00Z,0.09539888,0.09539888,0.094373,0.095,723.08674597
2018-01-10T14:50:00Z,0.095,0.09569999,0.095,0.0955,455.25181285
2018-01-10T14:55:00Z,0.0955,0.09595984,0.09521,0.09593995,708.48226614
2018-01-10T15:00:00Z,0.09570001,0.096,0.09521001,0.095743,921.36408961
2018-01-10T15:05:00Z,0.095743,0.09600977,0.09545787,0.09589,616.67429253
2018-01-10T15:10:00Z,0.09589,0.09599899,0.09521,0.09599898,411.69021891
2018-01-10T15:15:00Z,0.09599898,0.097,0.09521001,0.09521001,997.30865387
2018-01-10T15:20:00Z,0.09559494,0.09578799,0.09499146,0.095,843.11994003
2018-01-10T15:25:00Z,0.09501003,0.09520998,0.09437249,0.09455203,975.63353694
2018-01-10T15:30:00Z,0.094647,0.095125,0.09440126,0.095,763.18952628
2018-01-10T15:35:00Z,0.095,0.09520998,0.09460412,0.09499899,496.97179511
2018-01-10T15:40:00Z,0.09499899,0.095017,0.094,0.0947,946.53615859
2018-01-10T15:45:00Z,0.09469999,0.0947,0.0935,0.09409998,673.35120941
2018-01-10T15:50:00Z,0.09356001,0.09409999,0.09298834,0.09298834,1120.50247256
2018-01-10T15:55:00Z,0.09298834,0.0934066,0.092535,0.09329998,1099.54223317
2018-01-10T16:00:00Z,0.09329998,0.09329998,0.092,0.09232498,948.85797326
2018-01-10T16:05:00Z,0.09232498,0.09232498,0.0911,0.09132789,1473.98593242
2018-01-10T16:10:00Z,0.09132789,0.09184998,0.0912171,0.0918,723.6054772
2018-01-10T16:15:00Z,0.0918,0.092335,0.09117897,0.09174899,776.15851874
2018-01-10T16:20:00Z,0.09164995,0.09225778,0.09131999,0.09217374,421.8123727
2018-01-10T16:25:00Z,0.09217373,0.09218373,0.09117897,0.0915,699.17032812
2018-01-10T16:30:00Z,0.0915,0.09175,0.09123291,0.09150024,709.26008531
2018-01-10T16:35:00Z,0.09150024,0.09174337,0.09117801,0.09132568,687.50714188
2018-01-10T16:40:00Z,0.09132568,0.09155001,0.0910349,0.09103491,585.41232838
2018-01-10T16:45:00Z,0.09103491,0.0911,0.09002301,0.09002301,1045.01869499
2018-01-10T16:50:00Z,0.09010001,0.09054888,0.08957035,0.0902,1364.08298331
2018-01-10T16:55:00Z,0.09054888,0.09149999,0.0902,0.09105469,662.78928496
2018-01-10T17:00:00Z,0.09105469,0.09141423,0.09078001,0.09139995,865.72253577
2018-01-10T17:05:00Z,0.09120002,0.09184546,0.0912,0.09184546,381.26313446
2018-01-10T17:10:00Z,0.09181078,0.09229999,0.09166597,0.0918819,505.61810735
2018-01-10T17:15:00Z,0.09207989,0.09219796,0.09175,0.09219599,267.68905108
2018-01-10T17:20:00Z,0.09219597,0.09259877,0.09199091,0.0925651,687.97416408
2018-01-10T17:25:00Z,0.0925651,0.092761,0.0923,0.09276039,470.59019294
2018-01-10T17:30:00Z,0.09269994,0.0927604,0.09231,0.09276032,355.90409642
2018-01-10T17:35:00Z,0.09276032,0.09289999,0.0924,0.0925,619.89316068
2018-01-10T17:40:00Z,0.0925,0.0925,0.092,0.092119,361.00826719
2018-01-10T17:45:00Z,0.092119,0.09223,0.09130001,0.0914001,561.80607747
2018-01-10T17:50:00Z,0.0914001,0.0915248,0.091076,0.09140006,266.25578818
2018-01-10T17:55:00Z,0.09140006,0.09140006,0.09074,0.09085,566.87130625
2018-01-10T18:00:00Z,0.09102,0.0911189,0.090179,0.09048,401.56861099
2018-01-10T18:05:00Z,0.09048,0.09051578,0.0889989,0.08989998,857.51622352
2018-01-10T18:10:00Z,0.08989998,0.08989999,0.0880174,0.08898001,1771.51505059
2018-01-10T18:15:00Z,0.08898003,0.09061331,0.08830405,0.09000001,964.88296891
2018-01-10T18:20:00Z,0.08999998,0.09000002,0.08954222,0.08954222,485.53862094
2018-01-10T18:25:00Z,0.08954222,0.08999,0.0894,0.08964092,308.86436861
2018-01-10T18:30:00Z,0.08964092,0.08999,0.08951104,0.0896,325.80022591
2018-01-10T18:35:00Z,0.08951104,0.08996999,0.08951051,0.08951105,170.46290446
2018-01-10T18:40:00Z,0.08951105,0.08964397,0.08900009,0.08912,294.17877492
2018-01-10T18:45:00Z,0.08912,0.08912,0.08898003,0.08898003,352.79581099
2018-01-10T18:50:00Z,0.08898003,0.08900006,0.08820911,0.0885557,373.23126833
2018-01-10T18:55:00Z,0.08851749,0.08856302,0.08820909,0.08836,569.76192028
2018-01-10T19:00:00Z,0.08836697,0.08910999,0.08833348,0.089,294.39218465
2018-01-10T19:05:00Z,0.08890001,0.08912,0.08890001,0.08911999,248.51968058
2018-01-10T19:10:00Z,0.08911986,0.08912,0.089,0.089,461.25913097
2018-01-10T19:15:00Z,0.08901,0.08910997,0.08860002,0.08896994,527.26989874
2018-01-10T19:20:00Z,0.08882974,0.08896993,0.0885,0.08879368,279.55705063
2018-01-10T19:25:00Z,0.08870005,0.08894982,0.08838559,0.0888,259.74948359
2018-01-10T19:30:00Z,0.0888,0.08894498,0.08838562,0.08889787,995.79418479
2018-01-10T19:35:00Z,0.0888409,0.089114,0.08864986,0.088809,246.36876829
2018-01-10T19:40:00Z,0.088809,0.08912,0.08870374,0.08885501,232.67089576
2018-01-10T19:45:00Z,0.08911999,0.0897,0.08885,0.08960062,550.91996459
2018-01-10T19:50:00Z,0.08951111,0.0908,0.08951111,0.09079998,466.67808206
2018-01-10T19:55:00Z,0.09060635,0.09099998,0.09039491,0.09087989,485.56379711
2018-01-10T20:00:00Z,0.0906916,0.091,0.09000003,0.09020002,261.14736881
2018-01-10T20:05:00Z,0.09037999,0.09087988,0.09020002,0.09078996,464.53702421
2018-01-10T20:10:00Z,0.0908,0.09087988,0.09059,0.09074,340.08028873
2018-01-10T20:15:00Z,0.09074,0.091,0.09074,0.09088,358.50546435
2018-01-10T20:20:00Z,0.091,0.09116997,0.09020006,0.09064999,537.95683726
2018-01-10T20:25:00Z,0.09064999,0.09064999,0.08999,0.08999,300.66127415
2018-01-10T20:30:00Z,0.08997548,0.09031199,0.08937001,0.08937001,257.99135472
2018-01-10T20:35:00Z,0.08937,0.089795,0.0889508,0.0889508,210.35677857
2018-01-10T20:40:00Z,0.0889508,0.08929999,0.08885,0.08929999,212.66635599
2018-01-10T20:45:00Z,0.08929999,0.08935897,0.08900006,0.08935897,257.35705831
2018-01-10T20:50:00Z,0.08930202,0.09,0.08902104,0.08997795,471.63482476
2018-01-10T20:55:00Z,0.08996891,0.09,0.08909501,0.08941001,299.89194708
2018-01-10T21:00:00Z,0.08966822,0.090161,0.08940003,0.089966,225.12785735
2018-01-10T21:05:00Z,0.09014151,0.091,0.089893,0.091,384.4003095
2018-01-10T21:10:00Z,0.0909,0.09116998,0.09066499,0.09100001,387.22913442
2018-01-10T21:15:00Z,0.09112999,0.09113,0.08997251,0.09,1121.22785017
2018-01-10T21:20:00Z,0.09,0.09,0.08955996,0.09,471.53685736
2018-01-10T21:25:00Z,0.08996,0.09,0.08945026,0.08995995,255.20642308
2018-01-10T21:30:00Z,0.08995995,0.08999998,0.08885,0.0889,1032.03482569
2018-01-10T21:35:00Z,0.0889,0.0889,0.0879587,0.088,1824.60213937
2018-01-10T21:40:00Z,0.088,0.088,0.08700548,0.087885,1470.16060875
2018-01-10T21:45:00Z,0.087885,0.08840146,0.08753348,0.08800999,781.3851716
2018-01-10T21:50:00Z,0.08800999,0.08838597,0.08763434,0.08838577,305.83374241
2018-01-10T21:55:00Z,0.08838575,0.0884,0.08700548,0.08737457,706.72846061
2018-01-10T22:00:00Z,0.08737457,0.08779987,0.08676,0.08680001,1071.79356261
2018-01-10T22:05:00Z,0.08676,0.08699998,0.0862,0.0863,1234.27932459
2018-01-10T22:10:00Z,0.08621005,0.0863,0.08538466,0.0855,1558.28016234
2018-01-10T22:15:00Z,0.08560008,0.08560131,0.08518568,0.08529992,941.94051167
2018-01-10T22:20:00Z,0.0852,0.08541858,0.085,0.08520001,945.51865167
2018-01-10T22:25:00Z,0.08522157,0.08688362,0.08520001,0.08688362,1266.55888387
2018-01-10T22:30:00Z,0.08681736,0.08699999,0.0852,0.08538325,698.22941469
2018-01-10T22:35:00Z,0.08522155,0.08545,0.08427999,0.08427999,1075.67560182
2018-01-10T22:40:00Z,0.084312,0.0848,0.08385985,0.0848,1247.39483519
2018-01-10T22:45:00Z,0.08482153,0.08543,0.08460996,0.08530002,1139.4377074
2018-01-10T22:50:00Z,0.08530002,0.085347,0.08418414,0.0847,679.13392176
2018-01-10T22:55:00Z,0.0847,0.08523686,0.08421002,0.08491006,419.42218731
2018-01-10T23:00:00Z,0.08491006,0.08645601,0.08491006,0.08567624,836.84386624
2018-01-10T23:05:00Z,0.08567099,0.08567099,0.0845,0.085,517.38668366
2018-01-10T23:10:00Z,0.08488487,0.08508618,0.08421501,0.08449578,379.02802508
2018-01-10T23:15:00Z,0.08449578,0.08485502,0.084,0.08412677,499.17210731
2018-01-10T23:20:00Z,0.08412676,0.0846,0.08386404,0.0846,763.98402895
2018-01-10T23:25:00Z,0.08459999,0.0846,0.08361214,0.08367941,897.39666811
2018-01-10T23:30:00Z,0.08367506,0.08434999,0.08292011,0.08300001,1978.51079894
2018-01-10T23:35:00Z,0.08300001,0.08339992,0.08251,0.083,1181.6424309
2018-01-10T23:40:00Z,0.08298301,0.08421457,0.0829,0.08397739,1010.94481002
2018-01-10T23:45:00Z,0.08397739,0.08469999,0.083565,0.08438963,869.17268062
2018-01-10T23:50:00Z,0.08438964,0.08439998,0.08340014,0.08388998,1395.15298261
2018-01-10T23:55:00Z,0.08388998,0.084,0.08340014,0.084,642.83660552
2018-01-11T00:00:00Z,0.084,0.08601299,0.08380727,0.08598955,2666.56119235
2018-01-11T00:05:00Z,0.086,0.086,0.08481001,0.08564261,1244.15032687
2018-01-11T00:10:00Z,0.08564261,0.08616049,0.08548932,0.08600742,1196.42632279
2018-01-11T00:15:00Z,0.08600742,0.08688826,0.085615,0.086489,901.75182046
2018-01-11T00:20:00Z,0.086489,0.08829998,0.086489,0.08798908,1089.49265447
2018-01-11T00:25:00Z,0.08798908,0.08839999,0.08700002,0.088189,1089.28673493
2018-01-11T00:30:00Z,0.088189,0.0893814,0.08818897,0.08936999,517.31411855
2018-01-11T00:35:00Z,0.0891,0.0894278,0.088189,0.088411,965.45396889
2018-01-11T00:40:00Z,0.08852211,0.08937094,0.088391,0.08937093,441.06217638
2018-01-11T00:45:00Z,0.08937093,0.08987106,0.08900005,0.08968012,1804.0136341
2018-01-11T00:50:00Z,0.08968012,0.0906,0.08930003,0.0906,1859.4284262
2018-01-11T00:55:00Z,0.09053,0.09142874,0.090184,0.09100891,1949.98047256
2018-01-11T01:00:00Z,0.0910089,0.09142874,0.0891,0.08930884,1298.57875251
2018-01-11T01:05:00Z,0.0891,0.09029499,0.0881899,0.09,780.96653489
2018-01-11T01:10:00Z,0.09,0.09029498,0.08889296,0.089251,501.70127439
2018-01-11T01:15:00Z,0.08945987,0.08945988,0.08848007,0.08854153,550.37242572
2018-01-11T01:20:00Z,0.08854161,0.08898998,0.08848002,0.08854163,327.72194185
2018-01-11T01:25:00Z,0.08854163,0.09017871,0.08845,0.0893755,709.15137546
2018-01-11T01:30:00Z,0.08989994,0.0901785,0.08893747,0.08982995,225.09313383
2018-01-11T01:35:00Z,0.08982995,0.08989993,0.089381,0.08982891,318.38841052
2018-01-11T01:40:00Z,0.08982891,0.08989993,0.089499,0.08958951,259.7636346
2018-01-11T01:45:00Z,0.08985778,0.08985779,0.08937551,0.08985778,308.50486646
2018-01-11T01:50:00Z,0.08958956,0.08985779,0.08937553,0.08945607,450.97655453
2018-01-11T01:55:00Z,0.08945607,0.0898,0.0892895,0.08979542,433.19624432
2018-01-11T02:00:00Z,0.08960921,0.08979542,0.089,0.08928598,550.61971622
2018-01-11T02:05:00Z,0.08928598,0.089609,0.08900002,0.0896,175.44811132
2018-01-11T02:10:00Z,0.0896,0.08989992,0.08935001,0.08987845,102.4265764
2018-01-11T02:15:00Z,0.08987845,0.09012343,0.08987837,0.09012343,329.71120915
2018-01-11T02:20:00Z,0.09,0.09028999,0.08998,0.0902899,266.16294525
2018-01-11T02:25:00Z,0.09028951,0.0905,0.09000003,0.09013002,293.19540267
2018-01-11T02:30:00Z,0.0905,0.09085166,0.090135,0.09085153,182.80411141
2018-01-11T02:35:00Z,0.09085163,0.09086522,0.09056302,0.09056312,284.06439046
2018-01-11T02:40:00Z,0.09056312,0.0908257,0.0905,0.0908257,220.12815965
2018-01-11T02:45:00Z,0.090505,0.09121499,0.09050003,0.09121499,335.95035628
2018-01-11T02:50:00Z,0.09116898,0.0914,0.0909,0.0910955,391.58625377
2018-01-11T02:55:00Z,0.09125,0.09147487,0.09090001,0.0914,418.92235594
2018-01-11T03:00:00Z,0.0914,0.09145498,0.09090001,0.09090501,444.16309702
2018-01-11T03:05:00Z,0.09090501,0.09090501,0.09014324,0.09089994,545.42627013
2018-01-11T03:10:00Z,0.09040616,0.09126691,0.09040616,0.09085957,465.22279819
2018-01-11T03:15:00Z,0.09085958,0.09139992,0.09074766,0.09138576,519.84520456
2018-01-11T03:20:00Z,0.09115,0.0915,0.0910999,0.09137994,234.09021295
2018-01-11T03:25:00Z,0.0913799,0.091678,0.091,0.0915,400.15432019
2018-01-11T03:30:00Z,0.0915,0.0917,0.09051001,0.09059993,387.42142899
2018-01-11T03:35:00Z,0.09059993,0.09105,0.08870305,0.08932596,1059.29525482
2018-01-11T03:40:00Z,0.08932596,0.08999121,0.08905001,0.08932594,771.72079113
2018-01-11T03:45:00Z,0.0893,0.089685,0.08851,0.08865103,833.97554498
2018-01-11T03:50:00Z,0.08865103,0.08899998,0.08715616,0.08824105,1169.18682625
2018-01-11T03:55:00Z,0.08824105,0.08978,0.08800098,0.08916602,678.35618284
2018-01-11T04:00:00Z,0.08916601,0.09099975,0.089,0.09071774,1583.5817414
2018-01-11T04:05:00Z,0.09071774,0.09171595,0.08999999,0.09026737,1683.68430251
2018-01-11T04:10:00Z,0.09026737,0.09131368,0.08931424,0.08952368,549.43486686
2018-01-11T04:15:00Z,0.08952367,0.08999499,0.08750003,0.08797602,2289.98321939
2018-01-11T04:20:00Z,0.08870914,0.08871,0.0874703,0.08865406,1859.97338042
2018-01-11T04:25:00Z,0.08825045,0.08969917,0.08798608,0.08917348,884.71493038
2018-01-11T04:30:00Z,0.08917348,0.0897322,0.08856502,0.0895,1037.46522307
2018-01-11T04:35:00Z,0.08900009,0.0895,0.08806,0.088205,1417.93484865
2018-01-11T04:40:00Z,0.088205,0.08885527,0.08621,0.08621,2000.43969241
2018-01-11T04:45:00Z,0.08621,0.088,0.08617956,0.0879,1012.01027639
2018-01-11T04:50:00Z,0.087869,0.0895,0.08680026,0.0895,1475.98319507
2018-01-11T04:55:00Z,0.08949795,0.09057949,0.089351,0.09034998,3378.3069388
2018-01-11T05:00:00Z,0.09029998,0.09099998,0.089361,0.08999997,1517.30324678
2018-01-11T05:05:00Z,0.08999996,0.09119999,0.08951002,0.09099998,775.20546266
2018-01-11T05:10:00Z,0.09099998,0.09157365,0.09010659,0.09101858,2580.51424103
2018-01-11T05:15:00Z,0.09101858,0.09135017,0.0904986,0.091,1127.16929711
2018-01-11T05:20:00Z,0.091,0.09105899,0.0893507,0.09053728,1489.10094101
2018-01-11T05:25:00Z,0.09053728,0.09105899,0.08959683,0.09000003,890.42412921
2018-01-11T05:30:00Z,0.09049997,0.09049997,0.08947871,0.08999998,590.31325096
2018-01-11T05:35:00Z,0.09,0.09036799,0.0895,0.0898,1220.04544354
2018-01-11T05:40:00Z,0.0898,0.09036797,0.08960955,0.09,455.6030262
2018-01-11T05:45:00Z,0.09,0.09032919,0.08851199,0.08863919,1057.21244743
2018-01-11T05:50:00Z,0.0888703,0.08968265,0.08807596,0.08818993,894.60969869
2018-01-11T05:55:00Z,0.08818994,0.08918475,0.08778355,0.08787514,948.49948484
2018-01-11T06:00:00Z,0.0880024,0.08936985,0.08778355,0.08801315,973.10100631
2018-01-11T06:05:00Z,0.08801315,0.08899957,0.08778355,0.08868367,692.49778914
2018-01-11T06:10:00Z,0.08854735,0.08868367,0.08778366,0.08829976,773.91669486
2018-01-11T06:15:00Z,0.08829976,0.08829978,0.08781905,0.08829687,428.04929828
2018-01-11T06:20:00Z,0.08829685,0.08829686,0.08737386,0.08779398,461.55604904
2018-01-11T06:25:00Z,0.08779397,0.0883,0.08737387,0.08815,1117.23193408
2018-01-11T06:30:00Z,0.08815,0.0896686,0.08809001,0.08879471,717.58171553
2018-01-11T06:35:00Z,0.08935574,0.08950496,0.08879472,0.0892794,393.50612702
2018-01-11T06:40:00Z,0.08890007,0.08999999,0.0888,0.08994599,1091.00693618
2018-01-11T06:45:00Z,0.08975099,0.08994599,0.08847178,0.08927998,645.39213743
2018-01-11T06:50:00Z,0.08927998,0.09051156,0.08760104,0.08933939,584.7871295
2018-01-11T06:55:00Z,0.08933939,0.09032498,0.08900604,0.09032495,588.93357205
2018-01-11T07:00:00Z,0.09,0.09032493,0.08910009,0.08910028,675.37459361
2018-01-11T07:05:00Z,0.0895,0.09014,0.08910501,0.08977304,692.97548885
2018-01-11T07:10:00Z,0.089995,0.09,0.08960001,0.08999999,960.34846241
2018-01-11T07:15:00Z,0.08999999,0.09011228,0.08910012,0.08969,452.52257046
2018-01-11T07:20:00Z,0.08973411,0.09056712,0.08973411,0.09032127,625.01922068
2018-01-11T07:25:00Z,0.09055239,0.09072829,0.0899,0.0901999,451.29624183
2018-01-11T07:30:00Z,0.0901999,0.09032089,0.08973411,0.08973411,301.43462894
2018-01-11T07:35:00Z,0.08999981,0.0902,0.08949905,0.08979994,314.13836152
2018-01-11T07:40:00Z,0.08979993,0.09087242,0.08949913,0.09072827,825.64461435
2018-01-11T07:45:00Z,0.09045009,0.09135013,0.09045006,0.09099649,1025.14221823
2018-01-11T07:50:00Z,0.09099649,0.09099657,0.09045009,0.09098365,686.11145692
2018-01-11T07:55:00Z,0.09071004,0.0915,0.09054501,0.09139497,680.57756291
2018-01-11T08:00:00Z,0.09129996,0.09154635,0.09052024,0.0910007,610.1383968
2018-01-11T08:05:00Z,0.0910007,0.09144765,0.09052481,0.09084225,369.28583342
2018-01-11T08:10:00Z,0.09084225,0.09098,0.08990002,0.09,576.71650023
2018-01-11T08:15:00Z,0.09,0.0907847,0.08964163,0.0905998,230.89081369
2018-01-11T08:20:00Z,0.08972001,0.09059975,0.0896304,0.08964191,813.47285501
2018-01-11T08:25:00Z,0.0901299,0.0906,0.08964192,0.09016001,454.50715817
2018-01-11T08:30:00Z,0.09016001,0.09054799,0.0898,0.08995263,616.71433412
2018-01-11T08:35:00Z,0.09011,0.09011,0.0895,0.08950272,497.74577923
2018-01-11T08:40:00Z,0.08999999,0.09010969,0.0893012,0.08938429,224.4691466
2018-01-11T08:45:00Z,0.08938429,0.08989998,0.08915253,0.0895,228.26734089
2018-01-11T08:50:00Z,0.08930001,0.0902999,0.0892,0.09,792.7538928
2018-01-11T08:55:00Z,0.0898,0.09029991,0.08950001,0.09019999,294.97588731
2018-01-11T09:00:00Z,0.09019005,0.09082976,0.09019005,0.09062887,476.15627791
2018-01-11T09:05:00Z,0.09062888,0.09082974,0.09040001,0.09045,216.11032261
2018-01-11T09:10:00Z,0.0905,0.0909843,0.09041001,0.09074874,309.66344863
2018-01-11T09:15:00Z,0.09098418,0.091,0.09041002,0.09041002,445.66377825
2018-01-11T09:20:00Z,0.09059,0.090899,0.09041002,0.09079998,129.79596118
2018-01-11T09:25:00Z,0.09079998,0.09099999,0.09041001,0.09079999,330.23908212
2018-01-11T09:30:00Z,0.09079999,0.0911,0.09052654,0.09108,278.44168891
2018-01-11T09:35:00Z,0.091,0.0912,0.09088989,0.09089998,509.53346847
2018-01-11T09:40:00Z,0.09089998,0.091,0.09020001,0.09020001,538.35006426
2018-01-11T09:45:00Z,0.09049969,0.09089824,0.0902,0.09088995,334.08918759
2018-01-11T09:50:00Z,0.09054,0.090893,0.0902,0.090748,85.13424191
2018-01-11T09:55:00Z,0.090748,0.09079,0.09050001,0.0907488,237.65402924
2018-01-11T10:00:00Z,0.0907488,0.0908,0.09050001,0.09061,164.2550118
2018-01-11T10:05:00Z,0.09059999,0.09061,0.090449,0.09058499,256.38004953
2018-01-11T10:10:00Z,0.09058499,0.09058499,0.0902,0.09049635,199.39546676
2018-01-11T10:15:00Z,0.09049635,0.09049635,0.09,0.09020937,151.65825922
2018-01-11T10:20:00Z,0.09018021,0.09023501,0.09,0.09019962,221.40663408
2018-01-11T10:25:00Z,0.09000001,0.09019961,0.0897,0.0897,354.73361172
2018-01-11T10:30:00Z,0.0897,0.0900011,0.08963752,0.08999,156.22053167
2018-01-11T10:35:00Z,0.08977608,0.0899882,0.08977608,0.08980006,116.37783573
2018-01-11T10:40:00Z,0.08980006,0.08994,0.0895,0.0895,303.54150724
2018-01-11T10:45:00Z,0.08980005,0.08980005,0.0895,0.08976,160.46436403
2018-01-11T10:50:00Z,0.089782,0.089785,0.08915252,0.08921501,237.16689799
2018-01-11T10:55:00Z,0.08953471,0.08953471,0.0890525,0.0890525,294.31356626
2018-01-11T11:00:00Z,0.0890525,0.0890525,0.08861001,0.088705,447.90772628
2018-01-11T11:05:00Z,0.088705,0.08950298,0.08859269,0.08934896,666.77771717
2018-01-11T11:10:00Z,0.08934896,0.08953498,0.08849056,0.08849081,2143.99718666
2018-01-11T11:15:00Z,0.0885,0.0885,0.08806112,0.08812,591.58167806
2018-01-11T11:20:00Z,0.08812,0.08818992,0.0874,0.0875,719.91711747
2018-01-11T11:25:00Z,0.0875,0.0875,0.08726001,0.0875,827.78562589
2018-01-11T11:30:00Z,0.0875,0.08799998,0.087,0.08733289,654.69899994
2018-01-11T11:35:00Z,0.087,0.08818988,0.08684365,0.08796851,904.46616357
2018-01-11T11:40:00Z,0.08796851,0.08893498,0.08746004,0.08805004,509.14754915
2018-01-11T11:45:00Z,0.0884903,0.08879983,0.08802,0.08864,289.083286
2018-01-11T11:50:00Z,0.08864,0.08915425,0.08831623,0.08893729,379.19918631
2018-01-11T11:55:00Z,0.08893725,0.08893725,0.08831623,0.08880949,212.45167232
2018-01-11T12:00:00Z,0.08880965,0.08880987,0.0873401,0.0879,209.49796089
2018-01-11T12:05:00Z,0.0879,0.08799998,0.087396,0.08794998,277.37767414
2018-01-11T12:10:00Z,0.0876092,0.08795556,0.08756366,0.08789989,228.6577857
2018-01-11T12:15:00Z,0.08789989,0.0879,0.08750005,0.08789988,119.3720289
2018-01-11T12:20:00Z,0.08789988,0.08861142,0.08777002,0.088,312.62830239
2018-01-11T12:25:00Z,0.088,0.08812497,0.08765445,0.08765447,239.78839358
2018-01-11T12:30:00Z,0.08765448,0.08793549,0.08765447,0.08791263,121.57053192
2018-01-11T12:35:00Z,0.08765452,0.08791285,0.0875,0.0875,463.38905134
2018-01-11T12:40:00Z,0.0876546,0.08867753,0.0874,0.08788786,342.82934802
2018-01-11T12:45:00Z,0.08750562,0.08804982,0.08700102,0.08788989,413.35502161
2018-01-11T12:50:00Z,0.08730001,0.08788981,0.08700107,0.08721764,519.54429012
2018-01-11T12:55:00Z,0.08741,0.08892999,0.087,0.087456,987.01458274
2018-01-11T13:00:00Z,0.087,0.08745599,0.08650002,0.08697698,357.43236853
2018-01-11T13:05:00Z,0.08697698,0.086977,0.0865,0.08689992,241.28950216
2018-01-11T13:10:00Z,0.08689992,0.08697697,0.0863,0.08694422,368.50614078
2018-01-11T13:15:00Z,0.08694421,0.087,0.08650069,0.08691247,277.4305771
2018-01-11T13:20:00Z,0.08691247,0.08738987,0.08621237,0.08662999,232.32967233
2018-01-11T13:25:00Z,0.08662999,0.08662999,0.0863,0.08634001,170.73905097
2018-01-11T13:30:00Z,0.08634001,0.08661943,0.08621237,0.08646994,216.142969
2018-01-11T13:35:00Z,0.08645,0.08646993,0.085889,0.0863568,842.29643448
2018-01-11T13:40:00Z,0.0863568,0.08699984,0.085,0.08666162,2070.1946142
2018-01-11T13:45:00Z,0.0867695,0.08699298,0.08612942,0.0868687,412.32894245
2018-01-11T13:50:00Z,0.0868687,0.08722864,0.0868687,0.08695564,467.82437031
2018-01-11T13:55:00Z,0.08716864,0.08749999,0.08686879,0.08730003,528.87334611
2018-01-11T14:00:00Z,0.08730003,0.088,0.0873,0.08768833,732.28204474
2018-01-11T14:05:00Z,0.087906,0.088937,0.08768833,0.08838663,1102.00045405
2018-01-11T14:10:00Z,0.08838663,0.088831,0.08786203,0.08786208,448.44241769
2018-01-11T14:15:00Z,0.08786208,0.08855853,0.08768836,0.0883,215.30588866
2018-01-11T14:20:00Z,0.0883,0.08875891,0.08792606,0.08854288,358.13533332
2018-01-11T14:25:00Z,0.08854287,0.08854287,0.08721741,0.0877223,524.31713384
2018-01-11T14:30:00Z,0.08753385,0.08810899,0.08696336,0.08782995,550.97894132
2018-01-11T14:35:00Z,0.08782995,0.08836,0.08727119,0.08794098,214.98215109
2018-01-11T14:40:00Z,0.08727136,0.08794096,0.08701005,0.08716,805.96538576
2018-01-11T14:45:00Z,0.08716,0.08792998,0.08702243,0.08745029,790.31512288
2018-01-11T14:50:00Z,0.08717609,0.08773888,0.08649999,0.08649999,622.06724508
2018-01-11T14:55:00Z,0.08649999,0.0867988,0.08590001,0.086026,771.54391233
2018-01-11T15:00:00Z,0.086026,0.08624248,0.08590001,0.08624248,747.3064806
2018-01-11T15:05:00Z,0.08624248,0.08689549,0.08552,0.08687496,1049.29663973
2018-01-11T15:10:00Z,0.08687495,0.08688781,0.08575002,0.08681491,1131.19768775
2018-01-11T15:15:00Z,0.08638087,0.08740001,0.08620008,0.0874,469.13017169
2018-01-11T15:20:00Z,0.0874,0.08766783,0.08681489,0.08737553,510.49667287
2018-01-11T15:25:00Z,0.08737553,0.08737553,0.08674995,0.08730009,502.72630575
2018-01-11T15:30:00Z,0.08707414,0.08737551,0.08707414,0.08730011,254.909711
2018-01-11T15:35:00Z,0.08737551,0.08773895,0.08730011,0.0874,486.51286255
2018-01-11T15:40:00Z,0.08748739,0.08783895,0.0873756,0.08773893,300.9915525
2018-01-11T15:45:00Z,0.08773893,0.08783894,0.0873756,0.0873756,829.95963742
2018-01-11T15:50:00Z,0.0873756,0.087737,0.08644,0.08740002,674.3512358
2018-01-11T15:55:00Z,0.08740001,0.08783893,0.08729831,0.087301,351.33374972
2018-01-11T16:00:00Z,0.087301,0.08772095,0.08711,0.08770596,222.76892212
2018-01-11T16:05:00Z,0.08770097,0.08772,0.08730101,0.08749999,96.83931703
2018-01-11T16:10:00Z,0.08749999,0.08768998,0.08730102,0.08748312,120.42794333
2018-01-11T16:15:00Z,0.08731004,0.08748312,0.087301,0.087301,326.28324094
2018-01-11T16:20:00Z,0.08730101,0.0875131,0.087301,0.08730101,194.22489943
2018-01-11T16:25:00Z,0.087301,0.0877,0.0873009,0.08748998,191.27201835
2018-01-11T16:30:00Z,0.08749,0.08769999,0.087301,0.08732004,116.08423449
2018-01-11T16:35:00Z,0.08748981,0.08794299,0.087301,0.08794101,154.42512357
2018-01-11T16:40:00Z,0.08794101,0.088,0.08735001,0.08799994,245.0312876
2018-01-11T16:45:00Z,0.088,0.08833997,0.08794101,0.08794112,332.27267172
2018-01-11T16:50:00Z,0.087941,0.08821997,0.08758699,0.08775501,208.14247294
2018-01-11T16:55:00Z,0.08775502,0.08845499,0.08760002,0.08806374,336.23462895
2018-01-11T17:00:00Z,0.08781759,0.08809969,0.0878,0.0880637,384.35084168
2018-01-11T17:05:00Z,0.08800006,0.08912091,0.088,0.089,402.28804354
2018-01-11T17:10:00Z,0.089,0.0891209,0.08810022,0.08835003,190.25970248
2018-01-11T17:15:00Z,0.0885,0.08948477,0.08835003,0.08896767,804.10140542
2018-01-11T17:20:00Z,0.08860001,0.08901683,0.08835013,0.08895999,321.62240418
2018-01-11T17:25:00Z,0.08860002,0.08895999,0.08835015,0.0889,173.52164444
2018-01-11T17:30:00Z,0.08885993,0.08947998,0.08885993,0.08900502,269.55771584
2018-01-11T17:35:00Z,0.08900501,0.0895,0.089001,0.0894776,266.33772532
2018-01-11T17:40:00Z,0.0894776,0.08986915,0.0891,0.0893,588.50880871
2018-01-11T17:45:00Z,0.08929837,0.08984499,0.08920912,0.0892984,209.50987783
2018-01-11T17:50:00Z,0.08921008,0.0893,0.089001,0.089001,260.15166519
2018-01-11T17:55:00Z,0.089001,0.08921006,0.08878135,0.08921005,320.32040955
2018-01-11T18:00:00Z,0.08921004,0.08921006,0.08900104,0.08920998,220.90476331
2018-01-11T18:05:00Z,0.08920998,0.08920999,0.089,0.08900108,104.81875591
2018-01-11T18:10:00Z,0.08900108,0.08929832,0.089,0.08921,220.43690615
2018-01-11T18:15:00Z,0.08921,0.08993498,0.0888003,0.08900001,80.38234748
2018-01-11T18:20:00Z,0.08900001,0.0891005,0.0888003,0.08894978,187.06919618
2018-01-11T18:25:00Z,0.08894978,0.08939,0.08891887,0.08905944,186.356989
2018-01-11T18:30:00Z,0.08905944,0.08960878,0.08891885,0.08891885,168.04010245
2018-01-11T18:35:00Z,0.08891885,0.0892,0.08883001,0.0890449,182.66215272
2018-01-11T18:40:00Z,0.08904494,0.08904494,0.0888003,0.08904491,221.16089798
2018-01-11T18:45:00Z,0.08904491,0.08904493,0.0887814,0.08904493,71.15185861
2018-01-11T18:50:00Z,0.08904493,0.0892,0.08904492,0.08919,97.94049763
2018-01-11T18:55:00Z,0.08919,0.08955999,0.089,0.08904495,195.48417544
2018-01-11T19:00:00Z,0.08904495,0.08910001,0.0885,0.0887655,130.37750298
2018-01-11T19:05:00Z,0.0887655,0.0889999,0.08840401,0.08840402,67.42285534
2018-01-11T19:10:00Z,0.08841,0.0886002,0.087999,0.08845436,102.15540177
2018-01-11T19:15:00Z,0.08847438,0.08857999,0.08774935,0.08806999,230.72969528
2018-01-11T19:20:00Z,0.08790003,0.08836999,0.08766789,0.08784896,170.92605695
2018-01-11T19:25:00Z,0.08784896,0.08784896,0.087301,0.08738957,338.95176879
2018-01-11T19:30:00Z,0.08737204,0.08738957,0.0871003,0.08738957,452.97671187
2018-01-11T19:35:00Z,0.08738957,0.08784884,0.08729999,0.08784875,439.96898011
2018-01-11T19:40:00Z,0.08784875,0.0885,0.08738813,0.08816,474.92470542
2018-01-11T19:45:00Z,0.08838,0.0885,0.08729999,0.08819999,162.77293468
2018-01-11T19:50:00Z,0.08819999,0.08819999,0.08737438,0.08818781,331.48175552
2018-01-11T19:55:00Z,0.088,0.08818783,0.08760903,0.08810767,169.0830799
2018-01-11T20:00:00Z,0.08772005,0.08810766,0.08739109,0.08758751,144.45836663
2018-01-11T20:05:00Z,0.08758751,0.088,0.08757,0.08771,174.33442004
2018-01-11T20:10:00Z,0.08771,0.08798999,0.08761001,0.0879898,138.2391036
2018-01-11T20:15:00Z,0.08794793,0.08798999,0.08751,0.08751,335.99333675
2018-01-11T20:20:00Z,0.08753749,0.08756,0.0873845,0.08746,157.6857582
2018-01-11T20:25:00Z,0.08746,0.08799999,0.08729999,0.0879,101.04708565
2018-01-11T20:30:00Z,0.08799989,0.0881878,0.08790001,0.088079,159.77193338
2018-01-11T20:35:00Z,0.0881878,0.08837996,0.08790001,0.0882836,110.37960173
2018-01-11T20:40:00Z,0.08822516,0.0882836,0.087915,0.08793104,115.1731877
2018-01-11T20:45:00Z,0.08793104,0.08815,0.08764,0.08814498,167.65990098
2018-01-11T20:50:00Z,0.088,0.08814499,0.08764003,0.0881148,92.12851305
2018-01-11T20:55:00Z,0.0881,0.08814497,0.08780005,0.0881448,121.35474653
2018-01-11T21:00:00Z,0.0881448,0.0881448,0.08780002,0.08780003,147.76467856
2018-01-11T21:05:00Z,0.08780002,0.08780003,0.08730002,0.08756793,122.24480436
2018-01-11T21:10:00Z,0.08730004,0.08779986,0.08730004,0.08779986,154.33076595
2018-01-11T21:15:00Z,0.08774838,0.08809994,0.0876,0.08809982,215.15649238
2018-01-11T21:20:00Z,0.08774837,0.08799991,0.0875,0.08799692,132.48017877
2018-01-11T21:25:00Z,0.08794,0.08808299,0.0875001,0.088,149.84096683
2018-01-11T21:30:00Z,0.08800001,0.08814496,0.08799692,0.08814479,400.38399892
2018-01-11T21:35:00Z,0.08814479,0.0885,0.0877,0.08838,265.02559129
2018-01-11T21:40:00Z,0.08838,0.08849999,0.08750013,0.08811495,188.01194476
2018-01-11T21:45:00Z,0.08770001,0.08811997,0.08750503,0.0879,125.55704708
2018-01-11T21:50:00Z,0.0879,0.08802729,0.08730004,0.08781984,307.00086806
2018-01-11T21:55:00Z,0.08781983,0.08781983,0.0873,0.0877,138.48627968
2018-01-11T22:00:00Z,0.08734004,0.08774988,0.0871003,0.08774988,355.58173705
2018-01-11T22:05:00Z,0.08741,0.08775,0.08741,0.0874425,103.88741218
2018-01-11T22:10:00Z,0.0874425,0.08774899,0.08724,0.08734999,194.93711126
2018-01-11T22:15:00Z,0.08728,0.08812,0.087262,0.08798489,544.40592797
2018-01-11T22:20:00Z,0.08775005,0.08808198,0.08724001,0.088,133.8268661
2018-01-11T22:25:00Z,0.08799999,0.08801949,0.08731601,0.08732976,94.86135101
2018-01-11T22:30:00Z,0.0877,0.08794864,0.08704481,0.08759999,287.96281837
2018-01-11T22:35:00Z,0.08759998,0.08794799,0.08704479,0.08704991,423.26146554
2018-01-11T22:40:00Z,0.08704991,0.08749997,0.08670001,0.08727999,451.39867777
2018-01-11T22:45:00Z,0.08689,0.08727998,0.0861,0.08684196,648.82806262
2018-01-11T22:50:00Z,0.08684197,0.087,0.08556001,0.08556001,705.54072732
2018-01-11T22:55:00Z,0.08562,0.08689838,0.08555015,0.08669999,913.32280709
2018-01-11T23:00:00Z,0.08622581,0.08678519,0.08599999,0.086,569.00429697
2018-01-11T23:05:00Z,0.086,0.08649982,0.08559121,0.08649976,322.942364
2018-01-11T23:10:00Z,0.08649974,0.08649974,0.0851,0.0855,411.88037905
2018-01-11T23:15:00Z,0.08549,0.08576999,0.08511,0.08576559,313.14010728
2018-01-11T23:20:00Z,0.08576559,0.08601998,0.0855,0.08574407,430.88220948
2018-01-11T23:25:00Z,0.08574407,0.08672864,0.08542,0.08578143,751.45775628
2018-01-11T23:30:00Z,0.08578144,0.0864,0.08578143,0.08623994,1004.56545579
2018-01-11T23:35:00Z,0.08625998,0.08671454,0.08550003,0.08664099,420.05922174
2018-01-11T23:40:00Z,0.0859475,0.08664098,0.0859474,0.08604595,310.16760379
2018-01-11T23:45:00Z,0.08604601,0.08604601,0.0858,0.08604601,154.37270568
2018-01-11T23:50:00Z,0.08639993,0.08639993,0.08537756,0.08602861,299.48954023
2018-01-11T23:55:00Z,0.08602861,0.08619988,0.085,0.08528692,488.34020363
2018-01-12T00:00:00Z,0.08563865,0.08639966,0.08528686,0.08569577,684.8776766
2018-01-12T00:05:00Z,0.08593812,0.08628299,0.08543461,0.08621998,691.35910743
2018-01-12T00:10:00Z,0.08563564,0.08621,0.085,0.08521284,423.08957418
2018-01-12T00:15:00Z,0.08534925,0.08599968,0.08489001,0.08572626,683.83275282
2018-01-12T00:20:00Z,0.08582251,0.08582251,0.08510002,0.08565006,406.42844623
2018-01-12T00:25:00Z,0.08565006,0.085823,0.08489,0.08539334,476.32729363
2018-01-12T00:30:00Z,0.08530836,0.08553114,0.0845,0.08499997,378.085452
2018-01-12T00:35:00Z,0.08499997,0.08539341,0.0845,0.08471693,203.40867905
2018-01-12T00:40:00Z,0.08530819,0.08530819,0.08471692,0.08491509,294.0357321
2018-01-12T00:45:00Z,0.08471731,0.08599997,0.084717,0.08581877,415.63256545
2018-01-12T00:50:00Z,0.08581877,0.08609983,0.0855,0.08550001,403.85313599
2018-01-12T00:55:00Z,0.0855,0.08609995,0.0855,0.08579794,363.01548662
2018-01-12T01:00:00Z,0.08579804,0.08647423,0.08550055,0.086473,144.85684388
2018-01-12T01:05:00Z,0.08609798,0.08647398,0.0858,0.08599697,246.75534121
2018-01-12T01:10:00Z,0.0858,0.0862,0.0858,0.08608599,171.36782932
2018-01-12T01:15:00Z,0.08608599,0.0864,0.08580015,0.0864,322.67103631
2018-01-12T01:20:00Z,0.0864,0.0866,0.08619001,0.0866,162.30798704
2018-01-12T01:25:00Z,0.08623525,0.0866,0.086,0.08618567,213.59479936
2018-01-12T01:30:00Z,0.08646507,0.08648976,0.08581002,0.0861898,233.14561974
2018-01-12T01:35:00Z,0.08618,0.08666,0.08581003,0.08666,131.71363593
2018-01-12T01:40:00Z,0.08642267,0.08749535,0.08629093,0.0868,262.65654735
2018-01-12T01:45:00Z,0.08722998,0.08722998,0.0868,0.08688709,169.60387243
2018-01-12T01:50:00Z,0.087216,0.08751496,0.08681001,0.08751496,171.57547856
2018-01-12T01:55:00Z,0.08751496,0.0877,0.0872783,0.08751899,145.98671421
2018-01-12T02:00:00Z,0.08751892,0.08777647,0.08728901,0.08771,267.89809338
2018-01-12T02:05:00Z,0.08777647,0.08784251,0.0875,0.08775319,608.07902921
2018-01-12T02:10:00Z,0.08775318,0.08799091,0.08729903,0.08746492,301.45439818
2018-01-12T02:15:00Z,0.08755628,0.08779997,0.087299,0.08756234,222.68352313
2018-01-12T02:20:00Z,0.0872992,0.08790215,0.08728901,0.08772538,212.40191128
2018-01-12T02:25:00Z,0.08772538,0.08772539,0.08700002,0.08700002,122.48350278
2018-01-12T02:30:00Z,0.08754999,0.08754999,0.08699999,0.08742999,172.5411588
2018-01-12T02:35:00Z,0.08742999,0.0877254,0.08742999,0.08742999,176.80271213
2018-01-12T02:40:00Z,0.087599,0.08772537,0.08742999,0.08771784,115.9268219
2018-01-12T02:45:00Z,0.08771784,0.08772488,0.08709531,0.08769871,170.06767817
2018-01-12T02:50:00Z,0.08769871,0.08769871,0.087,0.0872,189.78099458
2018-01-12T02:55:00Z,0.08744973,0.08769847,0.0872,0.08730122,99.76719366
2018-01-12T03:00:00Z,0.08765986,0.0877254,0.08730204,0.0877254,219.80813138
2018-01-12T03:05:00Z,0.08739505,0.08799092,0.08739505,0.08772613,153.02736879
2018-01-12T03:10:00Z,0.08772613,0.088,0.08772613,0.08789308,367.08451542
2018-01-12T03:15:00Z,0.08789308,0.088,0.08772889,0.08799778,405.05339495
2018-01-12T03:20:00Z,0.08775,0.087998,0.08772889,0.08799794,366.42194304
2018-01-12T03:25:00Z,0.08772892,0.088,0.08772892,0.08772901,217.52156057
2018-01-12T03:30:00Z,0.08772901,0.08799581,0.08772896,0.08773994,335.72734377
2018-01-12T03:35:00Z,0.08772896,0.08799545,0.08772894,0.0878999,506.32169866
2018-01-12T03:40:00Z,0.0878999,0.08835,0.08774008,0.0882748,459.54166396
2018-01-12T03:45:00Z,0.08829996,0.0885,0.0882146,0.08830009,287.55038681
2018-01-12T03:50:00Z,0.08830006,0.08848995,0.08820492,0.088299,349.22248084
2018-01-12T03:55:00Z,0.08820495,0.088478,0.08820495,0.088387,214.6994473
2018-01-12T04:00:00Z,0.088387,0.0885,0.08820492,0.08820492,327.45823669
2018-01-12T04:05:00Z,0.08820501,0.08845898,0.0882,0.0882045,155.20123013
2018-01-12T04:10:00Z,0.0882045,0.08829823,0.08799999,0.0882,330.70235065
2018-01-12T04:15:00Z,0.0882,0.0882,0.08800002,0.08818995,216.21905193
2018-01-12T04:20:00Z,0.08818995,0.08840898,0.088,0.08818892,256.39403802
2018-01-12T04:25:00Z,0.08818892,0.08818892,0.0877289,0.088139,125.32813848
2018-01-12T04:30:00Z,0.088139,0.08839823,0.08772889,0.088,202.47409296
2018-01-12T04:35:00Z,0.088,0.08839598,0.08799999,0.08831496,83.01259049
2018-01-12T04:40:00Z,0.08800002,0.08831495,0.0879,0.088,192.13818131
2018-01-12T04:45:00Z,0.088,0.08810001,0.08773901,0.08800001,215.05766698
2018-01-12T04:50:00Z,0.08800001,0.0885,0.088,0.0885,335.53932874
2018-01-12T04:55:00Z,0.0885,0.0885,0.08737906,0.08849998,464.46311194
2018-01-12T05:00:00Z,0.08849993,0.08849998,0.088,0.08849,454.76603974
2018-01-12T05:05:00Z,0.08849,0.08929999,0.08800064,0.08926204,1124.93298986
2018-01-12T05:10:00Z,0.089121,0.0895,0.0886885,0.0893001,633.7207658
2018-01-12T05:15:00Z,0.0893001,0.0895,0.08838222,0.08838245,298.7200142
2018-01-12T05:20:00Z,0.08838248,0.08922993,0.08838248,0.08922323,198.80655426
2018-01-12T05:25:00Z,0.08922323,0.08950193,0.0889999,0.08903038,317.93474798
2018-01-12T05:30:00Z,0.08939986,0.08978542,0.08903039,0.08978541,291.48956735
2018-01-12T05:35:00Z,0.08945,0.089899,0.08912101,0.0896,400.76093825
2018-01-12T05:40:00Z,0.0896,0.0898,0.08939327,0.08950231,515.31986722
2018-01-12T05:45:00Z,0.08950231,0.08979985,0.08904537,0.0895,121.63452609
2018-01-12T05:50:00Z,0.08959997,0.08979,0.08877001,0.08934498,572.06288469
2018-01-12T05:55:00Z,0.0895,0.08961991,0.08880253,0.08912864,234.11286517
2018-01-12T06:00:00Z,0.08900005,0.0896199,0.089,0.08924803,196.55178746
2018-01-12T06:05:00Z,0.0896199,0.08970538,0.0888889,0.08901,829.34527065
2018-01-12T06:10:00Z,0.08901013,0.08959998,0.08900002,0.08936646,427.34393023
2018-01-12T06:15:00Z,0.08900004,0.08949998,0.08900001,0.08900012,312.33105079
2018-01-12T06:20:00Z,0.0891,0.08948688,0.08900008,0.08930995,485.76921562
2018-01-12T06:25:00Z,0.08930994,0.08930994,0.08860001,0.08900012,296.81349042
2018-01-12T06:30:00Z,0.08900012,0.08909994,0.08882123,0.08900007,126.88908589
2018-01-12T06:35:00Z,0.08900007,0.08900007,0.08761172,0.08877835,435.81501501
2018-01-12T06:40:00Z,0.08877837,0.0888,0.08854264,0.0886711,116.31523589
2018-01-12T06:45:00Z,0.0887995,0.08879994,0.088,0.08854186,571.40351592
2018-01-12T06:50:00Z,0.08854186,0.08879999,0.08814254,0.08854263,506.82617188
2018-01-12T06:55:00Z,0.08825007,0.08869999,0.08822018,0.088223,421.81110432
2018-01-12T07:00:00Z,0.08822018,0.0886984,0.088,0.08869839,416.00540197
2018-01-12T07:05:00Z,0.0886,0.08869999,0.08827212,0.08866895,215.81144925
2018-01-12T07:10:00Z,0.08866893,0.08909992,0.08827221,0.08909987,338.08555717
2018-01-12T07:15:00Z,0.089,0.08919997,0.088516,0.08902,562.77492722
2018-01-12T07:20:00Z,0.08902,0.08902,0.08851149,0.08871001,337.00076766
2018-01-12T07:25:00Z,0.08871001,0.08871001,0.08842304,0.08869992,307.03003072
2018-01-12T07:30:00Z,0.088699,0.0887,0.0883001,0.08869989,355.47224923
2018-01-12T07:35:00Z,0.08841,0.0889,0.08841,0.08889997,309.73469652
2018-01-12T07:40:00Z,0.08889997,0.0889,0.08841001,0.08879889,164.55681186
2018-01-12T07:45:00Z,0.08851241,0.08889909,0.08831236,0.0886443,272.57145998
2018-01-12T07:50:00Z,0.08878961,0.088999,0.0882261,0.08849993,499.6721765
2018-01-12T07:55:00Z,0.08849993,0.08889998,0.08830001,0.08871825,355.49074911
2018-01-12T08:00:00Z,0.08850002,0.089,0.08834,0.089,168.5658581
2018-01-12T08:05:00Z,0.089,0.0891619,0.08839,0.08884872,325.24084507
2018-01-12T08:10:00Z,0.08884872,0.08884872,0.08833101,0.0884999,289.83896733
2018-01-12T08:15:00Z,0.08833102,0.0884999,0.08804626,0.088331,202.59744898
2018-01-12T08:20:00Z,0.088331,0.0887949,0.08803002,0.08876995,159.35292388
2018-01-12T08:25:00Z,0.08875995,0.08876981,0.0884,0.08873989,297.23942861
2018-01-12T08:30:00Z,0.08840002,0.08873899,0.08840001,0.088599,154.25319509
2018-01-12T08:35:00Z,0.088599,0.08876981,0.08841001,0.08859888,261.38632186
2018-01-12T08:40:00Z,0.08859888,0.088599,0.08807002,0.08840988,143.50193099
2018-01-12T08:45:00Z,0.08840987,0.0885845,0.08815803,0.08830001,176.64747384
2018-01-12T08:50:00Z,0.08851892,0.08851893,0.08800003,0.08834999,708.02503083
2018-01-12T08:55:00Z,0.08834999,0.08847669,0.08815802,0.088288,216.54621769
2018-01-12T09:00:00Z,0.08831,0.08839917,0.08800002,0.0881,372.52460326
2018-01-12T09:05:00Z,0.0881,0.0881,0.087665,0.08777184,260.14511931
2018-01-12T09:10:00Z,0.08777184,0.08800002,0.0877,0.088,144.75368153
2018-01-12T09:15:00Z,0.088,0.08828989,0.08777187,0.08799992,153.95099018
2018-01-12T09:20:00Z,0.08799983,0.088,0.08777184,0.088,94.94106767
2018-01-12T09:25:00Z,0.08790001,0.0881,0.08790001,0.08799993,147.87188815
2018-01-12T09:30:00Z,0.08799993,0.08799999,0.08790005,0.08791005,136.4202642
2018-01-12T09:35:00Z,0.08791499,0.08828921,0.08791002,0.08800002,331.69780739
2018-01-12T09:40:00Z,0.0881,0.08827988,0.08784749,0.08784749,943.72254916
2018-01-12T09:45:00Z,0.08784749,0.08819892,0.0875,0.08758233,308.97245272
2018-01-12T09:50:00Z,0.0876001,0.08799968,0.08758232,0.08795686,198.90647803
2018-01-12T09:55:00Z,0.08795686,0.0879998,0.08767754,0.08788739,126.55204742
2018-01-12T10:00:00Z,0.087887,0.0878876,0.08768776,0.08788759,217.92090536
2018-01-12T10:05:00Z,0.08788759,0.08788759,0.0876,0.08788691,159.71066467
2018-01-12T10:10:00Z,0.08767758,0.08809991,0.08756933,0.08796624,157.42674337
2018-01-12T10:15:00Z,0.08796615,0.08796615,0.08700807,0.08749558,242.12886455
2018-01-12T10:20:00Z,0.08739916,0.08777749,0.08700804,0.08756934,150.6917515
2018-01-12T10:25:00Z,0.08756934,0.08785509,0.08730002,0.08767,215.23633875
2018-01-12T10:30:00Z,0.08767,0.08785092,0.0873005,0.08730057,230.45161111
2018-01-12T10:35:00Z,0.08730057,0.08783995,0.08730056,0.08759999,182.38673689
2018-01-12T10:40:00Z,0.08759998,0.08784,0.087306,0.08759885,161.10734378
2018-01-12T10:45:00Z,0.0875,0.08759885,0.08730599,0.08731,215.42408548
2018-01-12T10:50:00Z,0.08731,0.08731,0.08700804,0.08700804,238.34011568
2018-01-12T10:55:00Z,0.08704899,0.08719,0.087,0.087,268.70919822
2018-01-12T11:00:00Z,0.087,0.08797972,0.087,0.08709691,310.72390813
2018-01-12T11:05:00Z,0.08709691,0.08709691,0.0867,0.08681,192.1741455
2018-01-12T11:10:00Z,0.0869093,0.08702974,0.0866,0.08662971,215.43955793
2018-01-12T11:15:00Z,0.08693678,0.08747367,0.0865101,0.08680001,415.70341419
2018-01-12T11:20:00Z,0.08680001,0.08779998,0.08680001,0.08779984,239.9397881
2018-01-12T11:25:00Z,0.08747345,0.08775484,0.08710003,0.08743998,202.755994
2018-01-12T11:30:00Z,0.08743998,0.08767772,0.08712003,0.08755751,270.48169843
2018-01-12T11:35:00Z,0.08755751,0.08779999,0.08721051,0.08755989,188.1602139
2018-01-12T11:40:00Z,0.0876,0.08779869,0.08730002,0.08740008,181.92525595
2018-01-12T11:45:00Z,0.08740008,0.0878,0.08722,0.087495,186.90129618
2018-01-12T11:50:00Z,0.087495,0.08758249,0.087425,0.08758,350.55904115
2018-01-12T11:55:00Z,0.08758,0.08758249,0.08712516,0.08758249,335.93576371
2018-01-12T12:00:00Z,0.08731003,0.08817998,0.08731003,0.08799996,309.35559152
2018-01-12T12:05:00Z,0.08799996,0.08799996,0.08758245,0.08769998,268.78772573
2018-01-12T12:10:00Z,0.08787992,0.0882,0.08758246,0.0877,269.39856331
2018-01-12T12:15:00Z,0.08817794,0.08817801,0.0877,0.08780034,165.89951021
2018-01-12T12:20:00Z,0.08805996,0.08825999,0.0878003,0.08805713,192.99358073
2018-01-12T12:25:00Z,0.08806407,0.08824802,0.08805713,0.0882399,291.99229522
2018-01-12T12:30:00Z,0.0882399,0.08929248,0.08810011,0.08915252,530.02521762
2018-01-12T12:35:00Z,0.08901003,0.08959996,0.08860001,0.08955999,610.80522036
2018-01-12T12:40:00Z,0.08955999,0.08978998,0.08888299,0.08949995,747.35104625
2018-01-12T12:45:00Z,0.08949995,0.0899,0.08949995,0.0899,868.42601483
2018-01-12T12:50:00Z,0.08989999,0.090812,0.08980003,0.09040003,1581.7141998
2018-01-12T12:55:00Z,0.09050999,0.09101839,0.09000001,0.09097993,711.45773855
2018-01-12T13:00:00Z,0.09097993,0.09102,0.0899,0.08999999,945.36970548
2018-01-12T13:05:00Z,0.0899,0.09050005,0.0899,0.09030116,787.16057413
2018-01-12T13:10:00Z,0.09030116,0.09067815,0.09015853,0.09030001,472.31344703
2018-01-12T13:15:00Z,0.09030001,0.09089998,0.09030001,0.09065001,268.12437448
2018-01-12T13:20:00Z,0.09065,0.0911,0.09038098,0.09109,402.86095006
2018-01-12T13:25:00Z,0.09107999,0.0911,0.09071608,0.09109892,594.67958231
2018-01-12T13:30:00Z,0.09107998,0.09135,0.09099,0.09133644,610.82248944
2018-01-12T13:35:00Z,0.09129001,0.09162365,0.09129001,0.09162365,617.02886964
2018-01-12T13:40:00Z,0.09160021,0.09179,0.09151,0.0917,378.22302023
2018-01-12T13:45:00Z,0.0917,0.09176998,0.09089999,0.09100013,807.28865253
2018-01-12T13:50:00Z,0.09099867,0.09160019,0.09038087,0.09053396,616.45324551
2018-01-12T13:55:00Z,0.09053396,0.09111,0.0903861,0.09090002,361.80470734
2018-01-12T14:00:00Z,0.09090003,0.09179,0.09080503,0.09150001,706.00588008
2018-01-12T14:05:00Z,0.0916,0.09178,0.09097306,0.09159969,593.12759021
2018-01-12T14:10:00Z,0.09148996,0.09176998,0.09115001,0.09140001,452.76847415
2018-01-12T14:15:00Z,0.09140001,0.09164989,0.091,0.09127989,290.26370942
2018-01-12T14:20:00Z,0.09128777,0.09128777,0.0911,0.09127884,217.49348338
2018-01-12T14:25:00Z,0.09120493,0.09143,0.0909,0.09099999,485.21390096
2018-01-12T14:30:00Z,0.09099999,0.09099999,0.09081616,0.09089998,531.38847103
2018-01-12T14:35:00Z,0.09089998,0.091283,0.09072016,0.09100052,275.52525148
2018-01-12T14:40:00Z,0.091281,0.091281,0.091,0.091,461.25394862
2018-01-12T14:45:00Z,0.09116947,0.09127,0.091,0.09116,290.26304066
2018-01-12T14:50:00Z,0.09126988,0.09127,0.0910005,0.09101,257.52282597
2018-01-12T14:55:00Z,0.09102742,0.09113521,0.09070001,0.09088791,310.93462944
2018-01-12T15:00:00Z,0.09105441,0.091429,0.09088792,0.091428,492.75431
2018-01-12T15:05:00Z,0.09106042,0.091429,0.0910005,0.09141896,289.28388922
2018-01-12T15:10:00Z,0.09123711,0.09143,0.0910005,0.09141,283.21428979
2018-01-12T15:15:00Z,0.09140892,0.09141,0.09085974,0.09085974,496.34468408
2018-01-12T15:20:00Z,0.09085974,0.091,0.09071502,0.09074778,511.63315613
2018-01-12T15:25:00Z,0.09071502,0.09074778,0.09050002,0.09064801,291.82107745
2018-01-12T15:30:00Z,0.09064801,0.09115999,0.0903,0.0903903,481.62852461
2018-01-12T15:35:00Z,0.09042796,0.09099499,0.090301,0.09089,316.4573175
2018-01-12T15:40:00Z,0.09089,0.090995,0.0903011,0.09069998,377.17956448
2018-01-12T15:45:00Z,0.09069999,0.09069999,0.09031,0.09039991,179.69874306
2018-01-12T15:50:00Z,0.09039996,0.09039999,0.08985723,0.0901,362.23605845
2018-01-12T15:55:00Z,0.0901,0.0906967,0.09,0.09025019,362.474353
2018-01-12T16:00:00Z,0.09025018,0.09069661,0.09016001,0.09059499,333.52726743
2018-01-12T16:05:00Z,0.09059499,0.091356,0.09059493,0.09129991,386.12243151
2018-01-12T16:10:00Z,0.09129999,0.09129999,0.09069661,0.0908,482.8842428
2018-01-12T16:15:00Z,0.0908,0.0911,0.09052,0.0910001,245.64594733
2018-01-12T16:20:00Z,0.0910001,0.091356,0.09036083,0.09079999,535.10715758
2018-01-12T16:25:00Z,0.09087,0.0909999,0.09039,0.09069992,140.3558476
2018-01-12T16:30:00Z,0.09069992,0.0908,0.09042,0.09069,172.9084259
2018-01-12T16:35:00Z,0.0906008,0.0908,0.0906008,0.09079998,99.74198131
2018-01-12T16:40:00Z,0.09079998,0.09099997,0.09068,0.09099795,171.51059336
2018-01-12T16:45:00Z,0.090997,0.09099997,0.09079999,0.09099008,161.25074151
2018-01-12T16:50:00Z,0.09085,0.09099008,0.09078,0.09078,224.00714939
2018-01-12T16:55:00Z,0.0907999,0.09099579,0.09078,0.0908025,184.19754968
2018-01-12T17:00:00Z,0.09080249,0.09098999,0.08999999,0.09044999,1417.61739923
2018-01-12T17:05:00Z,0.09097,0.09119838,0.09009001,0.09099999,212.57979636
2018-01-12T17:10:00Z,0.09099999,0.0911,0.09099,0.091,200.84710371
2018-01-12T17:15:00Z,0.091,0.09126946,0.09090189,0.091,167.85732139
2018-01-12T17:20:00Z,0.091,0.09126946,0.09050003,0.09099941,220.15197679
2018-01-12T17:25:00Z,0.09099941,0.09099941,0.09031614,0.09080001,156.53621755
2018-01-12T17:30:00Z,0.09080001,0.09100001,0.0908,0.09099995,139.02664883
2018-01-12T17:35:00Z,0.09099995,0.09099999,0.0908,0.09099995,93.73177259
2018-01-12T17:40:00Z,0.0909415,0.09099995,0.09057068,0.0909416,103.4165993
2018-01-12T17:45:00Z,0.09057089,0.09123,0.09057089,0.09095849,355.5543701
2018-01-12T17:50:00Z,0.09095849,0.09095988,0.09060002,0.09095845,320.19432909
2018-01-12T17:55:00Z,0.09095845,0.09095987,0.09060994,0.09075,150.44393058
2018-01-12T18:00:00Z,0.09063001,0.09095,0.09063001,0.09094983,51.16841048
2018-01-12T18:05:00Z,0.09094983,0.09094983,0.0907601,0.09087996,123.65917166
2018-01-12T18:10:00Z,0.0907613,0.09095988,0.0907613,0.09080009,259.81450194
2018-01-12T18:15:00Z,0.09080009,0.09095988,0.0908,0.09089083,228.82968777
2018-01-12T18:20:00Z,0.09092,0.09126946,0.09089083,0.0911,191.61191382
2018-01-12T18:25:00Z,0.0911,0.0913,0.091,0.09100003,269.18110455
2018-01-12T18:30:00Z,0.09100021,0.09120002,0.09060995,0.09103317,361.65897573
2018-01-12T18:35:00Z,0.09103317,0.09109988,0.09060994,0.0909,125.64282018
2018-01-12T18:40:00Z,0.091,0.09103329,0.0909,0.09100001,149.5550065
2018-01-12T18:45:00Z,0.09103324,0.0913,0.091,0.09111,260.74116847
2018-01-12T18:50:00Z,0.0912994,0.09129983,0.0911001,0.09126,129.06948338
2018-01-12T18:55:00Z,0.09119131,0.0913,0.09119,0.0912585,195.26772345
2018-01-12T19:00:00Z,0.0912585,0.09130499,0.09125801,0.09125805,187.98348476
2018-01-12T19:05:00Z,0.09125805,0.0914,0.09111,0.09134,182.45684933
2018-01-12T19:10:00Z,0.0913,0.0915,0.09120054,0.09134,170.41894924
2018-01-12T19:15:00Z,0.09134,0.09149993,0.09103303,0.0913,303.58492711
2018-01-12T19:20:00Z,0.0913,0.09133,0.09060006,0.091,175.30200149
2018-01-12T19:25:00Z,0.09110001,0.09132999,0.09062027,0.091299,79.4877323
2018-01-12T19:30:00Z,0.091298,0.09129999,0.090956,0.09126,112.30763581
2018-01-12T19:35:00Z,0.09126,0.091356,0.09102001,0.09102001,261.79223847
2018-01-12T19:40:00Z,0.09109999,0.09149993,0.09102001,0.09147775,112.33838833
2018-01-12T19:45:00Z,0.0912999,0.09149999,0.09129989,0.09139126,137.82480701
2018-01-12T19:50:00Z,0.09139124,0.09142,0.09115248,0.09139108,372.65010795
2018-01-12T19:55:00Z,0.09130193,0.09149998,0.0911525,0.09130002,202.90727054
2018-01-12T20:00:00Z,0.0914999,0.0914999,0.09115249,0.09115249,165.81705174
2018-01-12T20:05:00Z,0.09115249,0.0912499,0.09115248,0.09123344,141.71880458
2018-01-12T20:10:00Z,0.09123344,0.09149999,0.0911525,0.0912,184.3122328
2018-01-12T20:15:00Z,0.09124974,0.09149999,0.0911525,0.0912,135.40690113
2018-01-12T20:20:00Z,0.0912,0.09149998,0.0911525,0.0911525,123.38856026
2018-01-12T20:25:00Z,0.09121,0.0912105,0.091,0.09109001,163.57347773
2018-01-12T20:30:00Z,0.09112111,0.0912105,0.091,0.09102001,98.28321377
2018-01-12T20:35:00Z,0.09102001,0.09121048,0.09080008,0.09102,171.38685548
2018-01-12T20:40:00Z,0.09102,0.09121,0.09081,0.0912065,228.09105416
2018-01-12T20:45:00Z,0.0912065,0.0912065,0.09080011,0.09090006,118.6675231
2018-01-12T20:50:00Z,0.09090066,0.09090066,0.09080011,0.09090053,96.53536562
2018-01-12T20:55:00Z,0.09089105,0.09120654,0.09080011,0.0909,162.29131961
2018-01-12T21:00:00Z,0.0909,0.0912105,0.09058,0.09072666,217.74434833
2018-01-12T21:05:00Z,0.09072666,0.09089001,0.09058,0.09065333,119.53450878
2018-01-12T21:10:00Z,0.09089,0.09121049,0.09056,0.09103998,197.05587339
2018-01-12T21:15:00Z,0.09067,0.09103998,0.09020001,0.09099989,209.67776408
2018-01-12T21:20:00Z,0.09099989,0.09149999,0.09075901,0.0914199,255.38412528
2018-01-12T21:25:00Z,0.0914199,0.0914199,0.091005,0.09139801,144.69687195
2018-01-12T21:30:00Z,0.09121007,0.09139803,0.09080003,0.0913,624.88822536
2018-01-12T21:35:00Z,0.0913,0.0913,0.0908601,0.091,306.38261272
2018-01-12T21:40:00Z,0.09099999,0.09117985,0.09090024,0.091,535.5652702
2018-01-12T21:45:00Z,0.09099999,0.091,0.09090162,0.09099899,309.31108139
2018-01-12T21:50:00Z,0.09099899,0.091,0.0909,0.09095,197.84541133
2018-01-12T21:55:00Z,0.09095,0.091,0.09086032,0.091,239.31627869
2018-01-12T22:00:00Z,0.09099884,0.091,0.09086007,0.09086007,232.36157868
2018-01-12T22:05:00Z,0.09099999,0.09149999,0.09052502,0.09149999,350.23358474
2018-01-12T22:10:00Z,0.09146998,0.09149999,0.09081162,0.09146983,165.32506019
2018-01-12T22:15:00Z,0.09146983,0.09149998,0.09100007,0.09110002,200.45301073
2018-01-12T22:20:00Z,0.09115897,0.09139993,0.091,0.09100012,253.71342148
2018-01-12T22:25:00Z,0.09119699,0.09149997,0.0910001,0.09119962,373.57171436
2018-01-12T22:30:00Z,0.09110014,0.09149999,0.09110013,0.09130522,264.51558182
2018-01-12T22:35:00Z,0.09130522,0.09149999,0.09100002,0.0911,165.71758993
2018-01-12T22:40:00Z,0.09110018,0.09139983,0.09100001,0.09123306,124.02269783
2018-01-12T22:45:00Z,0.09123306,0.09129954,0.09081144,0.09099996,114.15657965
2018-01-12T22:50:00Z,0.09099995,0.09123298,0.09093333,0.09110867,111.32710556
2018-01-12T22:55:00Z,0.09110867,0.0912,0.09089999,0.09109999,480.45549187
2018-01-12T23:00:00Z,0.09102711,0.09111002,0.09056002,0.09062002,198.68195189
2018-01-12T23:05:00Z,0.09099997,0.0911,0.09056,0.09108993,192.46728826
2018-01-12T23:10:00Z,0.09108,0.09109899,0.090654,0.09109899,222.96445302
2018-01-12T23:15:00Z,0.09109898,0.09136451,0.090654,0.0913506,227.45632538
2018-01-12T23:20:00Z,0.09073409,0.09135071,0.09073405,0.09074007,304.69706746
2018-01-12T23:25:00Z,0.0909977,0.092,0.09074012,0.09104391,418.7284793
2018-01-12T23:30:00Z,0.09104391,0.09168978,0.09104,0.09146067,206.41558819
2018-01-12T23:35:00Z,0.0912,0.09146068,0.09108,0.0913,253.87977858
2018-01-12T23:40:00Z,0.0913,0.09171756,0.09083586,0.09107999,253.41549653
2018-01-12T23:45:00Z,0.09107999,0.09139978,0.09083587,0.0911999,198.87933548
2018-01-12T23:50:00Z,0.0912,0.0913987,0.09084161,0.09130717,358.21792975
2018-01-12T23:55:00Z,0.09092043,0.0913987,0.09092043,0.09110022,228.47061951
2018-01-13T00:00:00Z,0.09124999,0.0913987,0.09083587,0.0909,496.72149109
2018-01-13T00:05:00Z,0.09095831,0.0913987,0.09083501,0.09127977,251.64258316
2018-01-13T00:10:00Z,0.0912798,0.0913987,0.09095831,0.09125,302.25142263
2018-01-13T00:15:00Z,0.09125,0.09189998,0.09096,0.09129991,377.087779
2018-01-13T00:20:00Z,0.09129991,0.09149988,0.09095832,0.09149882,307.78261728
2018-01-13T00:25:00Z,0.09125001,0.09149882,0.09095832,0.09100009,337.72898687
2018-01-13T00:30:00Z,0.0911,0.09149875,0.09095831,0.090976,340.49315292
2018-01-13T00:35:00Z,0.09097599,0.09149882,0.09097598,0.09149875,340.20306385
2018-01-13T00:40:00Z,0.09149882,0.09149988,0.09149875,0.09149881,274.19276732
2018-01-13T00:45:00Z,0.09149881,0.09149988,0.0905,0.09065397,429.40620699
2018-01-13T00:50:00Z,0.09065397,0.09089993,0.09020002,0.09059998,476.15345681
2018-01-13T00:55:00Z,0.09059999,0.09083986,0.09030001,0.09073278,170.98794871
2018-01-13T01:00:00Z,0.09049999,0.09073278,0.09016649,0.09016666,297.96811739
2018-01-13T01:05:00Z,0.09017,0.09059997,0.09016666,0.090589,148.71356058
2018-01-13T01:10:00Z,0.090589,0.09128544,0.09020448,0.09059995,214.63012891
2018-01-13T01:15:00Z,0.09095709,0.09132883,0.09059995,0.09095659,193.83546969
2018-01-13T01:20:00Z,0.09095659,0.09123412,0.09020443,0.090205,303.18031446
2018-01-13T01:25:00Z,0.09067204,0.0907,0.09020443,0.09020599,84.36220619
2018-01-13T01:30:00Z,0.09020599,0.0903048,0.0898885,0.09019984,450.17098925
2018-01-13T01:35:00Z,0.09019984,0.09020399,0.0898572,0.09019887,129.86770592
2018-01-13T01:40:00Z,0.09019887,0.09019887,0.0898812,0.0901259,236.95366807
2018-01-13T01:45:00Z,0.09012589,0.090204,0.08988125,0.0901259,200.0144381
2018-01-13T01:50:00Z,0.0901148,0.0905,0.0898813,0.09040457,178.2295368
2018-01-13T01:55:00Z,0.09040452,0.09040457,0.09004291,0.090398,157.77523354
2018-01-13T02:00:00Z,0.090398,0.09086927,0.09021915,0.09086891,316.91545946
2018-01-13T02:05:00Z,0.09086891,0.09090336,0.0903,0.09081987,210.52607171
2018-01-13T02:10:00Z,0.09081895,0.0908198,0.09050002,0.090758,215.79462764
2018-01-13T02:15:00Z,0.090758,0.09076,0.09064,0.09075819,160.5109819
2018-01-13T02:20:00Z,0.09076,0.09081895,0.09064057,0.09081777,181.10431515
2018-01-13T02:25:00Z,0.09081777,0.09104386,0.0906,0.0907,307.09455555
2018-01-13T02:30:00Z,0.09075697,0.09075697,0.0906,0.09069888,290.73732164
2018-01-13T02:35:00Z,0.09065002,0.0912,0.09064999,0.091,288.20329732
2018-01-13T02:40:00Z,0.09110309,0.09119987,0.09069889,0.09119985,156.88132061
2018-01-13T02:45:00Z,0.09119985,0.09119987,0.09090342,0.09119693,253.1908908
2018-01-13T02:50:00Z,0.09119684,0.09119684,0.0907931,0.09109,291.88176588
2018-01-13T02:55:00Z,0.09109,0.09109976,0.09108519,0.091088,222.23177533
2018-01-13T03:00:00Z,0.09109976,0.09148,0.09109,0.09135,370.30217839
2018-01-13T03:05:00Z,0.09135,0.09148,0.09043988,0.0910999,543.60992847
2018-01-13T03:10:00Z,0.09109984,0.0911938,0.09080002,0.09092194,228.55969359
2018-01-13T03:15:00Z,0.09092194,0.09109999,0.0908909,0.091,336.23664339
2018-01-13T03:20:00Z,0.09108486,0.09108488,0.09050003,0.09053002,387.53780029
2018-01-13T03:25:00Z,0.09088978,0.09141629,0.09053002,0.09089999,220.2892908
2018-01-13T03:30:00Z,0.091091,0.09141613,0.0906,0.09070889,297.27903804
2018-01-13T03:35:00Z,0.09070889,0.0909,0.09069899,0.0909,289.92966318
2018-01-13T03:40:00Z,0.0909,0.091,0.090699,0.0907,281.41250955
2018-01-13T03:45:00Z,0.09079,0.091,0.09069901,0.09075,195.06003001
2018-01-13T03:50:00Z,0.09089998,0.0913,0.09089998,0.091,239.58252913
2018-01-13T03:55:00Z,0.091,0.0914164,0.09070021,0.0910969,292.08734492
2018-01-13T04:00:00Z,0.0910969,0.0910969,0.0909,0.09095993,150.35949804
2018-01-13T04:05:00Z,0.0909599,0.09129998,0.09090003,0.091097,253.21582207
2018-01-13T04:10:00Z,0.0911,0.0912999,0.09075001,0.09125972,390.12597412
2018-01-13T04:15:00Z,0.09125972,0.0913,0.09077001,0.09104995,326.29842073
2018-01-13T04:20:00Z,0.09104995,0.09129,0.09077001,0.09128881,370.97026146
2018-01-13T04:25:00Z,0.09082001,0.09140791,0.09081,0.09129,258.48489375
2018-01-13T04:30:00Z,0.09129,0.091532,0.09121,0.09129,724.4613039
2018-01-13T04:35:00Z,0.09139963,0.09139963,0.0911002,0.09129693,161.79274038
2018-01-13T04:40:00Z,0.09129693,0.09129741,0.09110021,0.0912577,154.43783733
2018-01-13T04:45:00Z,0.0912577,0.0912579,0.09111001,0.09125755,94.82771799
2018-01-13T04:50:00Z,0.09118777,0.09125755,0.09090005,0.0911921,464.17923698
2018-01-13T04:55:00Z,0.0912575,0.0912575,0.09077002,0.09097,538.2591367
2018-01-13T05:00:00Z,0.09082001,0.0912579,0.09077002,0.09085376,414.95151417
2018-01-13T05:05:00Z,0.09125486,0.09125486,0.09084376,0.09100009,255.79041288
2018-01-13T05:10:00Z,0.09100009,0.09124793,0.09085376,0.09089999,225.4237442
2018-01-13T05:15:00Z,0.09089999,0.09125771,0.09085376,0.09115169,339.62109803
2018-01-13T05:20:00Z,0.0912568,0.09125771,0.09090799,0.09109886,479.62400827
2018-01-13T05:25:00Z,0.09109886,0.09125,0.09109886,0.09125,300.52275695
2018-01-13T05:30:00Z,0.09125,0.09125,0.09113488,0.09118487,401.41206912
2018-01-13T05:35:00Z,0.09118491,0.091245,0.09113488,0.091135,212.13346346
2018-01-13T05:40:00Z,0.09113488,0.09124494,0.09113488,0.09124494,126.39792849
2018-01-13T05:45:00Z,0.09124491,0.09124996,0.09113489,0.09124995,92.298439
2018-01-13T05:50:00Z,0.09124995,0.09241,0.09124994,0.0923,582.586623
2018-01-13T05:55:00Z,0.09241,0.09272747,0.09215251,0.09265,497.74615423
2018-01-13T06:00:00Z,0.0927,0.09270455,0.09210014,0.09249892,414.98639462
2018-01-13T06:05:00Z,0.09249892,0.09270455,0.09221022,0.09245021,472.61896078
2018-01-13T06:10:00Z,0.09268565,0.093,0.09245026,0.09250001,725.43835066
2018-01-13T06:15:00Z,0.09250001,0.09255999,0.09210018,0.092496,351.83516971
2018-01-13T06:20:00Z,0.09229999,0.0927,0.09200006,0.0923,186.51990321
2018-01-13T06:25:00Z,0.09200012,0.0923,0.09200012,0.09220754,172.14652005
2018-01-13T06:30:00Z,0.09220754,0.09220757,0.09202004,0.09220748,345.39071949
2018-01-13T06:35:00Z,0.09220747,0.09220757,0.0921,0.09210005,332.24475451
2018-01-13T06:40:00Z,0.09220745,0.0922076,0.09200005,0.0921997,290.40292761
2018-01-13T06:45:00Z,0.0921001,0.0925,0.09200007,0.09219949,103.13105958
2018-01-13T06:50:00Z,0.0921001,0.0924939,0.09200009,0.09237391,333.94861281
2018-01-13T06:55:00Z,0.09200888,0.0924,0.09200888,0.09236786,343.09275708
2018-01-13T07:00:00Z,0.09236691,0.09333903,0.09212737,0.09236655,352.65821998
2018-01-13T07:05:00Z,0.09236,0.0928554,0.09220006,0.09276197,220.81058814
2018-01-13T07:10:00Z,0.09233508,0.09285507,0.09221006,0.09276877,223.54151607
2018-01-13T07:15:00Z,0.09276877,0.09285521,0.0921274,0.092365,291.422948
2018-01-13T07:20:00Z,0.092365,0.09249998,0.09212741,0.09248995,118.71324134
2018-01-13T07:25:00Z,0.09229001,0.09248997,0.09229001,0.09244,130.19030679
2018-01-13T07:30:00Z,0.09248895,0.09284992,0.09229022,0.0925,350.5566247
2018-01-13T07:35:00Z,0.0925944,0.09282432,0.0925,0.09252001,196.33975271
2018-01-13T07:40:00Z,0.09252002,0.09282196,0.09252002,0.092734,244.72561441
2018-01-13T07:45:00Z,0.09273397,0.0932749,0.092705,0.0932749,516.57993231
2018-01-13T07:50:00Z,0.0932749,0.09339369,0.09309995,0.093391,301.89866358
2018-01-13T07:55:00Z,0.09310201,0.0933937,0.093,0.093,501.23026756
2018-01-13T08:00:00Z,0.09311,0.09333528,0.093,0.09329882,212.74948461
2018-01-13T08:05:00Z,0.09329882,0.09339381,0.093,0.09328499,155.30885001
2018-01-13T08:10:00Z,0.09306177,0.09306177,0.09250001,0.0927499,299.40279494
2018-01-13T08:15:00Z,0.0927499,0.09282266,0.09250019,0.09282266,202.67882614
2018-01-13T08:20:00Z,0.09282266,0.09329989,0.09251055,0.09319983,253.53854978
2018-01-13T08:25:00Z,0.09319983,0.09334998,0.09305,0.09333,121.84596249
2018-01-13T08:30:00Z,0.09329993,0.0934147,0.09319986,0.09320003,221.17977171
2018-01-13T08:35:00Z,0.09329995,0.09330001,0.0932,0.09321,188.83667329
2018-01-13T08:40:00Z,0.09321001,0.09382,0.093099,0.09349801,360.49592495
2018-01-13T08:45:00Z,0.09349801,0.094174,0.09329991,0.09382,286.63777454
2018-01-13T08:50:00Z,0.09382,0.09397972,0.0937,0.09381996,152.79457091
2018-01-13T08:55:00Z,0.09397511,0.09418397,0.09381995,0.094,153.23772949
2018-01-13T09:00:00Z,0.094,0.09418394,0.0939,0.09409998,263.61151485
2018-01-13T09:05:00Z,0.09409998,0.09421994,0.09392217,0.09400004,269.60475999
2018-01-13T09:10:00Z,0.09400004,0.09418399,0.09382088,0.09382088,508.87602865
2018-01-13T09:15:00Z,0.09392218,0.09418,0.09382088,0.09403002,152.22756164
2018-01-13T09:20:00Z,0.09400805,0.09418,0.0939,0.094008,202.29485544
2018-01-13T09:25:00Z,0.094008,0.09417392,0.09382088,0.09382088,292.73387919
2018-01-13T09:30:00Z,0.09382088,0.0940956,0.09381995,0.09382088,362.81814118
2018-01-13T09:35:00Z,0.09382088,0.09398784,0.09381997,0.09381998,193.76973369
2018-01-13T09:40:00Z,0.09381997,0.09381998,0.093498,0.09349802,442.97982018
2018-01-13T09:45:00Z,0.093804,0.093804,0.09321,0.0934969,136.02649047
2018-01-13T09:50:00Z,0.09349695,0.09349695,0.09300201,0.09310996,189.76111779
2018-01-13T09:55:00Z,0.09310996,0.093489,0.09310996,0.09329307,121.29224032
2018-01-13T10:00:00Z,0.09329308,0.09374696,0.09329307,0.09364992,160.84770712
2018-01-13T10:05:00Z,0.09364984,0.0941,0.09359562,0.09382692,335.38337477
2018-01-13T10:10:00Z,0.09382692,0.09404996,0.0938,0.09403,137.29906421
2018-01-13T10:15:00Z,0.09403,0.0941792,0.0938,0.09380003,410.4350988
2018-01-13T10:20:00Z,0.09380003,0.0938269,0.09305294,0.09359489,255.28114666
2018-01-13T10:25:00Z,0.09359489,0.09359561,0.0935,0.09359561,104.45933238
2018-01-13T10:30:00Z,0.0938269,0.09410001,0.09340001,0.0935949,1176.86410657
2018-01-13T10:35:00Z,0.0935949,0.09395,0.09335001,0.09346405,274.44855839
2018-01-13T10:40:00Z,0.09379,0.09387531,0.0933,0.09382001,365.45981719
2018-01-13T10:45:00Z,0.09387503,0.094,0.09350004,0.0936,267.08937904
2018-01-13T10:50:00Z,0.0936,0.09389997,0.09351061,0.093799,320.91746517
2018-01-13T10:55:00Z,0.093799,0.093875,0.09351106,0.09378999,234.7298878
2018-01-13T11:00:00Z,0.0938987,0.09399999,0.09358994,0.0939,142.19631424
2018-01-13T11:05:00Z,0.09378994,0.094,0.09378991,0.09395076,248.38179728
2018-01-13T11:10:00Z,0.09395068,0.094,0.0937,0.09392991,222.35933019
2018-01-13T11:15:00Z,0.09392991,0.09417995,0.09389995,0.09389996,319.84445498
2018-01-13T11:20:00Z,0.09399794,0.09421994,0.09351109,0.09399788,500.23885062
2018-01-13T11:25:00Z,0.09399788,0.09426335,0.0938,0.09399383,325.77159155
2018-01-13T11:30:00Z,0.09399384,0.09441994,0.09399383,0.09429994,410.84382128
2018-01-13T11:35:00Z,0.09429985,0.0945,0.094,0.09446283,350.69873938
2018-01-13T11:40:00Z,0.09446283,0.09452,0.0941,0.0942999,355.09491895
2018-01-13T11:45:00Z,0.0942999,0.0942999,0.09405,0.09429194,257.5703819
2018-01-13T11:50:00Z,0.09429194,0.09429194,0.09400001,0.09400001,207.76041762
2018-01-13T11:55:00Z,0.09400001,0.09429999,0.09387497,0.09429999,367.28302926
2018-01-13T12:00:00Z,0.0942,0.094556,0.093885,0.09408987,170.5823402
2018-01-13T12:05:00Z,0.09390008,0.09408987,0.0939,0.0939,195.94394318
2018-01-13T12:10:00Z,0.09390001,0.09408791,0.09387499,0.09408787,151.57332431
2018-01-13T12:15:00Z,0.09408787,0.09408791,0.09390048,0.09407001,230.86565004
2018-01-13T12:20:00Z,0.09407001,0.0942,0.09407001,0.09419985,236.69700214
2018-01-13T12:25:00Z,0.09419979,0.0942424,0.09407,0.0942,296.86170288
2018-01-13T12:30:00Z,0.0942,0.094555,0.09418997,0.09455498,142.15244575
2018-01-13T12:35:00Z,0.094555,0.094555,0.0942,0.09445491,191.49281888
2018-01-13T12:40:00Z,0.09438,0.0947,0.0942,0.09449895,249.74401781
2018-01-13T12:45:00Z,0.09449895,0.09469999,0.09430001,0.09431001,347.82333462
2018-01-13T12:50:00Z,0.09431001,0.09469897,0.09418997,0.0944,225.06354634
2018-01-13T12:55:00Z,0.09439997,0.09475434,0.09418997,0.09423002,414.23756754
2018-01-13T13:00:00Z,0.09475434,0.09476999,0.09423,0.09439893,263.59633175
2018-01-13T13:05:00Z,0.09439893,0.0946799,0.09422,0.09422998,311.2451651
2018-01-13T13:10:00Z,0.09422998,0.09458788,0.0942,0.09424,217.1722219
2018-01-13T13:15:00Z,0.09424,0.0947301,0.0942,0.09422,425.41784472
2018-01-13T13:20:00Z,0.094339,0.09476772,0.09390022,0.09413297,338.4440644
2018-01-13T13:25:00Z,0.09405001,0.09429507,0.0939997,0.09399971,167.29702797
2018-01-13T13:30:00Z,0.09399971,0.09404997,0.093888,0.094,254.48001454
2018-01-13T13:35:00Z,0.09404996,0.09466997,0.093941,0.09442971,573.60871506
2018-01-13T13:40:00Z,0.09442971,0.09469999,0.09380001,0.094,656.64711872
2018-01-13T13:45:00Z,0.094,0.09419688,0.093801,0.09415998,216.00621788
2018-01-13T13:50:00Z,0.09415998,0.09416911,0.094,0.09416301,156.30897598
2018-01-13T13:55:00Z,0.09416302,0.09416911,0.09415,0.09415998,243.07059894
2018-01-13T14:00:00Z,0.09415997,0.09415998,0.09368652,0.09368652,306.04585336
2018-01-13T14:05:00Z,0.0937,0.09429,0.09351107,0.09371817,211.48972957
2018-01-13T14:10:00Z,0.094159,0.09455854,0.09371816,0.094,379.05037508
2018-01-13T14:15:00Z,0.094,0.09445136,0.09375005,0.09386001,304.64393057
2018-01-13T14:20:00Z,0.09386001,0.09432078,0.09371815,0.0937499,383.86571152
2018-01-13T14:25:00Z,0.0937499,0.09375,0.0935,0.0937,321.21016447
2018-01-13T14:30:00Z,0.0937,0.09386,0.09330002,0.09334999,207.76626512
2018-01-13T14:35:00Z,0.09334999,0.093799,0.09330004,0.09369894,142.72256143
2018-01-13T14:40:00Z,0.09369894,0.09369894,0.0936,0.09360121,105.69873789
2018-01-13T14:45:00Z,0.0936946,0.09423165,0.0936,0.09398897,465.41664176
2018-01-13T14:50:00Z,0.093988,0.0941,0.09355834,0.0939394,201.08273664
2018-01-13T14:55:00Z,0.0938,0.09394179,0.09360001,0.093929,352.14271434
2018-01-13T15:00:00Z,0.09394179,0.09431887,0.093929,0.0942,333.62629832
2018-01-13T15:05:00Z,0.09420001,0.09451818,0.09411602,0.09449998,419.89291389
2018-01-13T15:10:00Z,0.09451818,0.09455855,0.09438368,0.0944,253.55862034
2018-01-13T15:15:00Z,0.09449897,0.09474,0.09439002,0.0947,859.48446961
2018-01-13T15:20:00Z,0.09469998,0.09477998,0.09400013,0.0945,402.31014226
2018-01-13T15:25:00Z,0.0946518,0.09478499,0.09410001,0.09449993,340.91082953
2018-01-13T15:30:00Z,0.09449987,0.0945,0.0942,0.09424,442.93366286
2018-01-13T15:35:00Z,0.09424,0.09479997,0.09420004,0.09479997,277.73952656
2018-01-13T15:40:00Z,0.09478001,0.09485915,0.0945,0.09473787,378.84130375
2018-01-13T15:45:00Z,0.09473003,0.09490343,0.09439998,0.09472955,387.80574371
2018-01-13T15:50:00Z,0.09472951,0.09479998,0.09440004,0.09479992,488.44611708
2018-01-13T15:55:00Z,0.09479992,0.0949399,0.09469011,0.09489989,367.54850205
2018-01-13T16:00:00Z,0.09480001,0.09489984,0.09479896,0.09479898,269.8746595
2018-01-13T16:05:00Z,0.09479898,0.094897,0.09479896,0.09479992,193.65274707
2018-01-13T16:10:00Z,0.09479999,0.0949399,0.0946901,0.09479899,525.78385709
2018-01-13T16:15:00Z,0.09479899,0.09480499,0.09439997,0.0946,171.9349625
2018-01-13T16:20:00Z,0.0946,0.0949399,0.09440004,0.0949399,182.34069779
2018-01-13T16:25:00Z,0.09493989,0.094987,0.09444011,0.09475421,235.65041814
2018-01-13T16:30:00Z,0.09475421,0.09498,0.09450002,0.09497999,264.1385475
2018-01-13T16:35:00Z,0.09497999,0.09499,0.09458023,0.09498998,303.36275909
2018-01-13T16:40:00Z,0.09498998,0.095,0.09473402,0.095,804.147604
2018-01-13T16:45:00Z,0.095,0.0955,0.09499,0.09549748,247.18745351
2018-01-13T16:50:00Z,0.09549749,0.09578996,0.09535,0.09571,614.87573112
2018-01-13T16:55:00Z,0.095719,0.09578996,0.0953,0.0955646,234.46050339
2018-01-13T17:00:00Z,0.09556461,0.0959,0.09552061,0.0959,326.39671689
2018-01-13T17:05:00Z,0.09589999,0.09613902,0.095816,0.09600003,260.90283386
2018-01-13T17:10:00Z,0.09600003,0.0965,0.09600001,0.09644517,233.74686797
2018-01-13T17:15:00Z,0.0965,0.09686233,0.0964,0.096854,447.8175887
2018-01-13T17:20:00Z,0.09676003,0.09800007,0.09676003,0.098,1475.88788496
2018-01-13T17:25:00Z,0.098,0.09800007,0.09737996,0.09737996,1153.74846953
2018-01-13T17:30:00Z,0.09737996,0.09789415,0.09737996,0.0974,377.79640945
2018-01-13T17:35:00Z,0.09737997,0.0974,0.09647912,0.097,625.49563568
2018-01-13T17:40:00Z,0.097,0.09717987,0.09666,0.09685699,327.70179553
2018-01-13T17:45:00Z,0.09689,0.09717997,0.09685697,0.09717989,172.97948968
2018-01-13T17:50:00Z,0.09713,0.09717997,0.0971,0.09717994,407.33846767
2018-01-13T17:55:00Z,0.09717994,0.09738989,0.09713099,0.09737989,412.99844843
2018-01-13T18:00:00Z,0.0973799,0.09792,0.09737988,0.09765,451.46169781
2018-01-13T18:05:00Z,0.09765,0.09796998,0.0975,0.0979,255.57528111
2018-01-13T18:10:00Z,0.09793992,0.0980334,0.09750004,0.09795,262.3112434
2018-01-13T18:15:00Z,0.098,0.0982,0.097932,0.09795001,249.59493907
2018-01-13T18:20:00Z,0.09795001,0.09822,0.09760948,0.09822,196.62636679
2018-01-13T18:25:00Z,0.09822,0.098556,0.09818632,0.098556,281.13743341
2018-01-13T18:30:00Z,0.098556,0.09908995,0.0985375,0.09904,379.90142324
2018-01-13T18:35:00Z,0.09908995,0.09939862,0.0989699,0.09914704,504.51481764
2018-01-13T18:40:00Z,0.099122,0.09939997,0.0985,0.09859999,633.03992236
2018-01-13T18:45:00Z,0.09859999,0.09879997,0.09850115,0.09859999,435.14453876
2018-01-13T18:50:00Z,0.09870999,0.0987127,0.09819999,0.0983,249.9165652
2018-01-13T18:55:00Z,0.09866878,0.0994,0.0983,0.0994,316.67889527
2018-01-13T19:00:00Z,0.09939997,0.0995,0.09939863,0.09949507,317.96465448
2018-01-13T19:05:00Z,0.0995,0.0996357,0.09876785,0.099,330.23954959
2018-01-13T19:10:00Z,0.0993,0.0994478,0.09869,0.09876,262.93441812
2018-01-13T19:15:00Z,0.09869,0.09901,0.0986,0.09900999,330.13598368
2018-01-13T19:20:00Z,0.09900995,0.09959998,0.09850001,0.09909995,790.53861509
2018-01-13T19:25:00Z,0.0989998,0.09937098,0.09777185,0.098,378.81453565
2018-01-13T19:30:00Z,0.09796997,0.09801921,0.09772287,0.09800698,605.08610331
2018-01-13T19:35:00Z,0.09800698,0.09880699,0.098,0.098347,406.75186726
2018-01-13T19:40:00Z,0.09801923,0.09851038,0.09801923,0.0984,148.58196595
2018-01-13T19:45:00Z,0.09849984,0.09880694,0.0981001,0.09879984,223.71254092
2018-01-13T19:50:00Z,0.09879983,0.09879983,0.098,0.0985,453.82513628
2018-01-13T19:55:00Z,0.0985,0.09859,0.09802001,0.0984999,222.01275139
2018-01-13T20:00:00Z,0.0985897,0.09858971,0.09802053,0.09840294,187.20426502
2018-01-13T20:05:00Z,0.0985,0.0985897,0.09802033,0.09858883,180.64143995
2018-01-13T20:10:00Z,0.09858879,0.09879982,0.09811,0.09879982,176.23452589
2018-01-13T20:15:00Z,0.09879953,0.0994999,0.09879953,0.0992,420.67646832
2018-01-13T20:20:00Z,0.09925994,0.09931997,0.09900699,0.09924803,230.17935384
2018-01-13T20:25:00Z,0.09924803,0.09931996,0.09900699,0.09925899,210.38359912
2018-01-13T20:30:00Z,0.09925997,0.0995646,0.09920003,0.09950001,187.79291391
2018-01-13T20:35:00Z,0.09956459,0.0998,0.09950001,0.09960697,417.95088547
2018-01-13T20:40:00Z,0.09970349,0.0998,0.09970349,0.0997999,519.76531092
2018-01-13T20:45:00Z,0.0997999,0.0998,0.0997,0.09978998,218.93536096
2018-01-13T20:50:00Z,0.09978998,0.09994409,0.09974989,0.09994409,512.20812115
2018-01-13T20:55:00Z,0.09994409,0.1,0.0998,0.09999998,553.56552839
2018-01-13T21:00:00Z,0.09981076,0.09999998,0.09981076,0.09999894,248.00669791
2018-01-13T21:05:00Z,0.099999,0.1,0.09999893,0.09999911,190.46383637
2018-01-13T21:10:00Z,0.09999999,0.09999999,0.0995,0.09950001,323.68534914
2018-01-13T21:15:00Z,0.09950002,0.1,0.0995,0.0997,247.50084299
2018-01-13T21:20:00Z,0.0997,0.1,0.09961543,0.09989801,275.33098345
2018-01-13T21:25:00Z,0.0998985,0.09999999,0.09989799,0.09991536,194.61736657
2018-01-13T21:30:00Z,0.09991536,0.09991536,0.0997,0.09970001,289.23239452
2018-01-13T21:35:00Z,0.0997,0.09970001,0.0994411,0.0997,174.09950792
2018-01-13T21:40:00Z,0.0994411,0.0997,0.09899999,0.09939998,423.23163537
2018-01-13T21:45:00Z,0.09939998,0.0995,0.09894107,0.099439,367.98216354
2018-01-13T21:50:00Z,0.099439,0.09943998,0.09891886,0.09909948,193.73250798
2018-01-13T21:55:00Z,0.09918999,0.09918999,0.0982,0.09841111,916.39325032
2018-01-13T22:00:00Z,0.09841111,0.09860407,0.09821111,0.09825019,280.64810546
2018-01-13T22:05:00Z,0.09825019,0.09825019,0.0981851,0.0982,396.13133253
2018-01-13T22:10:00Z,0.0982,0.0982,0.09818609,0.09819999,548.07250098
2018-01-13T22:15:00Z,0.09819999,0.0986,0.0981999,0.09829,1064.87591765
2018-01-13T22:20:00Z,0.09829,0.0986,0.0980721,0.09849896,939.97037028
2018-01-13T22:25:00Z,0.09849896,0.09889996,0.09801059,0.09878894,452.03305042
2018-01-13T22:30:00Z,0.09850055,0.09889995,0.09822114,0.09849591,341.86095392
2018-01-13T22:35:00Z,0.09849591,0.098497,0.098,0.09821111,176.38882054
2018-01-13T22:40:00Z,0.09821111,0.09821897,0.09789166,0.09789201,364.73159619
2018-01-13T22:45:00Z,0.09789199,0.09809993,0.09725464,0.097402,356.25426512
2018-01-13T22:50:00Z,0.097402,0.09740249,0.09662529,0.096659,605.56016611
2018-01-13T22:55:00Z,0.096659,0.09749986,0.0965111,0.0971,514.47634346
2018-01-13T23:00:00Z,0.0971,0.09747978,0.0968,0.09684,563.11548645
2018-01-13T23:05:00Z,0.09699893,0.09729988,0.09661946,0.09669999,443.28175969
2018-01-13T23:10:00Z,0.0966598,0.096799,0.09649997,0.09649998,288.05571051
2018-01-13T23:15:00Z,0.09649998,0.09651815,0.09627001,0.0965,333.82005236
2018-01-13T23:20:00Z,0.09650001,0.09666001,0.096292,0.0964657,161.73530357
2018-01-13T23:25:00Z,0.0964657,0.09649969,0.09627249,0.09638573,282.11391443
2018-01-13T23:30:00Z,0.09638573,0.0975,0.0963,0.09700049,296.72420864
2018-01-13T23:35:00Z,0.09749,0.09794999,0.09700049,0.0975,662.51240203
2018-01-13T23:40:00Z,0.0975,0.0975,0.097003,0.0974159,157.57523696
2018-01-13T23:45:00Z,0.0974159,0.09779983,0.097415,0.09779952,140.0488021
2018-01-13T23:50:00Z,0.09748001,0.09789985,0.0974,0.0974157,273.61492351
2018-01-13T23:55:00Z,0.09741569,0.097416,0.09700095,0.097409,202.14005864
2018-01-14T00:00:00Z,0.09729245,0.09779969,0.09700095,0.09700452,360.02113381
2018-01-14T00:05:00Z,0.09700452,0.09734,0.0966,0.0966,260.51373067
2018-01-14T00:10:00Z,0.09685129,0.09719815,0.09627249,0.0962755,371.8708412
2018-01-14T00:15:00Z,0.09628029,0.09712098,0.09613001,0.0965,396.82417834
2018-01-14T00:20:00Z,0.0966,0.09712097,0.0961302,0.09621,395.83480644
2018-01-14T00:25:00Z,0.09621,0.09645485,0.09600008,0.09623994,325.17782975
2018-01-14T00:30:00Z,0.0961,0.09689596,0.09603,0.09663117,145.47495859
2018-01-14T00:35:00Z,0.09634001,0.09676699,0.09600003,0.09610494,184.7767117
2018-01-14T00:40:00Z,0.09610494,0.09610494,0.096,0.09608994,324.03361131
2018-01-14T00:45:00Z,0.09608994,0.09608994,0.0958,0.09596495,298.02245984
2018-01-14T00:50:00Z,0.09596494,0.09596495,0.09577778,0.09579989,154.5315811
2018-01-14T00:55:00Z,0.09588997,0.0959,0.09556456,0.09587996,123.88855943
2018-01-14T01:00:00Z,0.09587995,0.09587996,0.09556456,0.09587012,137.30197816
2018-01-14T01:05:00Z,0.09587021,0.0959,0.09556456,0.0959,303.38071295
2018-01-14T01:10:00Z,0.0959,0.09658899,0.09586998,0.09629999,401.44302709
2018-01-14T01:15:00Z,0.09600012,0.09658897,0.09600012,0.09631131,248.20162914
2018-01-14T01:20:00Z,0.09658897,0.09676199,0.0960002,0.09603195,438.59569541
2018-01-14T01:25:00Z,0.09603196,0.09689999,0.09577697,0.09683171,491.53677335
2018-01-14T01:30:00Z,0.09682665,0.09682665,0.09593003,0.09636126,140.98214001
2018-01-14T01:35:00Z,0.09682191,0.09682191,0.09598343,0.09636125,142.91688223
2018-01-14T01:40:00Z,0.09636125,0.09682347,0.09611304,0.0965,162.83691739
2018-01-14T01:45:00Z,0.0965,0.09689999,0.09649,0.09679949,210.93622217
2018-01-14T01:50:00Z,0.09679949,0.097,0.09650021,0.0967995,178.46703002
2018-01-14T01:55:00Z,0.096895,0.096895,0.09657001,0.09658056,176.11610657
2018-01-14T02:00:00Z,0.09658056,0.09660001,0.09620001,0.09620002,216.77553934
2018-01-14T02:05:00Z,0.09620002,0.09658995,0.09565432,0.09600002,392.5764799
2018-01-14T02:10:00Z,0.09600002,0.0967,0.09555555,0.095763,272.7431393
2018-01-14T02:15:00Z,0.09586504,0.09622222,0.09586504,0.09618996,263.58842719
2018-01-14T02:20:00Z,0.09608721,0.09649914,0.09555555,0.09565,259.887088
2018-01-14T02:25:00Z,0.09565,0.09648962,0.09552,0.09568,656.14973734
2018-01-14T02:30:00Z,0.09568,0.09648999,0.09535,0.0963803,294.79223383
2018-01-14T02:35:00Z,0.0963803,0.0967,0.09617646,0.0966998,268.7342528
2018-01-14T02:40:00Z,0.0966998,0.0967,0.09617647,0.09669988,184.8378265
2018-01-14T02:45:00Z,0.09669989,0.09669989,0.09618137,0.09618152,202.87859283
2018-01-14T02:50:00Z,0.09618152,0.09679999,0.09618137,0.09619013,130.87124837
2018-01-14T02:55:00Z,0.09619013,0.09679996,0.09619013,0.09649998,82.76605042
2018-01-14T03:00:00Z,0.09649998,0.09699999,0.09647919,0.09650006,272.1284778
2018-01-14T03:05:00Z,0.09688457,0.097,0.09650006,0.096972,206.55709982
2018-01-14T03:10:00Z,0.09698089,0.0975,0.09680001,0.096865,191.22447242
2018-01-14T03:15:00Z,0.09714415,0.09714415,0.09677916,0.0968,186.14364859
2018-01-14T03:20:00Z,0.0968,0.0974,0.09650009,0.09719563,193.85951245
2018-01-14T03:25:00Z,0.09719563,0.09758334,0.09714413,0.09714414,323.06355514
2018-01-14T03:30:00Z,0.09724991,0.09756,0.09666005,0.09699379,413.15028269
2018-01-14T03:35:00Z,0.09699379,0.09714406,0.09656128,0.09714406,87.93890759
2018-01-14T03:40:00Z,0.096998,0.09714406,0.09695,0.09700005,166.34515088
2018-01-14T03:45:00Z,0.09700005,0.09700006,0.097,0.09700003,136.52690364
2018-01-14T03:50:00Z,0.097,0.09700003,0.0969,0.09699793,135.81164845
2018-01-14T03:55:00Z,0.09699793,0.09699794,0.0965614,0.09699786,144.04541779
2018-01-14T04:00:00Z,0.0969978,0.09699786,0.09640006,0.09677771,423.05798414
2018-01-14T04:05:00Z,0.09685922,0.09714413,0.09650006,0.09699895,141.70162652
2018-01-14T04:10:00Z,0.09699895,0.09714413,0.09699895,0.0971441,146.76806388
2018-01-14T04:15:00Z,0.09714395,0.09749995,0.09700002,0.09711496,289.37985349
2018-01-14T04:20:00Z,0.09711496,0.09749993,0.09700002,0.09717777,165.79275475
2018-01-14T04:25:00Z,0.09730984,0.09730986,0.096998,0.096998,406.91508275
2018-01-14T04:30:00Z,0.096998,0.09739998,0.09650011,0.09739998,447.85920959
2018-01-14T04:35:00Z,0.09739998,0.09748998,0.0965,0.09662,284.62862454
2018-01-14T04:40:00Z,0.09661998,0.0966601,0.09630001,0.09639995,330.33976929
2018-01-14T04:45:00Z,0.09639995,0.09712289,0.09637211,0.09712286,123.52718028
2018-01-14T04:50:00Z,0.09712286,0.09712287,0.09649159,0.09711896,207.11548139
2018-01-14T04:55:00Z,0.09711896,0.0971209,0.09649165,0.0967324,211.06634272
2018-01-14T05:00:00Z,0.0967325,0.09712274,0.0967,0.09712274,182.34106392
2018-01-14T05:05:00Z,0.09712274,0.0975,0.09700001,0.09713,234.45499223
2018-01-14T05:10:00Z,0.09713001,0.09736589,0.09713,0.09736589,141.70200576
2018-01-14T05:15:00Z,0.09736589,0.09759999,0.09714,0.09734998,396.02620099
2018-01-14T05:20:00Z,0.09714,0.09734998,0.09667001,0.09687501,74.52474105
2018-01-14T05:25:00Z,0.09733997,0.09733997,0.09667899,0.09699998,154.92153037
2018-01-14T05:30:00Z,0.09699998,0.09765682,0.0968,0.09709999,286.12820534
2018-01-14T05:35:00Z,0.09709999,0.0977,0.09674574,0.09753427,114.64006892
2018-01-14T05:40:00Z,0.09753427,0.0975343,0.0971127,0.09730001,215.71741132
2018-01-14T05:45:00Z,0.0973,0.0975343,0.09671625,0.09721748,140.16799064
2018-01-14T05:50:00Z,0.09721746,0.09721748,0.09689999,0.0969031,109.23076669
2018-01-14T05:55:00Z,0.09721748,0.09721749,0.09690312,0.09719796,252.05332514
2018-01-14T06:00:00Z,0.09719799,0.09771,0.09700003,0.09730001,292.00935846
2018-01-14T06:05:00Z,0.09762,0.09771,0.09730002,0.09765001,207.10208215
2018-01-14T06:10:00Z,0.09765002,0.09774862,0.0976252,0.09771961,199.26007185
2018-01-14T06:15:00Z,0.09771963,0.09819555,0.09771961,0.09800001,270.17102563
2018-01-14T06:20:00Z,0.09819554,0.09819555,0.09799999,0.09819554,196.01240569
2018-01-14T06:25:00Z,0.09819555,0.09906704,0.09819554,0.0986,567.62305557
2018-01-14T06:30:00Z,0.0985,0.09898995,0.09789985,0.09837744,217.48479314
2018-01-14T06:35:00Z,0.09838871,0.09858166,0.09790002,0.09800009,170.19752091
2018-01-14T06:40:00Z,0.09800009,0.09868729,0.09800009,0.09845054,219.84624145
2018-01-14T06:45:00Z,0.0985,0.09864977,0.0980202,0.098449,75.35630925
2018-01-14T06:50:00Z,0.09844898,0.09844898,0.09802021,0.098049,90.25278553
2018-01-14T06:55:00Z,0.09834776,0.09834778,0.0980003,0.0980003,199.28901995
2018-01-14T07:00:00Z,0.09804901,0.09804901,0.09740002,0.09779999,110.39373404
2018-01-14T07:05:00Z,0.09740009,0.09779999,0.097,0.09764975,90.32575312
2018-01-14T07:10:00Z,0.09764974,0.09779997,0.09702014,0.09777973,245.57737256
2018-01-14T07:15:00Z,0.0977799,0.0983,0.09720644,0.09731704,359.34070569
2018-01-14T07:20:00Z,0.09733667,0.0981452,0.09731704,0.09789996,134.68939669
2018-01-14T07:25:00Z,0.09789994,0.09793515,0.09750001,0.09756413,97.62938126
2018-01-14T07:30:00Z,0.09784498,0.09784498,0.09733667,0.09782,116.99104891
2018-01-14T07:35:00Z,0.09781999,0.09782,0.0973,0.09733043,116.79795736
2018-01-14T07:40:00Z,0.09733044,0.09780199,0.09733043,0.09749748,97.71148742
2018-01-14T07:45:00Z,0.09749748,0.09749749,0.09740002,0.09749745,109.4657759
2018-01-14T07:50:00Z,0.09749745,0.09782,0.09749737,0.097801,145.68909597
2018-01-14T07:55:00Z,0.09769769,0.09834782,0.0975007,0.0978,387.7741934
2018-01-14T08:00:00Z,0.09827808,0.09827821,0.0978,0.09799991,148.11880388
2018-01-14T08:05:00Z,0.09799991,0.09827821,0.09780003,0.09827796,277.81625936
2018-01-14T08:10:00Z,0.0980981,0.09834784,0.09809806,0.0982,185.62302351
2018-01-14T08:15:00Z,0.09825009,0.09854707,0.09820001,0.09854705,237.25041613
2018-01-14T08:20:00Z,0.09854705,0.099,0.09840003,0.09864571,173.16837131
2018-01-14T08:25:00Z,0.09860001,0.0988989,0.09860001,0.09860009,212.2128933
2018-01-14T08:30:00Z,0.09876998,0.09899894,0.09860006,0.09860011,241.18966586
2018-01-14T08:35:00Z,0.09860011,0.0988453,0.09860011,0.09869008,74.75015013
2018-01-14T08:40:00Z,0.09860014,0.09899893,0.09860014,0.09869,213.04676106
2018-01-14T08:45:00Z,0.09869,0.099,0.0986,0.0986,313.88775399
2018-01-14T08:50:00Z,0.0986001,0.09898996,0.09820001,0.09879997,257.4185448
2018-01-14T08:55:00Z,0.0984,0.0988,0.0984,0.09860862,142.24724162
2018-01-14T09:00:00Z,0.09860862,0.09879,0.09851,0.09851,178.37974713
2018-01-14T09:05:00Z,0.098501,0.09851999,0.0984,0.09851999,180.31175464
2018-01-14T09:10:00Z,0.09851999,0.09878985,0.0984,0.09869999,113.78647533
2018-01-14T09:15:00Z,0.09869999,0.09869999,0.09840003,0.0985,101.32641706
2018-01-14T09:20:00Z,0.0985,0.09869994,0.09840006,0.0985,317.39827577
2018-01-14T09:25:00Z,0.09869984,0.09869984,0.0984,0.09859772,177.69249072
2018-01-14T09:30:00Z,0.09859772,0.09868995,0.09846429,0.09868995,219.98331453
2018-01-14T09:35:00Z,0.09868992,0.09868999,0.0984643,0.0985,59.98201073
2018-01-14T09:40:00Z,0.09858999,0.09868999,0.09822023,0.09858353,207.25606304
2018-01-14T09:45:00Z,0.09858353,0.09869001,0.09820423,0.09820425,200.40006487
2018-01-14T09:50:00Z,0.09868013,0.09868013,0.09820431,0.09868011,47.09329803
2018-01-14T09:55:00Z,0.09868007,0.09868011,0.09859999,0.09868,134.32916408
2018-01-14T10:00:00Z,0.09868001,0.09869001,0.09823666,0.09869001,240.40986612
2018-01-14T10:05:00Z,0.09869001,0.09869994,0.09823666,0.09861074,106.71184727
2018-01-14T10:10:00Z,0.09861074,0.09861076,0.09833823,0.09861059,99.06975125
2018-01-14T10:15:00Z,0.09855,0.09861059,0.09823666,0.09861059,185.94028219
2018-01-14T10:20:00Z,0.09861058,0.0987,0.09861054,0.0987,115.93961624
2018-01-14T10:25:00Z,0.0987,0.09875,0.09861057,0.09874996,101.69393965
2018-01-14T10:30:00Z,0.09874996,0.09879989,0.09873025,0.09879989,87.86288688
2018-01-14T10:35:00Z,0.09879988,0.09899989,0.098799,0.09898999,204.16787629
2018-01-14T10:40:00Z,0.099,0.0991,0.09898999,0.09909999,152.79829426
2018-01-14T10:45:00Z,0.0990945,0.09919697,0.09905272,0.09905274,210.41855038
2018-01-14T10:50:00Z,0.0991634,0.09917498,0.09900003,0.09900003,215.57979686
2018-01-14T10:55:00Z,0.09900004,0.09900004,0.09888002,0.099,236.53152811
2018-01-14T11:00:00Z,0.099,0.0991,0.09888003,0.09904,212.52787068
2018-01-14T11:05:00Z,0.09904,0.09933332,0.09888011,0.0989,200.77310185
2018-01-14T11:10:00Z,0.09914,0.09933326,0.09888002,0.09888002,350.93106628
2018-01-14T11:15:00Z,0.09888002,0.09943423,0.09888002,0.09888002,400.58734344
2018-01-14T11:20:00Z,0.09888002,0.09933326,0.09875989,0.09875989,307.6148637
2018-01-14T11:25:00Z,0.09875989,0.09888002,0.0985,0.09850003,414.00083844
2018-01-14T11:30:00Z,0.09852,0.09885873,0.09823667,0.0984,329.1073135
2018-01-14T11:35:00Z,0.0984,0.0984,0.09809806,0.098196,448.31454017
2018-01-14T11:40:00Z,0.09809807,0.0983,0.098,0.0982,364.89683138
2018-01-14T11:45:00Z,0.09828996,0.0983,0.09780001,0.0982,188.18029812
2018-01-14T11:50:00Z,0.0982,0.09839997,0.0982,0.0983,176.47503377
2018-01-14T11:55:00Z,0.0983,0.09835,0.09829989,0.09830002,225.52669551
2018-01-14T12:00:00Z,0.09834998,0.0984,0.09829989,0.0983,324.98388347
2018-01-14T12:05:00Z,0.0983001,0.09839993,0.0983,0.098399,542.8923895
2018-01-14T12:10:00Z,0.0983,0.098399,0.09770001,0.09770006,718.34385703
2018-01-14T12:15:00Z,0.09823894,0.09839892,0.0977001,0.09772041,429.13366293
2018-01-14T12:20:00Z,0.098,0.09809799,0.09772033,0.09809794,340.02501453
2018-01-14T12:25:00Z,0.09803264,0.09829398,0.098,0.09809809,223.77196125
2018-01-14T12:30:00Z,0.0982939,0.0983989,0.0978,0.09788437,314.52853977
2018-01-14T12:35:00Z,0.09780008,0.09799998,0.0974001,0.0974323,664.53855511
2018-01-14T12:40:00Z,0.0974323,0.0979979,0.09711,0.09758999,391.44699261
2018-01-14T12:45:00Z,0.09758999,0.09758999,0.097,0.09745047,592.29061162
2018-01-14T12:50:00Z,0.09745047,0.09745047,0.0968431,0.09700021,425.86872183
2018-01-14T12:55:00Z,0.09700021,0.09729999,0.09680003,0.097187,242.12263432
2018-01-14T13:00:00Z,0.097187,0.09739895,0.09680006,0.097015,275.21283691
2018-01-14T13:05:00Z,0.09729999,0.098,0.09701001,0.098,145.63372009
2018-01-14T13:10:00Z,0.09788733,0.0984,0.09741021,0.0984,213.48020255
2018-01-14T13:15:00Z,0.0984,0.0984,0.09799993,0.09801804,169.95063646
2018-01-14T13:20:00Z,0.098,0.0982,0.0973989,0.09818191,376.84867509
2018-01-14T13:25:00Z,0.09818191,0.09818191,0.09742001,0.0979,253.74362285
2018-01-14T13:30:00Z,0.0979,0.0982,0.09775002,0.09791963,442.20401157
2018-01-14T13:35:00Z,0.09791963,0.09824998,0.09791888,0.09824998,179.75648261
2018-01-14T13:40:00Z,0.0982,0.09829,0.09806993,0.0981,118.53377515
2018-01-14T13:45:00Z,0.0981,0.09826,0.0979,0.09810001,317.17444667
2018-01-14T13:50:00Z,0.09810001,0.09825995,0.09791964,0.0981156,111.32848273
2018-01-14T13:55:00Z,0.0981156,0.09826,0.0981156,0.09825,277.44504856
2018-01-14T14:00:00Z,0.09825,0.09826,0.0981156,0.09825,302.6963157
2018-01-14T14:05:00Z,0.09811564,0.0984,0.09811564,0.09825,178.29645229
2018-01-14T14:10:00Z,0.0984,0.0984,0.09825,0.09836,220.58496212
2018-01-14T14:15:00Z,0.09836,0.09869999,0.098257,0.098449,208.55561993
2018-01-14T14:20:00Z,0.09826685,0.09869997,0.0982,0.09820001,308.19254886
2018-01-14T14:25:00Z,0.09820001,0.098388,0.0981,0.09818,229.66980028
2018-01-14T14:30:00Z,0.09818,0.09818996,0.0975995,0.09799997,124.4147856
2018-01-14T14:35:00Z,0.09799988,0.09799988,0.09760006,0.09762501,68.45830858
2018-01-14T14:40:00Z,0.09783999,0.09783999,0.097625,0.09765491,147.41890317
2018-01-14T14:45:00Z,0.09781898,0.0980003,0.09764003,0.097816,375.5472133
2018-01-14T14:50:00Z,0.097816,0.09796193,0.09741196,0.09741196,541.14819827
2018-01-14T14:55:00Z,0.09741196,0.09789983,0.0972,0.09739158,328.97507746
2018-01-14T15:00:00Z,0.09739373,0.0979,0.09720005,0.09769898,366.85041794
2018-01-14T15:05:00Z,0.09762422,0.09778,0.09720005,0.0975,224.21551726
2018-01-14T15:10:00Z,0.09749997,0.09763879,0.09729,0.09750001,432.20799818
2018-01-14T15:15:00Z,0.09756745,0.09763882,0.09711201,0.09763875,281.29486466
2018-01-14T15:20:00Z,0.09763875,0.09763875,0.09708,0.09722,166.35972217
2018-01-14T15:25:00Z,0.09722,0.0974,0.097,0.09700002,260.02641668
2018-01-14T15:30:00Z,0.0973999,0.0973999,0.09680001,0.09739179,368.5668026
2018-01-14T15:35:00Z,0.09739179,0.09809944,0.09691418,0.09798071,226.97497909
2018-01-14T15:40:00Z,0.09798071,0.09822,0.0974,0.09787126,344.66890029
2018-01-14T15:45:00Z,0.09787126,0.0980355,0.0969457,0.09736,468.86800189
2018-01-14T15:50:00Z,0.09736,0.0976279,0.0971,0.09732469,140.46724321
2018-01-14T15:55:00Z,0.09732469,0.0976279,0.09732467,0.09762782,163.69932635
2018-01-14T16:00:00Z,0.09762782,0.09762791,0.09732467,0.09760451,128.72137875
2018-01-14T16:05:00Z,0.0976045,0.09762791,0.09712,0.0976279,287.69078532
2018-01-14T16:10:00Z,0.0976279,0.09785865,0.09740001,0.0976,357.44499476
2018-01-14T16:15:00Z,0.09762965,0.09772672,0.0973,0.0973129,146.94931544
2018-01-14T16:20:00Z,0.0973129,0.09749331,0.0971,0.09736464,149.47111094
2018-01-14T16:25:00Z,0.09736464,0.0975,0.09710014,0.0971479,167.9074519
2018-01-14T16:30:00Z,0.0975,0.09760006,0.09710014,0.09738,198.8296426
2018-01-14T16:35:00Z,0.09738,0.09753,0.09686306,0.09752798,251.4676809
2018-01-14T16:40:00Z,0.09686306,0.09752694,0.09686306,0.09736467,57.12947685
2018-01-14T16:45:00Z,0.09727833,0.0975,0.09700005,0.09744918,180.51341676
2018-01-14T16:50:00Z,0.09736,0.09754999,0.0971,0.09748,138.40854303
2018-01-14T16:55:00Z,0.09748,0.0976,0.09748,0.097482,250.96614257
2018-01-14T17:00:00Z,0.09759999,0.0976,0.09748,0.09748101,145.04374528
2018-01-14T17:05:00Z,0.09750985,0.09785243,0.09748,0.09769396,217.04356727
2018-01-14T17:10:00Z,0.09769396,0.09769396,0.0975,0.09767695,240.63794
2018-01-14T17:15:00Z,0.09767695,0.09769391,0.09738001,0.09738001,190.45981866
2018-01-14T17:20:00Z,0.09738001,0.0976939,0.09700016,0.09739985,125.0437962
2018-01-14T17:25:00Z,0.09739984,0.0976939,0.09715001,0.09759995,233.12638362
2018-01-14T17:30:00Z,0.09759995,0.09759999,0.09739984,0.09759999,132.58755508
2018-01-14T17:35:00Z,0.09743787,0.09769391,0.09739984,0.09739984,131.4558391
2018-01-14T17:40:00Z,0.09759999,0.0978,0.09739,0.09769998,143.38880052
2018-01-14T17:45:00Z,0.09769998,0.09779999,0.09759957,0.09779989,307.72996863
2018-01-14T17:50:00Z,0.0977999,0.097999,0.09769998,0.097999,276.16345349
2018-01-14T17:55:00Z,0.097999,0.09825,0.09792139,0.09793082,420.21380534
2018-01-14T18:00:00Z,0.09793082,0.09809999,0.09769998,0.09799999,189.19565218
2018-01-14T18:05:00Z,0.09799998,0.09799999,0.09739001,0.09792774,275.3360391
2018-01-14T18:10:00Z,0.09792774,0.09797342,0.09735,0.0973695,422.63104677
2018-01-14T18:15:00Z,0.09792745,0.09792756,0.0975,0.09792748,208.02003
2018-01-14T18:20:00Z,0.09792749,0.09792756,0.0977,0.09792756,138.49850326
2018-01-14T18:25:00Z,0.09792755,0.09792756,0.09792753,0.09792756,191.5286251
2018-01-14T18:30:00Z,0.09792756,0.09844999,0.09792755,0.09799999,161.97855047
2018-01-14T18:35:00Z,0.097928,0.09809699,0.0974501,0.098,168.59730483
2018-01-14T18:40:00Z,0.09809697,0.09809698,0.09744999,0.09790701,109.08106524
2018-01-14T18:45:00Z,0.09790701,0.09799989,0.097365,0.09774998,158.82163508
2018-01-14T18:50:00Z,0.0977498,0.09774999,0.09735001,0.0975543,69.23424135
2018-01-14T18:55:00Z,0.0975543,0.0977,0.09735001,0.09769999,103.21208779
2018-01-14T19:00:00Z,0.09765194,0.09776,0.09753543,0.09774998,96.27750653
2018-01-14T19:05:00Z,0.09774997,0.09844993,0.09774997,0.09844993,149.16881986
2018-01-14T19:10:00Z,0.09810001,0.09837499,0.09775066,0.09837399,252.01751839
2018-01-14T19:15:00Z,0.098374,0.09844998,0.09797399,0.09837399,260.07654438
2018-01-14T19:20:00Z,0.09837399,0.0985,0.09756566,0.09844995,172.58165798
2018-01-14T19:25:00Z,0.09844995,0.098519,0.09775007,0.0985,154.8575759
2018-01-14T19:30:00Z,0.0985,0.09887008,0.09776062,0.09843008,198.86245709
2018-01-14T19:35:00Z,0.09843008,0.09885,0.09833009,0.09877806,330.20870899
2018-01-14T19:40:00Z,0.09877806,0.09877806,0.0985001,0.09855,200.54748426
2018-01-14T19:45:00Z,0.09855,0.09869997,0.09855,0.0986,163.98966789
2018-01-14T19:50:00Z,0.0986967,0.09899999,0.0985501,0.09899975,238.76853104
2018-01-14T19:55:00Z,0.09899975,0.09918999,0.09879878,0.09918993,483.42030488
2018-01-14T20:00:00Z,0.09900002,0.09918586,0.0986967,0.09899494,260.22013776
2018-01-14T20:05:00Z,0.09899494,0.09899494,0.09849849,0.0985,114.84499649
2018-01-14T20:10:00Z,0.09849851,0.09899445,0.0984985,0.09850012,104.1135001
2018-01-14T20:15:00Z,0.09894267,0.09898799,0.09850012,0.09860133,66.61726724
2018-01-14T20:20:00Z,0.09860133,0.09894265,0.09860133,0.09862463,136.6830394
2018-01-14T20:25:00Z,0.09894262,0.09894262,0.09862463,0.09894,53.35016935
2018-01-14T20:30:00Z,0.09894,0.09946286,0.098704,0.098704,715.50159187
2018-01-14T20:35:00Z,0.098704,0.09944999,0.09862603,0.099,124.18223569
2018-01-14T20:40:00Z,0.099,0.099,0.09862607,0.09898899,80.09772572
2018-01-14T20:45:00Z,0.09863006,0.09896699,0.09862603,0.09888198,164.79649297
2018-01-14T20:50:00Z,0.09863009,0.09887099,0.09809481,0.09845001,157.20278222
2018-01-14T20:55:00Z,0.09856561,0.09874599,0.0984,0.09840011,86.67984869
2018-01-14T21:00:00Z,0.09856561,0.09856561,0.09801856,0.09847096,174.18741863
2018-01-14T21:05:00Z,0.09847096,0.09945,0.09792142,0.09872938,475.07786575
2018-01-14T21:10:00Z,0.09805003,0.0987293,0.09805003,0.09807602,128.83848284
2018-01-14T21:15:00Z,0.09827599,0.09843496,0.09807602,0.09827599,119.91298659
2018-01-14T21:20:00Z,0.09810004,0.098276,0.0981,0.0981,136.70496472
2018-01-14T21:25:00Z,0.09825999,0.09825999,0.09801909,0.09818996,92.3715992
2018-01-14T21:30:00Z,0.09818996,0.09876993,0.09790003,0.09836336,332.06280962
2018-01-14T21:35:00Z,0.09836336,0.09895,0.09802003,0.09877,86.31973336
2018-01-14T21:40:00Z,0.09877,0.09894994,0.09817089,0.09854117,111.93904185
2018-01-14T21:45:00Z,0.09864192,0.09894386,0.0983604,0.09884,123.90413433
2018-01-14T21:50:00Z,0.09884,0.09894393,0.098361,0.098928,151.05604074
2018-01-14T21:55:00Z,0.098928,0.09892997,0.0984,0.09892501,99.88979598
2018-01-14T22:00:00Z,0.09892501,0.09892501,0.09840008,0.09864141,123.28552383
2018-01-14T22:05:00Z,0.09864141,0.09889988,0.09840008,0.09869999,38.5110489
2018-01-14T22:10:00Z,0.09869999,0.09869999,0.0984001,0.09850199,166.54060089
2018-01-14T22:15:00Z,0.09850199,0.09895749,0.09850001,0.09895274,252.19847499
2018-01-14T22:20:00Z,0.09895749,0.099,0.09850003,0.09850015,266.46313091
2018-01-14T22:25:00Z,0.09899129,0.09909997,0.09850027,0.09898998,485.92184409
2018-01-14T22:30:00Z,0.09905794,0.09905841,0.09860001,0.09870001,71.38065151
2018-01-14T22:35:00Z,0.0990215,0.0990215,0.0987,0.09881115,94.40304417
2018-01-14T22:40:00Z,0.09899997,0.099,0.09860005,0.09860005,119.42160866
2018-01-14T22:45:00Z,0.09860005,0.09909997,0.09860005,0.09899894,176.8556762
2018-01-14T22:50:00Z,0.098998,0.09932999,0.0988,0.0991,268.21590357
2018-01-14T22:55:00Z,0.0991001,0.09937,0.09909999,0.09930916,262.17455088
2018-01-14T23:00:00Z,0.09930916,0.09940997,0.09910009,0.09939509,113.7829492
2018-01-14T23:05:00Z,0.09939509,0.09964269,0.09938,0.09950009,516.60154362
2018-01-14T23:10:00Z,0.09950009,0.09968995,0.09940001,0.0995,210.79444767
2018-01-14T23:15:00Z,0.0995,0.0998,0.0995,0.09970001,278.22989534
2018-01-14T23:20:00Z,0.0997985,0.09983543,0.09965,0.0997999,143.88877567
2018-01-14T23:25:00Z,0.09979994,0.0999,0.09979989,0.0999,203.64517442
2018-01-14T23:30:00Z,0.0999,0.099998,0.099801,0.099801,232.51846106
2018-01-14T23:35:00Z,0.099801,0.09983269,0.09979997,0.09979997,617.52726878
2018-01-14T23:40:00Z,0.09979997,0.0998,0.0995,0.09950001,334.6543883
2018-01-14T23:45:00Z,0.09950001,0.09979996,0.0994,0.09955,247.72772374
2018-01-14T23:50:00Z,0.09964955,0.0999,0.09954999,0.0997098,216.2296213
2018-01-14T23:55:00Z,0.0997098,0.09998,0.09970979,0.0997098,381.26568486
2018-01-15T00:00:00Z,0.099711,0.0999,0.09955002,0.09955002,551.15046249
2018-01-15T00:05:00Z,0.09955002,0.0999,0.09955,0.0999,266.49891542
2018-01-15T00:10:00Z,0.0997,0.09998,0.09960001,0.09970003,316.88855079
2018-01-15T00:15:00Z,0.09979443,0.099999,0.09970001,0.099999,563.75206382
2018-01-15T00:20:00Z,0.099999,0.10019,0.09999861,0.1001333,1115.39296847
2018-01-15T00:25:00Z,0.1001595,0.101,0.1001333,0.10085,1028.50854222
2018-01-15T00:30:00Z,0.10085,0.10099999,0.09996,0.10070002,984.917458
2018-01-15T00:35:00Z,0.10070002,0.101,0.10007004,0.10063,401.82403248
2018-01-15T00:40:00Z,0.10063,0.10090385,0.10062964,0.100754,479.21502831
2018-01-15T00:45:00Z,0.100754,0.10079495,0.10000001,0.100463,505.38516692
2018-01-15T00:50:00Z,0.10047,0.10064871,0.09991002,0.10046301,463.88709478
2018-01-15T00:55:00Z,0.10030105,0.100701,0.10006736,0.10058973,554.60318045
2018-01-15T01:00:00Z,0.1003,0.1008,0.09960041,0.09990006,614.58617076
2018-01-15T01:05:00Z,0.09999985,0.10019998,0.09989198,0.10000002,346.79622225
2018-01-15T01:10:00Z,0.10019997,0.10037,0.09990003,0.10028887,381.56003674
2018-01-15T01:15:00Z,0.10000005,0.10079144,0.09969804,0.09989974,411.4944062
2018-01-15T01:20:00Z,0.0998,0.09990001,0.09955,0.09955,725.7587481
2018-01-15T01:25:00Z,0.09955,0.09984991,0.09898712,0.09928,593.33742604
2018-01-15T01:30:00Z,0.09919753,0.09934,0.09909,0.09909002,275.66165785
2018-01-15T01:35:00Z,0.09920045,0.09952652,0.09909,0.09909003,231.72071963
2018-01-15T01:40:00Z,0.0993,0.09952625,0.09909,0.09909001,265.28996476
2018-01-15T01:45:00Z,0.09909001,0.09939599,0.09888101,0.09898,302.96518511
2018-01-15T01:50:00Z,0.09898,0.09908996,0.09860002,0.09887498,272.65357089
2018-01-15T01:55:00Z,0.09887498,0.09887498,0.098,0.098,903.4202665
2018-01-15T02:00:00Z,0.0985004,0.0985004,0.0979,0.09791,331.20757123
2018-01-15T02:05:00Z,0.09791,0.098,0.09769842,0.09799995,173.60708228
2018-01-15T02:10:00Z,0.09799995,0.098,0.09769847,0.09769857,189.88515752
2018-01-15T02:15:00Z,0.09769857,0.098,0.097553,0.0977,188.23862106
2018-01-15T02:20:00Z,0.0977,0.098,0.097553,0.097994,182.21095813
2018-01-15T02:25:00Z,0.097994,0.09819983,0.09765415,0.09799288,233.0135665
2018-01-15T02:30:00Z,0.09770002,0.09849995,0.09770001,0.0984,184.67726476
2018-01-15T02:35:00Z,0.09849989,0.098875,0.0982,0.09887497,126.98497039
2018-01-15T02:40:00Z,0.09887497,0.09887499,0.0985,0.09886,73.68444777
2018-01-15T02:45:00Z,0.09886,0.09899979,0.09860001,0.09899979,195.95429045
2018-01-15T02:50:00Z,0.09899979,0.09935,0.0985,0.09909791,366.78171356
2018-01-15T02:55:00Z,0.09909791,0.09939508,0.09909791,0.09909797,510.71046951
2018-01-15T03:00:00Z,0.099389,0.09939502,0.09830661,0.09918996,467.40571297
2018-01-15T03:05:00Z,0.09857342,0.09918993,0.0983659,0.09890076,110.55012571
2018-01-15T03:10:00Z,0.09874114,0.09918998,0.09854,0.0989998,190.54966009
2018-01-15T03:15:00Z,0.09902419,0.0990242,0.0989998,0.099,99.31095492
2018-01-15T03:20:00Z,0.099,0.09933999,0.09899983,0.09900001,45.88030257
2018-01-15T03:25:00Z,0.09933999,0.09933999,0.0985,0.0986,177.89243798
2018-01-15T03:30:00Z,0.0986,0.09889996,0.0985001,0.0985011,179.77896712
2018-01-15T03:35:00Z,0.09869866,0.09890883,0.0985001,0.09885529,244.0320654
2018-01-15T03:40:00Z,0.09855829,0.09884363,0.098512,0.09874866,55.58373879
2018-01-15T03:45:00Z,0.09874866,0.09874866,0.09851,0.09864998,108.05037148
2018-01-15T03:50:00Z,0.09864999,0.09864999,0.09851,0.0986499,47.32918297
2018-01-15T03:55:00Z,0.09851006,0.09864997,0.09850009,0.09850011,94.32365228
2018-01-15T04:00:00Z,0.09864996,0.0988,0.0985001,0.09864996,94.41122623
2018-01-15T04:05:00Z,0.09879999,0.09879999,0.0985001,0.09879458,168.87431686
2018-01-15T04:10:00Z,0.09864994,0.09879457,0.0985,0.0987,142.37276543
2018-01-15T04:15:00Z,0.09879399,0.098794,0.09817501,0.0982761,164.50261574
2018-01-15T04:20:00Z,0.098276,0.09875935,0.098226,0.09837617,128.85519157
2018-01-15T04:25:00Z,0.09837617,0.09837617,0.09827613,0.09830002,97.7191602
2018-01-15T04:30:00Z,0.09830002,0.09830002,0.09799999,0.098,298.83634508
2018-01-15T04:35:00Z,0.098,0.09869995,0.09770025,0.09799899,175.74195889
2018-01-15T04:40:00Z,0.0978,0.09799987,0.0978,0.09780002,121.34703057
2018-01-15T04:45:00Z,0.09780002,0.09816232,0.09755416,0.09799945,148.37068948
2018-01-15T04:50:00Z,0.09799945,0.09816232,0.0977,0.09799953,223.4340319
2018-01-15T04:55:00Z,0.09780012,0.09815995,0.09760001,0.09789788,215.17156764
2018-01-15T05:00:00Z,0.09789787,0.09815582,0.09760002,0.09789804,48.68002213
2018-01-15T05:05:00Z,0.09815562,0.09815563,0.09760012,0.09764926,269.87312716
2018-01-15T05:10:00Z,0.09810998,0.0982,0.09764928,0.09764951,147.46136847
2018-01-15T05:15:00Z,0.09819999,0.09819999,0.09764951,0.09799969,49.80865604
2018-01-15T05:20:00Z,0.09799969,0.09819996,0.0978,0.098,255.32956855
2018-01-15T05:25:00Z,0.09819976,0.09819988,0.09765926,0.0978,245.95095277
2018-01-15T05:30:00Z,0.0977,0.09819942,0.0977,0.09775,90.10082373
2018-01-15T05:35:00Z,0.09775,0.0982,0.09775,0.0982,187.12992369
2018-01-15T05:40:00Z,0.0981,0.098561,0.09789136,0.098561,247.67832397
2018-01-15T05:45:00Z,0.098561,0.09857015,0.09820899,0.09839013,104.09488611
2018-01-15T05:50:00Z,0.09839014,0.09844992,0.09839013,0.0984,169.11175956
2018-01-15T05:55:00Z,0.0984,0.09856099,0.0984,0.09856095,69.43029374
2018-01-15T06:00:00Z,0.09856095,0.09869996,0.09839015,0.09858199,176.22029471
2018-01-15T06:05:00Z,0.09839016,0.0985819,0.09839001,0.09839001,270.89668366
2018-01-15T06:10:00Z,0.09842985,0.09842985,0.09806093,0.09806093,156.18006562
2018-01-15T06:15:00Z,0.09806352,0.0983999,0.09800001,0.0981,222.72343024
2018-01-15T06:20:00Z,0.0981,0.09810001,0.09800004,0.09800005,363.81787395
2018-01-15T06:25:00Z,0.09800005,0.0980001,0.09742,0.09800009,721.32537653
2018-01-15T06:30:00Z,0.09770243,0.0980001,0.09740001,0.09798987,265.20200016
2018-01-15T06:35:00Z,0.09765485,0.09798986,0.09758999,0.09759,113.21938048
2018-01-15T06:40:00Z,0.09759001,0.09759001,0.0974,0.09759,253.72152217
2018-01-15T06:45:00Z,0.09758999,0.09759,0.09718,0.09746338,218.53291883
2018-01-15T06:50:00Z,0.09746338,0.0974634,0.09712755,0.0973951,190.65302975
2018-01-15T06:55:00Z,0.0973951,0.0973951,0.09719037,0.09739,85.74313869
2018-01-15T07:00:00Z,0.09739,0.09739,0.096841,0.09738992,311.43878228
2018-01-15T07:05:00Z,0.09738992,0.09738992,0.096824,0.09738972,403.11709995
2018-01-15T07:10:00Z,0.09738972,0.09738972,0.0967777,0.09677771,801.06249589
2018-01-15T07:15:00Z,0.09687,0.09687,0.09649163,0.09659,1636.93536436
2018-01-15T07:20:00Z,0.09659,0.09659001,0.09649163,0.096585,538.41648971
2018-01-15T07:25:00Z,0.09650001,0.09659001,0.09649163,0.09659001,453.55897444
2018-01-15T07:30:00Z,0.09659001,0.09727144,0.09650025,0.09723,488.77967837
2018-01-15T07:35:00Z,0.09704001,0.09738972,0.09660021,0.09738972,767.72338805
2018-01-15T07:40:00Z,0.09734368,0.0974634,0.09673333,0.09746332,194.49506299
2018-01-15T07:45:00Z,0.09746334,0.09759,0.09700002,0.09716238,174.18907762
2018-01-15T07:50:00Z,0.09720001,0.09772822,0.09694401,0.09694401,343.56011842
2018-01-15T07:55:00Z,0.09694401,0.0975,0.09690334,0.09709959,306.73989679
2018-01-15T08:00:00Z,0.09690583,0.0971,0.09653736,0.09679972,741.33771927
2018-01-15T08:05:00Z,0.09679972,0.09784568,0.09654,0.0976,387.13713986
2018-01-15T08:10:00Z,0.0976111,0.09782907,0.09717623,0.09717881,238.6183226
2018-01-15T08:15:00Z,0.0971798,0.09769759,0.09700855,0.097495,429.80009256
2018-01-15T08:20:00Z,0.097495,0.09782907,0.09707877,0.09749503,294.79322086
2018-01-15T08:25:00Z,0.09749503,0.0976426,0.09707877,0.09759993,357.7642688
2018-01-15T08:30:00Z,0.09707877,0.09759992,0.0965,0.09650558,633.90304812
2018-01-15T08:35:00Z,0.09699999,0.09740236,0.09666538,0.09703873,389.6132815
2018-01-15T08:40:00Z,0.09703874,0.09739888,0.09680003,0.097,234.38660377
2018-01-15T08:45:00Z,0.097,0.09764252,0.09690006,0.09741,360.98917177
2018-01-15T08:50:00Z,0.09762607,0.09769999,0.09736599,0.09758991,296.6194162
2018-01-15T08:55:00Z,0.09758991,0.09758992,0.09736599,0.09749227,203.52769187
2018-01-15T09:00:00Z,0.09749226,0.09749227,0.09680019,0.0973052,168.04391569
2018-01-15T09:05:00Z,0.0973052,0.09736597,0.0971,0.09719519,322.45172239
2018-01-15T09:10:00Z,0.0972,0.09727999,0.0971,0.09724,202.08437427
2018-01-15T09:15:00Z,0.09710005,0.09725,0.097,0.0972411,195.76399884
2018-01-15T09:20:00Z,0.09724109,0.0972411,0.09680038,0.097,98.43058749
2018-01-15T09:25:00Z,0.097,0.09716,0.09680038,0.09709998,187.38896238
2018-01-15T09:30:00Z,0.097,0.09709998,0.09670001,0.09686997,202.6781524
2018-01-15T09:35:00Z,0.09686997,0.09686997,0.09650002,0.09686975,176.54194714
2018-01-15T09:40:00Z,0.09686975,0.09686975,0.0965,0.0966,209.76186649
2018-01-15T09:45:00Z,0.0966,0.09666641,0.09649,0.096599,385.31897417
2018-01-15T09:50:00Z,0.09659899,0.096599,0.09615,0.09631026,226.20544388
2018-01-15T09:55:00Z,0.09648998,0.09686979,0.09615,0.09683995,217.57569479
2018-01-15T10:00:00Z,0.09683995,0.09683995,0.0961,0.09669997,278.26042176
2018-01-15T10:05:00Z,0.09669913,0.09669999,0.09634983,0.09638,125.80800388
2018-01-15T10:10:00Z,0.09638997,0.09639,0.09610039,0.0963498,140.66088003
2018-01-15T10:15:00Z,0.0963498,0.09637998,0.0961005,0.09625026,154.89420197
2018-01-15T10:20:00Z,0.09625026,0.09639,0.0961,0.09610104,240.44070963
2018-01-15T10:25:00Z,0.09610103,0.0965,0.09610102,0.09610115,183.91612066
2018-01-15T10:30:00Z,0.09619677,0.09619678,0.096,0.09619591,269.26802583
2018-01-15T10:35:00Z,0.09600001,0.09619678,0.096,0.09619677,186.38469078
2018-01-15T10:40:00Z,0.09619677,0.09658999,0.09613077,0.09652991,194.84403554
2018-01-15T10:45:00Z,0.09652982,0.09652987,0.09613077,0.0964989,245.51952216
2018-01-15T10:50:00Z,0.09649889,0.0964989,0.09619999,0.09619999,119.41391479
2018-01-15T10:55:00Z,0.09649882,0.09656984,0.0962,0.09652999,121.47887958
2018-01-15T11:00:00Z,0.09652999,0.09653,0.09613077,0.09613077,126.34441804
2018-01-15T11:05:00Z,0.0962,0.09652979,0.096,0.096098,225.44218805
2018-01-15T11:10:00Z,0.096098,0.0965299,0.0959777,0.09600581,415.16796613
2018-01-15T11:15:00Z,0.0962879,0.09670339,0.09600581,0.09657731,122.94533412
2018-01-15T11:20:00Z,0.09657997,0.097,0.09642497,0.09650001,201.92199562
2018-01-15T11:25:00Z,0.09650001,0.09675993,0.09600581,0.09625537,174.1115857
2018-01-15T11:30:00Z,0.09610001,0.09625787,0.09566401,0.09575001,283.50012233
2018-01-15T11:35:00Z,0.09575001,0.09590641,0.09540005,0.09540005,187.08196613
2018-01-15T11:40:00Z,0.09570194,0.09571197,0.09525,0.09549,140.1312811
2018-01-15T11:45:00Z,0.0953,0.09549,0.09521212,0.0952815,135.40644783
2018-01-15T11:50:00Z,0.0952815,0.0955,0.0952,0.09549998,349.58663278
2018-01-15T11:55:00Z,0.09540997,0.09549992,0.09421,0.0944,596.11493508
2018-01-15T12:00:00Z,0.0944,0.09471704,0.09416,0.09454859,567.61363616
2018-01-15T12:05:00Z,0.09452767,0.09494278,0.0944,0.09457,341.96758048
2018-01-15T12:10:00Z,0.0948969,0.09521216,0.09457,0.09499996,205.27986595
2018-01-15T12:15:00Z,0.0949999,0.0949999,0.09425,0.09450003,488.89550043
2018-01-15T12:20:00Z,0.09495113,0.09495114,0.09416,0.0944003,241.13884629
2018-01-15T12:25:00Z,0.0944,0.0944003,0.09351001,0.09399993,311.41903771
2018-01-15T12:30:00Z,0.09387234,0.09399993,0.09276489,0.09310001,1074.9522586
2018-01-15T12:35:00Z,0.0933,0.09344295,0.09274179,0.09274661,345.88960664
2018-01-15T12:40:00Z,0.09326992,0.09326992,0.0925,0.09272,705.05153685
2018-01-15T12:45:00Z,0.09272,0.09339991,0.09252011,0.09339985,566.25850044
2018-01-15T12:50:00Z,0.09339985,0.09374,0.09326994,0.0935,184.6030609
2018-01-15T12:55:00Z,0.09345,0.09399499,0.0934278,0.09360995,319.89938779
2018-01-15T13:00:00Z,0.09360995,0.09403296,0.09345003,0.0937009,259.09822359
2018-01-15T13:05:00Z,0.0937009,0.09379813,0.09280001,0.09335,235.13633468
2018-01-15T13:10:00Z,0.093001,0.09337899,0.09300006,0.09336001,160.44934695
2018-01-15T13:15:00Z,0.0930101,0.09337899,0.09301008,0.09337899,350.99992989
2018-01-15T13:20:00Z,0.09336492,0.09337899,0.09301022,0.09333,329.18274221
2018-01-15T13:25:00Z,0.09310003,0.09335,0.09301022,0.093201,301.75768009
2018-01-15T13:30:00Z,0.09332999,0.09332999,0.093,0.093,344.45147902
2018-01-15T13:35:00Z,0.093,0.09300001,0.09210001,0.09239483,720.89026542
2018-01-15T13:40:00Z,0.09239483,0.09267998,0.09206606,0.09264095,787.88366921
2018-01-15T13:45:00Z,0.0925,0.09264093,0.092,0.09215,570.79171618
2018-01-15T13:50:00Z,0.0923,0.0926,0.09200901,0.0923,302.36413493
2018-01-15T13:55:00Z,0.0923,0.09292285,0.0922229,0.09236,276.30983681
2018-01-15T14:00:00Z,0.09236,0.0926799,0.092009,0.09214998,583.52256374
2018-01-15T14:05:00Z,0.092009,0.0921,0.09132453,0.0915,431.87289501
2018-01-15T14:10:00Z,0.0915,0.09208499,0.09104002,0.09207,795.75306871
2018-01-15T14:15:00Z,0.09207,0.09207499,0.09107003,0.091865,796.9364954
2018-01-15T14:20:00Z,0.09186499,0.0918849,0.09135,0.09187997,390.44629275
2018-01-15T14:25:00Z,0.09187997,0.09199999,0.09160095,0.09162321,207.11686508
2018-01-15T14:30:00Z,0.09195229,0.09195229,0.09158,0.09160313,390.33136261
2018-01-15T14:35:00Z,0.09179999,0.09188947,0.09155,0.09188944,617.70070316
2018-01-15T14:40:00Z,0.09170053,0.09204497,0.09158,0.09204497,623.59970687
2018-01-15T14:45:00Z,0.09204497,0.09229999,0.09175004,0.09228989,320.17170675
2018-01-15T14:50:00Z,0.0922899,0.09229,0.09198837,0.09198838,312.7820922
2018-01-15T14:55:00Z,0.09198837,0.09273549,0.09161,0.0919071,593.43307941
2018-01-15T15:00:00Z,0.0919071,0.09271229,0.09181529,0.09250249,449.09772552
2018-01-15T15:05:00Z,0.09250249,0.09298,0.09222494,0.09297981,252.90937535
2018-01-15T15:10:00Z,0.09297981,0.09336913,0.09251401,0.0933522,702.60249984
2018-01-15T15:15:00Z,0.09336912,0.0938,0.09322203,0.09339999,446.06359631
2018-01-15T15:20:00Z,0.09339999,0.09344799,0.0931216,0.09344799,260.8692202
2018-01-15T15:25:00Z,0.09339499,0.093858,0.09339499,0.093858,444.40316897
2018-01-15T15:30:00Z,0.093858,0.093958,0.09377301,0.09386405,412.61853892
2018-01-15T15:35:00Z,0.09386405,0.09427121,0.09385803,0.09416703,334.89906183
2018-01-15T15:40:00Z,0.09420998,0.09434458,0.09416703,0.09434458,236.09817027
2018-01-15T15:45:00Z,0.09433,0.09445,0.09427121,0.09427121,511.85820312
2018-01-15T15:50:00Z,0.09427121,0.09427122,0.09400001,0.0942432,385.8389999
2018-01-15T15:55:00Z,0.09424335,0.094244,0.09331875,0.0937,294.69030308
2018-01-15T16:00:00Z,0.0937,0.0937,0.09358524,0.093699,211.83265382
2018-01-15T16:05:00Z,0.093699,0.09369998,0.09335011,0.0934,506.46031492
2018-01-15T16:10:00Z,0.0934,0.09369998,0.0933,0.09369668,164.9670491
2018-01-15T16:15:00Z,0.09369668,0.09380002,0.09335204,0.09369388,219.05172777
2018-01-15T16:20:00Z,0.09360001,0.09369668,0.0936,0.09369667,150.49384782
2018-01-15T16:25:00Z,0.09369667,0.09396002,0.09363001,0.09396002,245.68532489
2018-01-15T16:30:00Z,0.09396002,0.09396002,0.0936,0.09360001,201.41793209
2018-01-15T16:35:00Z,0.09374102,0.09380099,0.0933,0.093601,170.87860627
2018-01-15T16:40:00Z,0.093301,0.093601,0.0931598,0.09320005,143.85319999
2018-01-15T16:45:00Z,0.093301,0.09354079,0.09320005,0.09339989,149.52344782
2018-01-15T16:50:00Z,0.09331001,0.09339988,0.0931598,0.0932,124.8408767
2018-01-15T16:55:00Z,0.0932,0.093311,0.093,0.09316034,264.47142396
2018-01-15T17:00:00Z,0.09312163,0.09316035,0.09260005,0.09313933,117.85548497
2018-01-15T17:05:00Z,0.0927,0.09313933,0.0927,0.09289999,98.58143538
2018-01-15T17:10:00Z,0.09289998,0.09290001,0.09277605,0.09290001,464.44985343
2018-01-15T17:15:00Z,0.09311514,0.09391998,0.0929,0.09308373,152.3699181
2018-01-15T17:20:00Z,0.09308373,0.0933,0.0929,0.093083,91.9449795
2018-01-15T17:25:00Z,0.093083,0.09308371,0.09290125,0.09308335,153.60116677
2018-01-15T17:30:00Z,0.09308335,0.09387072,0.09308297,0.09330001,124.63333286
2018-01-15T17:35:00Z,0.09377228,0.0937723,0.0933001,0.0937,87.07845449
2018-01-15T17:40:00Z,0.0937,0.09415828,0.0936,0.0936292,484.23884994
2018-01-15T17:45:00Z,0.0936292,0.09414199,0.09362901,0.09365007,85.72612762
2018-01-15T17:50:00Z,0.09365007,0.09407984,0.09200103,0.09399999,682.78552368
2018-01-15T17:55:00Z,0.09391227,0.09406499,0.0938,0.09380011,195.70199599
2018-01-15T18:00:00Z,0.09380011,0.09393421,0.093255,0.0936,285.66425059
2018-01-15T18:05:00Z,0.09386998,0.09387995,0.09334,0.09359998,163.45071232
2018-01-15T18:10:00Z,0.0935999,0.09389999,0.0935999,0.09381001,741.09662918
2018-01-15T18:15:00Z,0.09381001,0.09389988,0.09360003,0.09389908,505.29577999
2018-01-15T18:20:00Z,0.09389909,0.09410699,0.093899,0.09389901,173.25288851
2018-01-15T18:25:00Z,0.09409,0.09410697,0.09389899,0.09405399,194.60656133
2018-01-15T18:30:00Z,0.09405399,0.09442448,0.093901,0.09415,158.26773649
2018-01-15T18:35:00Z,0.09415,0.094649,0.09410701,0.09459998,446.0745305
2018-01-15T18:40:00Z,0.09450002,0.09459999,0.0945,0.09454999,200.36960353
2018-01-15T18:45:00Z,0.09455,0.09455,0.0945,0.09450002,145.88772637
2018-01-15T18:50:00Z,0.09450002,0.09455,0.0945,0.0945,756.19393978
2018-01-15T18:55:00Z,0.0945,0.09469386,0.0945,0.0945,389.51411877
2018-01-15T19:00:00Z,0.09455,0.09469386,0.094352,0.094352,383.05108379
2018-01-15T19:05:00Z,0.094352,0.09449999,0.094107,0.0944,258.34944404
2018-01-15T19:10:00Z,0.0944999,0.09459516,0.094107,0.09445286,136.35421098
2018-01-15T19:15:00Z,0.09445286,0.09456612,0.094,0.09453779,141.10033821
2018-01-15T19:20:00Z,0.09453779,0.09469387,0.09441405,0.09469387,95.46761721
2018-01-15T19:25:00Z,0.09469385,0.09473609,0.09454001,0.09473597,128.17452041
2018-01-15T19:30:00Z,0.09473597,0.09473609,0.09453779,0.09473608,112.18305288
2018-01-15T19:35:00Z,0.09465,0.09473609,0.09454104,0.094601,146.04058936
2018-01-15T19:40:00Z,0.09473605,0.09499999,0.094601,0.09493993,98.97350628
2018-01-15T19:45:00Z,0.09499999,0.095,0.09465511,0.0948,206.9673955
2018-01-15T19:50:00Z,0.0948,0.0949399,0.09447501,0.0949399,462.93792192
2018-01-15T19:55:00Z,0.094935,0.09500001,0.09493424,0.09493425,459.780181
2018-01-15T20:00:00Z,0.09493425,0.09510999,0.09493424,0.09508524,222.25928307
2018-01-15T20:05:00Z,0.09508524,0.09511,0.09495,0.094965,146.67950384
2018-01-15T20:10:00Z,0.09507986,0.0951189,0.0944,0.09441404,652.81810892
2018-01-15T20:15:00Z,0.09441404,0.09493413,0.094,0.0944,142.35381515
2018-01-15T20:20:00Z,0.0944,0.09480993,0.09400001,0.09477499,115.51391464
2018-01-15T20:25:00Z,0.09440002,0.09471999,0.094015,0.09449995,136.30195034
2018-01-15T20:30:00Z,0.09428102,0.09468981,0.09414503,0.09454512,126.30088823
2018-01-15T20:35:00Z,0.09454512,0.09468992,0.09454512,0.09468939,197.60203218
2018-01-15T20:40:00Z,0.09468939,0.09468942,0.09454512,0.09468942,135.06803844
2018-01-15T20:45:00Z,0.09468942,0.095,0.09454513,0.09475,182.72413123
2018-01-15T20:50:00Z,0.09475,0.09489997,0.09454515,0.09468901,103.55856576
2018-01-15T20:55:00Z,0.09468906,0.0952,0.09454513,0.0951696,210.54104832
2018-01-15T21:00:00Z,0.09516955,0.0951696,0.09454513,0.0949,162.79008205
2018-01-15T21:05:00Z,0.0949,0.0949,0.09454512,0.0946746,586.59243852
2018-01-15T21:10:00Z,0.0946746,0.09468998,0.09454512,0.09464,420.29884098
2018-01-15T21:15:00Z,0.09463999,0.09464995,0.09454512,0.09454512,229.89684487
2018-01-15T21:20:00Z,0.09455533,0.09478998,0.09435748,0.094358,351.88732952
2018-01-15T21:25:00Z,0.09454512,0.09461997,0.09400012,0.09454498,106.61806858
2018-01-15T21:30:00Z,0.09454498,0.0949943,0.09434,0.0948,274.70992213
2018-01-15T21:35:00Z,0.0947,0.09477765,0.094115,0.09415201,193.46453543
2018-01-15T21:40:00Z,0.09436999,0.09492119,0.09412503,0.09459899,119.66934988
2018-01-15T21:45:00Z,0.09454,0.09459999,0.09432501,0.09436999,143.97037388
2018-01-15T21:50:00Z,0.09459998,0.0949943,0.09436999,0.09459999,247.39546969
2018-01-15T21:55:00Z,0.0946,0.09480999,0.09459999,0.09461001,194.90177404
2018-01-15T22:00:00Z,0.09474,0.09488,0.09459996,0.09476276,279.94791121
2018-01-15T22:05:00Z,0.09468803,0.09476275,0.09459996,0.09470373,212.91847698
2018-01-15T22:10:00Z,0.09459997,0.09470372,0.09438001,0.09441912,176.99031732
2018-01-15T22:15:00Z,0.09441912,0.09441918,0.093955,0.09421929,305.84988421
2018-01-15T22:20:00Z,0.09421929,0.09441917,0.09395559,0.09441253,154.68025817
2018-01-15T22:25:00Z,0.09441252,0.09441252,0.09395561,0.094094,191.21453052
2018-01-15T22:30:00Z,0.094094,0.094399,0.09396101,0.0943,122.64573708
2018-01-15T22:35:00Z,0.0943,0.0943,0.094,0.09400003,75.93007401
2018-01-15T22:40:00Z,0.09400004,0.09424202,0.094,0.09409412,194.18115253
2018-01-15T22:45:00Z,0.094094,0.09439989,0.09400015,0.09429,218.88002761
2018-01-15T22:50:00Z,0.09439968,0.0944,0.09409407,0.0942,261.1363066
2018-01-15T22:55:00Z,0.0942,0.09453999,0.094,0.09453974,252.8062586
2018-01-15T23:00:00Z,0.09453974,0.09453974,0.094,0.09404907,148.99643267
2018-01-15T23:05:00Z,0.09441999,0.09441999,0.09404906,0.0940591,133.90685822
2018-01-15T23:10:00Z,0.09424696,0.0944,0.094,0.09434996,191.43456081
2018-01-15T23:15:00Z,0.09434,0.09454,0.094009,0.09453999,230.80266782
2018-01-15T23:20:00Z,0.09453999,0.09474802,0.09439871,0.09441002,317.76942026
2018-01-15T23:25:00Z,0.0946849,0.09481933,0.09441001,0.09449987,277.49779436
2018-01-15T23:30:00Z,0.09443,0.09452444,0.09439872,0.09452444,458.44435251
2018-01-15T23:35:00Z,0.09450002,0.09472177,0.09439872,0.09439872,291.04432074
2018-01-15T23:40:00Z,0.09439872,0.0946979,0.0940591,0.09425627,185.55597014
2018-01-15T23:45:00Z,0.094074,0.09465798,0.09406401,0.0941,194.72891958
2018-01-15T23:50:00Z,0.0941,0.09448781,0.094064,0.09423,339.67131281
2018-01-15T23:55:00Z,0.09423,0.09423,0.09406402,0.09418,386.68412331
2018-01-16T00:00:00Z,0.09406406,0.09423482,0.09406405,0.09414,216.18892659
2018-01-16T00:05:00Z,0.09414,0.09464999,0.09414,0.09436999,200.82152927
2018-01-16T00:10:00Z,0.09436999,0.0945,0.09410004,0.09413996,277.53177204
2018-01-16T00:15:00Z,0.094123,0.09465,0.094,0.0942,818.64311122
2018-01-16T00:20:00Z,0.09406,0.09439987,0.094,0.09419997,575.9743709
2018-01-16T00:25:00Z,0.094,0.09419997,0.09336001,0.0934,945.29307293
2018-01-16T00:30:00Z,0.0934,0.09409999,0.09325,0.09399781,647.59904609
2018-01-16T00:35:00Z,0.09333981,0.09399984,0.092,0.09290002,1550.73405608
2018-01-16T00:40:00Z,0.0930169,0.09390984,0.09232011,0.09290501,511.09460317
2018-01-16T00:45:00Z,0.0932942,0.09439981,0.092905,0.0938862,279.87461211
2018-01-16T00:50:00Z,0.0941349,0.0948,0.09380001,0.09403,477.91692208
2018-01-16T00:55:00Z,0.09426649,0.0945119,0.09360454,0.0941,175.72917619
2018-01-16T01:00:00Z,0.0941,0.09426655,0.09335001,0.0937567,192.18485728
2018-01-16T01:05:00Z,0.0937567,0.0940387,0.09335013,0.09350014,168.58441118
2018-01-16T01:10:00Z,0.09350014,0.09447998,0.0935,0.09401001,260.59801937
2018-01-16T01:15:00Z,0.09434,0.09451187,0.09401,0.09428999,199.61670178
2018-01-16T01:20:00Z,0.09428999,0.09428999,0.09401,0.09428999,187.30840497
2018-01-16T01:25:00Z,0.09427,0.09428999,0.09350501,0.09419991,180.56359638
2018-01-16T01:30:00Z,0.09419991,0.09428999,0.09364504,0.09428,215.75250203
2018-01-16T01:35:00Z,0.09428,0.09451188,0.09396015,0.09430001,642.49973649
2018-01-16T01:40:00Z,0.09430001,0.09430001,0.09350511,0.09369504,348.24470888
2018-01-16T01:45:00Z,0.09399999,0.09430001,0.09369505,0.0943,269.4486303
2018-01-16T01:50:00Z,0.09420008,0.09429999,0.0935,0.0935,318.52426012
2018-01-16T01:55:00Z,0.0935,0.0943,0.0935,0.09420943,178.27348812
2018-01-16T02:00:00Z,0.09420943,0.0948,0.09364912,0.09479999,317.19531093
2018-01-16T02:05:00Z,0.09474999,0.0948,0.0943,0.09474998,137.47127324
2018-01-16T02:10:00Z,0.09474998,0.09477996,0.09430003,0.09445102,200.02923489
2018-01-16T02:15:00Z,0.094749,0.094749,0.09430005,0.09452499,262.71409547
2018-01-16T02:20:00Z,0.09452498,0.0948,0.0943,0.0946,432.93631268
2018-01-16T02:25:00Z,0.09450002,0.0948665,0.0943,0.0943,319.23203156
2018-01-16T02:30:00Z,0.0945,0.09450049,0.0943,0.09449998,119.86562298
2018-01-16T02:35:00Z,0.0943001,0.0946,0.09430001,0.0946,120.06367843
2018-01-16T02:40:00Z,0.0946,0.09500811,0.09430501,0.09476132,119.60279782
2018-01-16T02:45:00Z,0.09494014,0.09520712,0.09476131,0.09516959,136.08343742
2018-01-16T02:50:00Z,0.09516959,0.09551,0.0948,0.09516896,461.20454209
2018-01-16T02:55:00Z,0.09549962,0.09577372,0.09520008,0.09565678,176.13828592
2018-01-16T03:00:00Z,0.09565678,0.0957,0.09559,0.09559,186.68900504
2018-01-16T03:05:00Z,0.09559,0.09569999,0.09521314,0.09556135,131.48545271
2018-01-16T03:10:00Z,0.09569998,0.0959,0.09521805,0.0958236,121.42460425
2018-01-16T03:15:00Z,0.0958236,0.0959,0.09540002,0.09583966,121.0727264
2018-01-16T03:20:00Z,0.09583964,0.096,0.0956,0.0956,419.51201329
2018-01-16T03:25:00Z,0.09592598,0.09606221,0.09550001,0.09601425,140.87000763
2018-01-16T03:30:00Z,0.0955892,0.09611253,0.09550004,0.09550009,178.54900695
2018-01-16T03:35:00Z,0.09550009,0.09577,0.0950225,0.09530903,179.09535388
2018-01-16T03:40:00Z,0.09530903,0.0955,0.0952,0.09520001,106.45104238
2018-01-16T03:45:00Z,0.09520001,0.0954382,0.09455017,0.09526547,222.54314283
2018-01-16T03:50:00Z,0.09526547,0.09526646,0.09455493,0.09470265,133.0316806
2018-01-16T03:55:00Z,0.09461282,0.0952,0.09461282,0.09500002,89.2144265
2018-01-16T04:00:00Z,0.09516885,0.09516885,0.0948117,0.09485011,128.26371059
2018-01-16T04:05:00Z,0.09485398,0.09500002,0.09430977,0.09451007,209.17637468
2018-01-16T04:10:00Z,0.09451007,0.09461281,0.0943,0.09433,112.42693261
2018-01-16T04:15:00Z,0.0946128,0.094857,0.0944,0.09466791,130.84366563
2018-01-16T04:20:00Z,0.0946679,0.09504483,0.0946679,0.094669,103.827824
2018-01-16T04:25:00Z,0.094669,0.09516879,0.0943,0.09431886,157.72222285
2018-01-16T04:30:00Z,0.094669,0.095,0.0943,0.09430001,224.1365633
2018-01-16T04:35:00Z,0.09483115,0.09499,0.0943,0.09492868,132.27095147
2018-01-16T04:40:00Z,0.09492869,0.09513296,0.09430001,0.09512058,233.2150773
2018-01-16T04:45:00Z,0.09442999,0.09513296,0.09430002,0.0945996,57.35279956
2018-01-16T04:50:00Z,0.0945996,0.09496998,0.09441099,0.09454999,59.10149427
2018-01-16T04:55:00Z,0.09454999,0.09502729,0.0945,0.09499982,267.04419708
2018-01-16T05:00:00Z,0.09451005,0.09513293,0.09441099,0.09441099,322.20396533
2018-01-16T05:05:00Z,0.09441099,0.09479607,0.09441099,0.0946784,342.74200366
2018-01-16T05:10:00Z,0.094417,0.09487811,0.094411,0.09450001,413.90121273
2018-01-16T05:15:00Z,0.09450001,0.09480952,0.09430001,0.09471208,146.40034431
2018-01-16T05:20:00Z,0.09440003,0.0949998,0.0943,0.0943,228.83058647
2018-01-16T05:25:00Z,0.0943,0.09467273,0.0941,0.09440008,209.70015177
2018-01-16T05:30:00Z,0.09440008,0.09459822,0.094,0.09451248,333.18404549
2018-01-16T05:35:00Z,0.09451247,0.09451282,0.09400009,0.09451282,157.24322622
2018-01-16T05:40:00Z,0.09451282,0.09487765,0.09400507,0.09430002,163.34348073
2018-01-16T05:45:00Z,0.09478758,0.09478758,0.09400526,0.0945432,109.82796934
2018-01-16T05:50:00Z,0.09446667,0.09454318,0.09400526,0.09400527,130.31565149
2018-01-16T05:55:00Z,0.09439492,0.09439492,0.09400001,0.0941,112.32467542
2018-01-16T06:00:00Z,0.09400001,0.0941,0.09364912,0.09384704,152.86641177
2018-01-16T06:05:00Z,0.09364912,0.094065,0.0934,0.09397499,268.88240368
2018-01-16T06:10:00Z,0.09397996,0.093995,0.09344121,0.09344121,92.13243089
2018-01-16T06:15:00Z,0.09344121,0.093795,0.09335,0.09335001,108.86069564
2018-01-16T06:20:00Z,0.09335001,0.09359994,0.09333399,0.09359994,145.36776564
2018-01-16T06:25:00Z,0.0935,0.09359993,0.09324904,0.09324904,178.15667295
2018-01-16T06:30:00Z,0.093249,0.09359497,0.0932,0.09359471,178.45834628
2018-01-16T06:35:00Z,0.093443,0.09359471,0.09329001,0.0935,181.47626785
2018-01-16T06:40:00Z,0.09335001,0.0935947,0.09335001,0.09349999,170.60717168
2018-01-16T06:45:00Z,0.09349999,0.093725,0.09344002,0.093725,500.94510801
2018-01-16T06:50:00Z,0.093725,0.0938,0.09315,0.09338644,214.37842192
2018-01-16T06:55:00Z,0.09338644,0.09364503,0.0932,0.09358997,79.37367026
2018-01-16T07:00:00Z,0.09320002,0.0934,0.0932,0.0932,157.45934681
2018-01-16T07:05:00Z,0.0932,0.09329998,0.09259472,0.093299,233.39188378
2018-01-16T07:10:00Z,0.0932,0.0933,0.09291456,0.09319984,118.73980873
2018-01-16T07:15:00Z,0.09329997,0.0933,0.092615,0.09322,161.13919157
2018-01-16T07:20:00Z,0.09322,0.09322,0.09260001,0.09321998,108.70031287
2018-01-16T07:25:00Z,0.09321947,0.09339994,0.09271676,0.09339289,415.93719992
2018-01-16T07:30:00Z,0.09313,0.09339289,0.09259472,0.09280004,220.54615024
2018-01-16T07:35:00Z,0.09280004,0.09291,0.09244544,0.09259932,260.53480761
2018-01-16T07:40:00Z,0.09259477,0.09268999,0.09215,0.09217614,411.48202039
2018-01-16T07:45:00Z,0.09217614,0.09250001,0.09209994,0.09215001,321.31359329
2018-01-16T07:50:00Z,0.09215001,0.09234998,0.09209994,0.09228998,306.39376436
2018-01-16T07:55:00Z,0.09227175,0.09234996,0.09200021,0.092005,602.50097738
2018-01-16T08:00:00Z,0.09221722,0.09285899,0.09200999,0.09237549,693.34210604
2018-01-16T08:05:00Z,0.09237549,0.093,0.09237535,0.09237535,624.6141712
2018-01-16T08:10:00Z,0.09237536,0.093,0.092,0.09251316,573.87566037
2018-01-16T08:15:00Z,0.09251316,0.09251317,0.092,0.0924,357.40622507
2018-01-16T08:20:00Z,0.09228661,0.0924,0.09209838,0.09209839,386.89344017
2018-01-16T08:25:00Z,0.0922878,0.0922878,0.09001,0.09006014,1790.61068266
2018-01-16T08:30:00Z,0.09006014,0.0906124,0.08873897,0.088775,2782.03943122
2018-01-16T08:35:00Z,0.08929554,0.09207275,0.08891586,0.09207275,782.87126995
2018-01-16T08:40:00Z,0.09183383,0.09339338,0.0915,0.0921,1165.88768591
2018-01-16T08:45:00Z,0.0924,0.09383218,0.0917,0.09369998,601.90991948
2018-01-16T08:50:00Z,0.09364503,0.0939,0.09163501,0.09200001,692.26284561
2018-01-16T08:55:00Z,0.09200001,0.0926,0.0914051,0.09195511,385.16320779
2018-01-16T09:00:00Z,0.09197,0.09197,0.0914051,0.09150392,351.11529448
2018-01-16T09:05:00Z,0.09150392,0.091757,0.090263,0.091,439.80170553
2018-01-16T09:10:00Z,0.091,0.09146998,0.08969499,0.08978111,844.89914104
2018-01-16T09:15:00Z,0.08978111,0.09086963,0.0892621,0.09013791,757.29196038
2018-01-16T09:20:00Z,0.09053713,0.09063997,0.08925304,0.08939705,851.95912079
2018-01-16T09:25:00Z,0.089889,0.091,0.089258,0.090663,336.40962881
2018-01-16T09:30:00Z,0.091,0.09146499,0.09,0.09030001,611.74493708
2018-01-16T09:35:00Z,0.09069998,0.0907,0.09,0.0901,382.01539787
2018-01-16T09:40:00Z,0.09019999,0.0902,0.089,0.08908196,750.00806289
2018-01-16T09:45:00Z,0.08973122,0.08986636,0.0883,0.089,875.97874688
2018-01-16T09:50:00Z,0.089,0.08971621,0.08819999,0.08930951,1043.23882465
2018-01-16T09:55:00Z,0.08918,0.0907,0.08857766,0.09039,813.51914162
2018-01-16T10:00:00Z,0.09028,0.090695,0.0886748,0.08959448,592.27704581
2018-01-16T10:05:00Z,0.08959447,0.09069,0.08920002,0.08959457,735.95422613
2018-01-16T10:10:00Z,0.08999997,0.09158163,0.08959456,0.09070002,873.86269869
2018-01-16T10:15:00Z,0.08986693,0.091004,0.08901257,0.08909104,616.23468547
2018-01-16T10:20:00Z,0.089095,0.08940722,0.0873,0.08774373,1687.18683835
2018-01-16T10:25:00Z,0.08774373,0.0888,0.08641098,0.0881,1567.93436162
2018-01-16T10:30:00Z,0.0881,0.0899,0.0875701,0.08908057,522.81871635
2018-01-16T10:35:00Z,0.0891,0.09065136,0.08908057,0.09043473,403.23759158
2018-01-16T10:40:00Z,0.0902,0.09081998,0.08871491,0.089922,847.5170383
2018-01-16T10:45:00Z,0.08950341,0.08963199,0.08835002,0.08946893,576.03527275
2018-01-16T10:50:00Z,0.0892202,0.08946895,0.08822278,0.08899999,495.21958317
2018-01-16T10:55:00Z,0.08909934,0.0893,0.0884843,0.0893,420.94150808
2018-01-16T11:00:00Z,0.08877945,0.09035289,0.08877944,0.0894914,497.71713701
2018-01-16T11:05:00Z,0.08949139,0.09035289,0.08890001,0.090239,435.3924961
2018-01-16T11:10:00Z,0.09013417,0.09088164,0.0898283,0.09052263,420.14923876
2018-01-16T11:15:00Z,0.09037084,0.09133,0.09037084,0.0911,364.97897112
2018-01-16T11:20:00Z,0.09119999,0.09195511,0.09064826,0.0913599,458.93289416
2018-01-16T11:25:00Z,0.09113068,0.0915,0.09098035,0.09113069,340.74595995
2018-01-16T11:30:00Z,0.09113069,0.09174999,0.09098035,0.09152,393.25079103
2018-01-16T11:35:00Z,0.09152,0.09158148,0.09113995,0.09158148,298.44182957
2018-01-16T11:40:00Z,0.09158147,0.092,0.0915,0.0919999,588.59457471
2018-01-16T11:45:00Z,0.0919999,0.0931,0.0915999,0.09301086,317.9933897
2018-01-16T11:50:00Z,0.09301086,0.09366077,0.09260538,0.09354999,800.44640568
2018-01-16T11:55:00Z,0.09354998,0.09433899,0.09307872,0.09407372,599.2486273
2018-01-16T12:00:00Z,0.09424302,0.094811,0.0940001,0.09455,674.66711157
2018-01-16T12:05:00Z,0.09455,0.09476931,0.09400025,0.09469537,645.71248027
2018-01-16T12:10:00Z,0.09469537,0.09519288,0.094127,0.0951879,661.56800406
2018-01-16T12:15:00Z,0.0951879,0.09549999,0.09494009,0.095,846.25814895
2018-01-16T12:20:00Z,0.09494009,0.09498,0.09321,0.09330002,608.69635616
2018-01-16T12:25:00Z,0.09376996,0.0940002,0.0933,0.09379911,457.65793592
2018-01-16T12:30:00Z,0.094,0.09507504,0.09307871,0.0938038,502.86980709
2018-01-16T12:35:00Z,0.09417536,0.09417536,0.09260541,0.09286585,463.28174385
2018-01-16T12:40:00Z,0.09298998,0.09359642,0.09260541,0.09316571,188.11175662
2018-01-16T12:45:00Z,0.09332847,0.09397113,0.09273573,0.09310501,245.2552932
2018-01-16T12:50:00Z,0.09319012,0.09380761,0.09288082,0.09326228,266.2040867
2018-01-16T12:55:00Z,0.09326228,0.09364324,0.09260542,0.0932999,241.27377099
2018-01-16T13:00:00Z,0.0932999,0.09367871,0.09286,0.09359997,435.76385417
2018-01-16T13:05:00Z,0.09341,0.0937187,0.09279752,0.09361687,295.20161995
2018-01-16T13:10:00Z,0.09317608,0.09370172,0.09317608,0.09321927,447.13798544
2018-01-16T13:15:00Z,0.09370163,0.09388508,0.09321927,0.09373447,494.35538841
2018-01-16T13:20:00Z,0.09330001,0.09373445,0.0933,0.09352873,298.28243158
2018-01-16T13:25:00Z,0.09352873,0.0938851,0.09352873,0.0938851,283.01551465
2018-01-16T13:30:00Z,0.09362227,0.09445482,0.09286005,0.09339934,297.89660742
2018-01-16T13:35:00Z,0.09339934,0.09339934,0.09253779,0.09253779,287.78384413
2018-01-16T13:40:00Z,0.09260542,0.0929,0.09225891,0.09282613,330.8563564
2018-01-16T13:45:00Z,0.09269,0.09282613,0.091973,0.09204,218.70239207
2018-01-16T13:50:00Z,0.092,0.09219999,0.09098,0.09145298,483.0470438
2018-01-16T13:55:00Z,0.09118116,0.09175097,0.09079477,0.09118511,387.04301976
2018-01-16T14:00:00Z,0.09118511,0.09249534,0.0909799,0.09229539,270.73584387
2018-01-16T14:05:00Z,0.09229539,0.0935,0.09189876,0.09238903,463.8385361
2018-01-16T14:10:00Z,0.09265,0.09300669,0.09189005,0.09259399,172.82640147
2018-01-16T14:15:00Z,0.09259399,0.09306139,0.0925,0.09298408,284.27601015
2018-01-16T14:20:00Z,0.09290802,0.0936565,0.0927,0.09290786,186.85787186
2018-01-16T14:25:00Z,0.09297942,0.09332353,0.09259507,0.09293,128.47261114
2018-01-16T14:30:00Z,0.09293,0.09351064,0.09293,0.09332,462.55275564
2018-01-16T14:35:00Z,0.09332,0.09332,0.09293003,0.09304,219.20827559
2018-01-16T14:40:00Z,0.09304,0.09329,0.0925991,0.093,201.61250567
2018-01-16T14:45:00Z,0.093,0.0935,0.09259909,0.09301166,324.4933899
2018-01-16T14:50:00Z,0.09322998,0.09335181,0.09194345,0.0925,201.4089769
2018-01-16T14:55:00Z,0.09249986,0.09296763,0.09213681,0.09288514,200.0501015
2018-01-16T15:00:00Z,0.09286998,0.093415,0.09266,0.09335951,203.97725231
2018-01-16T15:05:00Z,0.09335951,0.09339997,0.09287008,0.093094,135.01322635
2018-01-16T15:10:00Z,0.0931,0.09362734,0.093094,0.09309401,250.15251066
2018-01-16T15:15:00Z,0.09309401,0.09358299,0.09300001,0.0932132,128.79156142
2018-01-16T15:20:00Z,0.0932132,0.09359,0.09300001,0.093337,86.43149564
2018-01-16T15:25:00Z,0.093337,0.0938,0.09300001,0.09343027,192.26682552
2018-01-16T15:30:00Z,0.09371336,0.09457135,0.093005,0.09343009,165.41925021
2018-01-16T15:35:00Z,0.09347926,0.09399999,0.09343009,0.09381038,138.35269874
2018-01-16T15:40:00Z,0.09381038,0.09409005,0.09300001,0.09360898,179.57146074
2018-01-16T15:45:00Z,0.09323939,0.09393488,0.09323938,0.09360894,109.76340348
2018-01-16T15:50:00Z,0.09381622,0.09410413,0.09346362,0.09402998,130.7763141
2018-01-16T15:55:00Z,0.09402995,0.09402995,0.09361001,0.09398755,199.3683858
2018-01-16T16:00:00Z,0.09398755,0.09419293,0.09328038,0.09378806,415.73946652
2018-01-16T16:05:00Z,0.09378806,0.094,0.093276,0.093276,148.99867816
2018-01-16T16:10:00Z,0.09373999,0.09374,0.093275,0.0935,149.0738424
2018-01-16T16:15:00Z,0.09349999,0.09381009,0.09328,0.09350001,101.92183051
2018-01-16T16:20:00Z,0.09359899,0.0936,0.09329007,0.09345001,147.00895806
2018-01-16T16:25:00Z,0.09359,0.09412,0.09329008,0.09397249,247.02168209
2018-01-16T16:30:00Z,0.09397248,0.094,0.09338504,0.09396001,110.05302913
2018-01-16T16:35:00Z,0.09396001,0.094,0.09358,0.09399999,202.89234515
2018-01-16T16:40:00Z,0.09399999,0.09399999,0.09358001,0.09382249,67.95543536
2018-01-16T16:45:00Z,0.09382249,0.09399997,0.09368,0.09368,83.64211952
2018-01-16T16:50:00Z,0.09399,0.09399,0.093275,0.09348789,108.37932401
2018-01-16T16:55:00Z,0.09348789,0.09398992,0.093275,0.093678,83.69822688
2018-01-16T17:00:00Z,0.09367596,0.09393623,0.093275,0.09359996,126.44500567
2018-01-16T17:05:00Z,0.093298,0.09392707,0.09327603,0.0936,230.46101063
2018-01-16T17:10:00Z,0.0936,0.0938,0.0931,0.09330763,391.70172821
2018-01-16T17:15:00Z,0.09330595,0.09344499,0.09266002,0.0927773,766.77918435
2018-01-16T17:20:00Z,0.09277729,0.09317479,0.09219001,0.09236863,338.94213444
2018-01-16T17:25:00Z,0.09219466,0.09307,0.09219,0.09282202,329.36293793
2018-01-16T17:30:00Z,0.09275822,0.09307,0.09247,0.09307,233.21604302
2018-01-16T17:35:00Z,0.09271449,0.09332499,0.09266757,0.09297877,97.77768081
2018-01-16T17:40:00Z,0.09297877,0.09314463,0.09236864,0.09236864,210.37410406
2018-01-16T17:45:00Z,0.09236864,0.09286617,0.09219,0.09219,300.18458712
2018-01-16T17:50:00Z,0.09219,0.09267999,0.0914935,0.092095,272.03331211
2018-01-16T17:55:00Z,0.0914935,0.09225671,0.0913,0.0915,153.22211548
2018-01-16T18:00:00Z,0.09170003,0.09202,0.09142001,0.0915001,132.46755919
2018-01-16T18:05:00Z,0.09150011,0.09191099,0.091,0.09129999,208.92929703
2018-01-16T18:10:00Z,0.09129999,0.09202,0.091,0.09129999,229.42045865
2018-01-16T18:15:00Z,0.09129999,0.09271515,0.09100001,0.09234001,186.99561576
2018-01-16T18:20:00Z,0.09234001,0.09272289,0.09168002,0.09198354,346.24184934
2018-01-16T18:25:00Z,0.09260857,0.09341942,0.09200512,0.09304527,276.02693712
2018-01-16T18:30:00Z,0.09304527,0.09355901,0.09304527,0.09310152,179.2132868
2018-01-16T18:35:00Z,0.093101,0.09340432,0.09260859,0.09310895,156.88574711
2018-01-16T18:40:00Z,0.09310895,0.09315446,0.092367,0.09242752,174.45080826
2018-01-16T18:45:00Z,0.09242752,0.09355,0.091408,0.09222577,354.96100589
2018-01-16T18:50:00Z,0.0920863,0.09278829,0.09171145,0.09230031,212.97402528
2018-01-16T18:55:00Z,0.09230031,0.09252029,0.09156,0.09170176,525.88587194
2018-01-16T19:00:00Z,0.09170176,0.09252028,0.09156,0.09232497,182.42790622
2018-01-16T19:05:00Z,0.09232497,0.09339118,0.09180575,0.09338098,203.43366168
2018-01-16T19:10:00Z,0.09280001,0.09370433,0.09237301,0.09296799,206.99543305
2018-01-16T19:15:00Z,0.0929777,0.09310485,0.09229457,0.09310483,183.24473682
2018-01-16T19:20:00Z,0.09310483,0.093378,0.09268011,0.09324376,215.50725025
2018-01-16T19:25:00Z,0.09324376,0.09328468,0.09260001,0.0927,207.15372944
2018-01-16T19:30:00Z,0.0927,0.0929,0.0927,0.0929,65.55258128
2018-01-16T19:35:00Z,0.09270004,0.09324284,0.0927,0.0928,155.1224309
2018-01-16T19:40:00Z,0.09319992,0.09337795,0.09257804,0.09318994,256.46247166
2018-01-16T19:45:00Z,0.09318994,0.09318995,0.09270397,0.09301,107.70121143
2018-01-16T19:50:00Z,0.093,0.09337796,0.092745,0.0931,253.7874066
2018-01-16T19:55:00Z,0.093,0.09366296,0.09257804,0.09257804,171.8824008
2018-01-16T20:00:00Z,0.09257803,0.09309991,0.09212078,0.09223,105.42902381
2018-01-16T20:05:00Z,0.09223,0.093,0.09216466,0.09256242,151.08668609
2018-01-16T20:10:00Z,0.09280975,0.093,0.0924,0.0926,150.91343104
2018-01-16T20:15:00Z,0.0928,0.09370433,0.092407,0.09244784,321.5045209
2018-01-16T20:20:00Z,0.09245382,0.09372102,0.0921647,0.09263883,390.35033372
2018-01-16T20:25:00Z,0.09281562,0.09286749,0.09208602,0.09280904,230.06659308
2018-01-16T20:30:00Z,0.0928015,0.09325799,0.09187528,0.0924,240.98707689
2018-01-16T20:35:00Z,0.09192091,0.09254951,0.09137,0.09137,331.16122009
2018-01-16T20:40:00Z,0.09162995,0.09162995,0.091,0.091349,232.1529556
2018-01-16T20:45:00Z,0.091349,0.09216593,0.0908,0.09158786,325.51640401
2018-01-16T20:50:00Z,0.09179667,0.09236973,0.09080022,0.0912,235.07601749
2018-01-16T20:55:00Z,0.0912,0.0912,0.09056,0.090698,262.29036066
2018-01-16T21:00:00Z,0.09108999,0.09109499,0.0904687,0.09105825,218.60016689
2018-01-16T21:05:00Z,0.09105825,0.0925684,0.090474,0.09175083,405.871137
2018-01-16T21:10:00Z,0.09216531,0.09223921,0.0912158,0.09138512,184.78423652
2018-01-16T21:15:00Z,0.09138512,0.0925749,0.09109463,0.09204347,473.11892395
2018-01-16T21:20:00Z,0.09204348,0.09266799,0.09118755,0.09119,367.22310601
2018-01-16T21:25:00Z,0.09119,0.09140067,0.09,0.09012012,501.43295419
2018-01-16T21:30:00Z,0.09,0.09048311,0.08925,0.08928222,513.18614421
2018-01-16T21:35:00Z,0.08925,0.08996019,0.08845,0.0885679,824.22828219
2018-01-16T21:40:00Z,0.0885679,0.08954099,0.08819118,0.08891195,622.17004824
2018-01-16T21:45:00Z,0.08891195,0.09184624,0.08839666,0.0902,756.30513292
2018-01-16T21:50:00Z,0.0903197,0.0915385,0.08941057,0.09035399,1040.74120871
2018-01-16T21:55:00Z,0.08962536,0.09035399,0.08856673,0.08863767,324.90781125
2018-01-16T22:00:00Z,0.088638,0.0892,0.08811099,0.08855499,514.37707389
2018-01-16T22:05:00Z,0.08832733,0.08863747,0.0875,0.088,799.89294937
2018-01-16T22:10:00Z,0.088,0.08860593,0.08720001,0.087808,654.15514958
2018-01-16T22:15:00Z,0.08723975,0.087995,0.08668487,0.08668487,1104.92790106
2018-01-16T22:20:00Z,0.08668487,0.08730996,0.08555556,0.08685939,1589.70226664
2018-01-16T22:25:00Z,0.08679018,0.087,0.0854,0.08540001,2071.16521806
2018-01-16T22:30:00Z,0.08540002,0.08790303,0.0851,0.08722475,1499.91978494
2018-01-16T22:35:00Z,0.08705851,0.09088348,0.08655705,0.08999996,1507.18780232
2018-01-16T22:40:00Z,0.09024,0.0914551,0.08941586,0.09020349,1437.29948881
2018-01-16T22:45:00Z,0.09023771,0.09099999,0.08911905,0.090589,941.05081223
2018-01-16T22:50:00Z,0.09058903,0.09136622,0.09000474,0.09041204,595.15381263
2018-01-16T22:55:00Z,0.09041214,0.091361,0.09,0.09093783,455.20866579
2018-01-16T23:00:00Z,0.09093783,0.09269999,0.09063375,0.09182926,556.81078495
2018-01-16T23:05:00Z,0.09182926,0.09226507,0.09002483,0.09118417,554.80139141
2018-01-16T23:10:00Z,0.09118417,0.092,0.09051007,0.09131121,312.79135156
2018-01-16T23:15:00Z,0.09164654,0.0922,0.09130664,0.09199191,281.81303148
2018-01-16T23:20:00Z,0.0920596,0.09346225,0.09159568,0.09319128,410.06312519
2018-01-16T23:25:00Z,0.09311702,0.09422312,0.09252695,0.09264356,702.97637652
2018-01-16T23:30:00Z,0.09264226,0.09358613,0.09204121,0.09206611,468.40893841
2018-01-16T23:35:00Z,0.09205283,0.09279999,0.09124002,0.0917999,452.45937121
2018-01-16T23:40:00Z,0.0917999,0.09338825,0.09152523,0.0925,308.67989627
2018-01-16T23:45:00Z,0.09294618,0.09320886,0.09179526,0.09220914,486.95999874
2018-01-16T23:50:00Z,0.09220914,0.09294499,0.09175546,0.09203749,342.94380927
2018-01-16T23:55:00Z,0.09203749,0.09300356,0.09197476,0.09199352,386.27677536
2018-01-17T00:00:00Z,0.09199352,0.09424988,0.09177738,0.09289599,404.26047817
2018-01-17T00:05:00Z,0.09289599,0.09401,0.0928117,0.09347005,591.09617714
2018-01-17T00:10:00Z,0.09372815,0.09435345,0.09317804,0.0938501,353.51600639
2018-01-17T00:15:00Z,0.0938501,0.0945,0.0935311,0.09405533,402.34125676
2018-01-17T00:20:00Z,0.0944799,0.0949,0.09295525,0.09308617,878.77120986
2018-01-17T00:25:00Z,0.09308617,0.09397428,0.09200999,0.09201009,371.60923418
2018-01-17T00:30:00Z,0.0924618,0.0935123,0.09200999,0.09227768,409.51578621
2018-01-17T00:35:00Z,0.09226429,0.09241986,0.09100079,0.09120389,488.62068029
2018-01-17T00:40:00Z,0.09121002,0.09246182,0.09063242,0.09157529,672.6011473
2018-01-17T00:45:00Z,0.09157529,0.09198107,0.09083,0.09172998,384.20943313
2018-01-17T00:50:00Z,0.09114263,0.09160062,0.09000001,0.09000002,718.09807043
2018-01-17T00:55:00Z,0.09016145,0.09066298,0.09,0.090207,395.66229968
2018-01-17T01:00:00Z,0.09055905,0.09245051,0.09002969,0.09166739,485.65895527
2018-01-17T01:05:00Z,0.0909654,0.09265766,0.09095134,0.0925,407.84137643
2018-01-17T01:10:00Z,0.0925,0.09303839,0.0913,0.0917544,379.03628452
2018-01-17T01:15:00Z,0.0917544,0.09271343,0.09147763,0.09203778,177.99431209
2018-01-17T01:20:00Z,0.09203781,0.09305692,0.09200001,0.09282772,181.32282689
2018-01-17T01:25:00Z,0.09282772,0.09318477,0.09216493,0.0924,264.63122804
2018-01-17T01:30:00Z,0.0924,0.09315882,0.09236,0.09282,206.86987987
2018-01-17T01:35:00Z,0.09282,0.09315415,0.09237,0.09264999,306.52693946
2018-01-17T01:40:00Z,0.09247508,0.09322507,0.09247505,0.09252796,139.45418229
2018-01-17T01:45:00Z,0.09320023,0.0934,0.09212882,0.0926706,271.06186472
2018-01-17T01:50:00Z,0.0926706,0.09295097,0.09205282,0.09269534,130.6747456
2018-01-17T01:55:00Z,0.09268999,0.09275,0.091758,0.09204913,202.3158166
2018-01-17T02:00:00Z,0.09204912,0.09205096,0.09081703,0.09081703,199.75230922
2018-01-17T02:05:00Z,0.09081705,0.09262585,0.09081703,0.09157233,164.04603913
2018-01-17T02:10:00Z,0.09187366,0.09211754,0.090817,0.09136909,117.38885018
2018-01-17T02:15:00Z,0.09136905,0.09200834,0.09087578,0.09147178,154.9440385
2018-01-17T02:20:00Z,0.09147176,0.09147176,0.08903429,0.09003001,1366.20074529
2018-01-17T02:25:00Z,0.09058386,0.09063803,0.09,0.09027465,146.55278813
2018-01-17T02:30:00Z,0.09027465,0.09074915,0.08960004,0.09030469,355.58954273
2018-01-17T02:35:00Z,0.09030469,0.09072528,0.08989043,0.09,169.77453073
2018-01-17T02:40:00Z,0.0905868,0.0905868,0.089,0.089,211.12199156
2018-01-17T02:45:00Z,0.0891,0.09018429,0.0887,0.08932888,257.75460194
2018-01-17T02:50:00Z,0.08910007,0.0900143,0.08878189,0.08955063,256.26539675
2018-01-17T02:55:00Z,0.08934025,0.09048105,0.0891755,0.08998671,208.89278067
2018-01-17T03:00:00Z,0.08998671,0.09058223,0.08928171,0.08957287,374.81976151
2018-01-17T03:05:00Z,0.09030254,0.09058223,0.08959,0.09,116.83443192
2018-01-17T03:10:00Z,0.0901024,0.09047112,0.08959006,0.09022294,349.542125
2018-01-17T03:15:00Z,0.09022294,0.09040172,0.089,0.08965794,447.74826467
2018-01-17T03:20:00Z,0.08958492,0.08986929,0.0887759,0.08969045,432.03307564
2018-01-17T03:25:00Z,0.08903253,0.08995846,0.08873432,0.08873432,647.86599357
2018-01-17T03:30:00Z,0.08928527,0.08985819,0.08866116,0.08905827,420.53241361
2018-01-17T03:35:00Z,0.08923,0.08985819,0.08900002,0.08969999,194.63129078
2018-01-17T03:40:00Z,0.08969999,0.08981952,0.08900692,0.0898195,243.02219135
2018-01-17T03:45:00Z,0.08981944,0.08985819,0.0891,0.08985818,237.46541804
2018-01-17T03:50:00Z,0.08985817,0.0906746,0.08920002,0.09064939,281.81611985
2018-01-17T03:55:00Z,0.09010002,0.09071112,0.0892,0.08962876,440.04529803
2018-01-17T04:00:00Z,0.09027245,0.09074735,0.08926993,0.08996147,472.72449239
2018-01-17T04:05:00Z,0.08996147,0.09073365,0.08926122,0.08935,363.26413487
2018-01-17T04:10:00Z,0.08968507,0.08999917,0.08806377,0.08859258,463.15547034
2018-01-17T04:15:00Z,0.08908918,0.08967083,0.08821629,0.08897882,382.45298979
2018-01-17T04:20:00Z,0.08897882,0.08934781,0.088155,0.08880751,221.83292553
2018-01-17T04:25:00Z,0.08880751,0.08955901,0.08865403,0.08908934,162.84046251
2018-01-17T04:30:00Z,0.08908934,0.09013196,0.08885436,0.08901655,379.25512682
2018-01-17T04:35:00Z,0.08901655,0.08999499,0.08881118,0.08907074,300.23050409
2018-01-17T04:40:00Z,0.08958368,0.09,0.08900005,0.08910005,473.35745036
2018-01-17T04:45:00Z,0.08931915,0.08980998,0.08910004,0.08943011,173.48683052
2018-01-17T04:50:00Z,0.08910017,0.08967488,0.08865404,0.08865404,257.00919077
2018-01-17T04:55:00Z,0.08865404,0.08960709,0.08865403,0.08886665,141.84942239
2018-01-17T05:00:00Z,0.08915066,0.08932,0.08820302,0.08856164,361.12411514
2018-01-17T05:05:00Z,0.08856165,0.0892,0.08825172,0.089,103.75835548
2018-01-17T05:10:00Z,0.089,0.08932056,0.0886,0.089,169.56148741
2018-01-17T05:15:00Z,0.089,0.08932054,0.08806388,0.08905426,383.06173315
2018-01-17T05:20:00Z,0.089,0.0891,0.0885568,0.08877082,137.27963282
2018-01-17T05:25:00Z,0.08903,0.0891,0.08855685,0.08860001,116.18970025
2018-01-17T05:30:00Z,0.08860001,0.0891,0.08816621,0.08909999,185.48612043
2018-01-17T05:35:00Z,0.08909821,0.0891,0.08806923,0.08899993,320.77716813
2018-01-17T05:40:00Z,0.08866538,0.08961843,0.08866536,0.08909347,157.22786949
2018-01-17T05:45:00Z,0.08933,0.08955873,0.08874194,0.0892,145.69046646
2018-01-17T05:50:00Z,0.08906818,0.08949418,0.08851611,0.08863143,141.22628254
2018-01-17T05:55:00Z,0.089,0.08953165,0.08863146,0.0888878,217.27466697
2018-01-17T06:00:00Z,0.0888878,0.08956276,0.08880028,0.08955993,241.83949057
2018-01-17T06:05:00Z,0.08955994,0.08955994,0.08900001,0.08954,96.42237184
2018-01-17T06:10:00Z,0.08907448,0.08955991,0.0888,0.08935836,286.38636861
2018-01-17T06:15:00Z,0.08935835,0.08938,0.08880053,0.089336,223.49629403
2018-01-17T06:20:00Z,0.08893692,0.09052408,0.08893692,0.09016414,379.98159669
2018-01-17T06:25:00Z,0.09016414,0.09066992,0.0896,0.09026,435.34198001
2018-01-17T06:30:00Z,0.08990231,0.09040999,0.089522,0.08970707,245.4665743
2018-01-17T06:35:00Z,0.08973996,0.09065067,0.08954346,0.08988911,303.56167313
2018-01-17T06:40:00Z,0.0902462,0.09066991,0.08976842,0.08999,206.02334058
2018-01-17T06:45:00Z,0.08999,0.09049999,0.08976842,0.08982975,471.55968207
2018-01-17T06:50:00Z,0.08982975,0.0904455,0.08982715,0.09034753,181.94962125
2018-01-17T06:55:00Z,0.0898272,0.09047461,0.08954346,0.08988044,214.09455209
2018-01-17T07:00:00Z,0.08988044,0.09047461,0.0895,0.08952507,442.05063665
2018-01-17T07:05:00Z,0.09,0.09006501,0.08936001,0.09,281.49030011
2018-01-17T07:10:00Z,0.09000192,0.09000192,0.08956258,0.08999,206.67913035
2018-01-17T07:15:00Z,0.08999,0.08999,0.08956258,0.08956258,177.18161173
2018-01-17T07:20:00Z,0.0898675,0.0899499,0.0895,0.08956001,308.68895286
2018-01-17T07:25:00Z,0.08956001,0.08978473,0.08930287,0.08974125,373.91953982
2018-01-17T07:30:00Z,0.08936101,0.0898,0.08880002,0.0898,524.83432592
2018-01-17T07:35:00Z,0.08932207,0.0904,0.08932201,0.0904,346.57900652
2018-01-17T07:40:00Z,0.09026237,0.0904,0.08956994,0.08976639,148.98489749
2018-01-17T07:45:00Z,0.08976639,0.0904,0.08976639,0.09033914,186.66146061
2018-01-17T07:50:00Z,0.0903,0.09044584,0.08949191,0.0903,236.56338793
2018-01-17T07:55:00Z,0.0903,0.09066992,0.08963061,0.090555,280.22161231
2018-01-17T08:00:00Z,0.090555,0.090555,0.0897,0.09014155,350.35999632
2018-01-17T08:05:00Z,0.08998946,0.091086,0.0898,0.09061964,301.36738544
2018-01-17T08:10:00Z,0.09061964,0.09179889,0.0904,0.09153472,354.57357068
2018-01-17T08:15:00Z,0.09100012,0.0917393,0.09,0.09031976,234.19960826
2018-01-17T08:20:00Z,0.0901753,0.09079111,0.08980002,0.0905,407.81934041
2018-01-17T08:25:00Z,0.09049994,0.09072998,0.09012236,0.09057,392.9951766
2018-01-17T08:30:00Z,0.09020001,0.0907,0.09012236,0.09012236,158.18658564
2018-01-17T08:35:00Z,0.0905988,0.09061625,0.09012235,0.0906,179.11189887
2018-01-17T08:40:00Z,0.0906,0.09079781,0.09015001,0.0905,154.5051009
2018-01-17T08:45:00Z,0.0905,0.09079999,0.09015023,0.090699,118.45176871
2018-01-17T08:50:00Z,0.09035,0.090699,0.09015022,0.09017036,135.6226022
2018-01-17T08:55:00Z,0.09015022,0.09052,0.0899,0.0902278,248.34091114
2018-01-17T09:00:00Z,0.09017331,0.09063999,0.09000001,0.09015217,129.54890467
2018-01-17T09:05:00Z,0.09015217,0.09045,0.09000001,0.09000001,162.05963833
2018-01-17T09:10:00Z,0.0903,0.0903,0.08966668,0.08966668,249.99404139
2018-01-17T09:15:00Z,0.08966668,0.0901809,0.0893,0.08938002,159.11752965
2018-01-17T09:20:00Z,0.08975643,0.09003099,0.08900501,0.08982697,299.42735258
2018-01-17T09:25:00Z,0.089822,0.08985298,0.0886644,0.08884811,142.90717892
2018-01-17T09:30:00Z,0.08884811,0.08958019,0.0888,0.08955499,274.97474836
2018-01-17T09:35:00Z,0.08943624,0.09001526,0.089,0.08989649,1406.72440737
2018-01-17T09:40:00Z,0.08989649,0.0899955,0.089,0.08990678,307.68419401
2018-01-17T09:45:00Z,0.0899,0.0900359,0.08927998,0.08930935,264.55267185
2018-01-17T09:50:00Z,0.08930935,0.0900359,0.08880002,0.08899999,210.54012837
2018-01-17T09:55:00Z,0.08899999,0.08986743,0.0888,0.08925892,290.26897738
2018-01-17T10:00:00Z,0.08925892,0.08972993,0.08863139,0.08914019,153.40330737
2018-01-17T10:05:00Z,0.08920517,0.08939061,0.08863139,0.08939061,177.43134494
2018-01-17T10:10:00Z,0.08891312,0.08939061,0.08841,0.08891355,255.23635911
2018-01-17T10:15:00Z,0.08841,0.08881284,0.0881,0.08853288,197.61995116
2018-01-17T10:20:00Z,0.0881299,0.0887306,0.08771976,0.0884688,333.18867051
2018-01-17T10:25:00Z,0.0884688,0.08915299,0.0875,0.08858722,474.32856918
2018-01-17T10:30:00Z,0.08846016,0.08915773,0.08804192,0.08870023,234.09300902
2018-01-17T10:35:00Z,0.08871592,0.08943304,0.08840001,0.08884675,526.09900406
2018-01-17T10:40:00Z,0.08877474,0.08932998,0.08847002,0.089224,159.65795513
2018-01-17T10:45:00Z,0.089224,0.08943304,0.08871001,0.08932992,244.10972632
2018-01-17T10:50:00Z,0.08932992,0.0895,0.08878008,0.08880001,267.70474293
2018-01-17T10:55:00Z,0.08929156,0.089485,0.08815298,0.08845438,276.27473822
2018-01-17T11:00:00Z,0.08845438,0.088938,0.08785004,0.088454,429.90181336
2018-01-17T11:05:00Z,0.088454,0.0889,0.08796822,0.08889999,194.7201012
2018-01-17T11:10:00Z,0.08889999,0.08944499,0.0882551,0.08866001,230.97221879
2018-01-17T11:15:00Z,0.08895876,0.0893,0.08865002,0.08910644,211.89113284
2018-01-17T11:20:00Z,0.08910644,0.08946498,0.08866002,0.08900005,141.25512324
2018-01-17T11:25:00Z,0.08920622,0.0893517,0.08800004,0.08800004,212.43455602
2018-01-17T11:30:00Z,0.08866499,0.08896777,0.08800001,0.0883771,195.05112337
2018-01-17T11:35:00Z,0.0883771,0.08852448,0.08754257,0.08785,493.29277509
2018-01-17T11:40:00Z,0.08799999,0.08799999,0.08707476,0.08709541,315.2866099
2018-01-17T11:45:00Z,0.08719011,0.0876889,0.08700503,0.08700503,407.61214135
2018-01-17T11:50:00Z,0.08700503,0.08758999,0.08700503,0.08754823,474.15135054
2018-01-17T11:55:00Z,0.08754823,0.08758999,0.087,0.087448,584.04509507
2018-01-17T12:00:00Z,0.08704626,0.08758999,0.0868048,0.08743116,357.88369147
2018-01-17T12:05:00Z,0.08743116,0.08754545,0.08669686,0.0871,263.72676225
2018-01-17T12:10:00Z,0.0871,0.08733869,0.08663397,0.08733868,440.9501394
2018-01-17T12:15:00Z,0.08733868,0.08758599,0.08654937,0.08654937,205.57603422
2018-01-17T12:20:00Z,0.08700319,0.08709499,0.08651049,0.08677689,232.93207212
2018-01-17T12:25:00Z,0.08704998,0.08729198,0.08651,0.08689999,336.39236082
2018-01-17T12:30:00Z,0.08699956,0.08699957,0.08651,0.08651001,469.83289607
2018-01-17T12:35:00Z,0.08651001,0.08714583,0.08617996,0.08673499,506.16448487
2018-01-17T12:40:00Z,0.086592,0.086715,0.08572859,0.086422,473.39853865
2018-01-17T12:45:00Z,0.08573122,0.08642199,0.08570456,0.08616801,168.6054328
2018-01-17T12:50:00Z,0.08616801,0.08636198,0.08572866,0.08581,424.84334719
2018-01-17T12:55:00Z,0.08581,0.08655,0.08581,0.08591409,505.49849738
2018-01-17T13:00:00Z,0.08591409,0.08651499,0.08551453,0.08631734,504.37484545
2018-01-17T13:05:00Z,0.085572,0.08631734,0.085,0.08534541,966.46328748
2018-01-17T13:10:00Z,0.08534541,0.085995,0.08534541,0.08536017,345.64894212
2018-01-17T13:15:00Z,0.08536017,0.08599904,0.08512001,0.08599904,538.35629403
2018-01-17T13:20:00Z,0.08599904,0.08599906,0.08547892,0.08570002,229.09363744
2018-01-17T13:25:00Z,0.08598999,0.08598999,0.0856,0.08575845,319.25653607
2018-01-17T13:30:00Z,0.08575845,0.085984,0.08541623,0.08541623,226.84521839
2018-01-17T13:35:00Z,0.08541623,0.08597969,0.0853,0.08583616,402.92197748
2018-01-17T13:40:00Z,0.08583956,0.085989,0.0854316,0.08597969,468.44639445
2018-01-17T13:45:00Z,0.085989,0.085989,0.085309,0.08549433,351.73663897
2018-01-17T13:50:00Z,0.08551374,0.0856,0.0851896,0.0852008,256.68038664
2018-01-17T13:55:00Z,0.0852,0.0855165,0.085,0.08500001,618.06363626
2018-01-17T14:00:00Z,0.0851156,0.08568444,0.0849,0.0856,612.26905985
2018-01-17T14:05:00Z,0.08541424,0.08575133,0.08490001,0.08490509,646.7730191
2018-01-17T14:10:00Z,0.08499,0.08552781,0.08476082,0.08534308,459.6899488
2018-01-17T14:15:00Z,0.08534308,0.08534308,0.08455263,0.08526829,616.41434913
2018-01-17T14:20:00Z,0.08507879,0.08507981,0.08436001,0.08441101,403.19292646
2018-01-17T14:25:00Z,0.08453427,0.08499,0.08420073,0.08499,568.6711519
2018-01-17T14:30:00Z,0.08441821,0.08505393,0.08400011,0.0841159,708.84827343
2018-01-17T14:35:00Z,0.0841159,0.08429999,0.0835,0.0835,623.37216423
2018-01-17T14:40:00Z,0.08350004,0.08505393,0.08333333,0.08421002,1182.83488473
2018-01-17T14:45:00Z,0.08421002,0.08505393,0.0842015,0.08449999,427.12582654
2018-01-17T14:50:00Z,0.08449999,0.0847439,0.08393814,0.08451785,308.82772161
2018-01-17T14:55:00Z,0.08451785,0.08469953,0.08361004,0.08395169,412.69100532
2018-01-17T15:00:00Z,0.08395169,0.08448736,0.08352,0.08352,664.65503433
2018-01-17T15:05:00Z,0.08395,0.08469995,0.08352,0.0845,605.09159159
2018-01-17T15:10:00Z,0.08469993,0.085024,0.08411479,0.08480397,547.59942946
2018-01-17T15:15:00Z,0.08441559,0.08496998,0.083785,0.08419399,295.80130808
2018-01-17T15:20:00Z,0.083785,0.08418899,0.083,0.08332054,778.84478093
2018-01-17T15:25:00Z,0.08332057,0.08395799,0.08332056,0.08350398,322.94540569
2018-01-17T15:30:00Z,0.08353216,0.08392998,0.0833,0.0833,517.39275117
2018-01-17T15:35:00Z,0.08376696,0.08376697,0.0827613,0.08322177,978.87710529
2018-01-17T15:40:00Z,0.08322177,0.08392997,0.08299467,0.083762,505.55818217
2018-01-17T15:45:00Z,0.08374699,0.08398999,0.0834,0.08340069,335.2279313
2018-01-17T15:50:00Z,0.08340069,0.08408899,0.08340069,0.0835998,453.4429196
2018-01-17T15:55:00Z,0.0835998,0.08394994,0.08340071,0.08349,314.30698724
2018-01-17T16:00:00Z,0.08348999,0.08389789,0.08301101,0.08352603,360.0033605
2018-01-17T16:05:00Z,0.08352603,0.08408899,0.08300003,0.08320001,631.76043191
2018-01-17T16:10:00Z,0.08320001,0.08422389,0.08313399,0.08408897,348.14120506
2018-01-17T16:15:00Z,0.08357999,0.08441125,0.083525,0.08425496,158.69954972
2018-01-17T16:20:00Z,0.08425496,0.08470579,0.083809,0.08425613,222.400231
2018-01-17T16:25:00Z,0.08470579,0.08640793,0.08436101,0.08561,565.60099519
2018-01-17T16:30:00Z,0.0856685,0.08608999,0.08480643,0.08533999,326.46536105
2018-01-17T16:35:00Z,0.08485017,0.0855,0.08485017,0.08501001,177.5251475
2018-01-17T16:40:00Z,0.08533,0.0860947,0.08501501,0.0860947,209.91522912
2018-01-17T16:45:00Z,0.0861,0.08622504,0.0857,0.086225,407.32388126
2018-01-17T16:50:00Z,0.08622069,0.0867493,0.08589301,0.08668095,336.23047065
2018-01-17T16:55:00Z,0.08668096,0.0882,0.08668095,0.0882,443.76689355
2018-01-17T17:00:00Z,0.08812842,0.089001,0.08739187,0.08740201,786.38350307
2018-01-17T17:05:00Z,0.08740201,0.08798999,0.08660498,0.08743691,374.74588787
2018-01-17T17:10:00Z,0.0877927,0.08875097,0.087415,0.08849999,232.32043419
2018-01-17T17:15:00Z,0.08811767,0.08891999,0.08781046,0.08819401,320.26292951
2018-01-17T17:20:00Z,0.08819401,0.08881397,0.08708814,0.08776,491.24490995
2018-01-17T17:25:00Z,0.08711501,0.08827454,0.08708813,0.08751047,209.74762812
2018-01-17T17:30:00Z,0.08751047,0.08799998,0.0865,0.0865,546.59293801
2018-01-17T17:35:00Z,0.0865,0.08824187,0.08599998,0.0880047,510.81083022
2018-01-17T17:40:00Z,0.08808846,0.08808846,0.08667235,0.08681,297.41916701
2018-01-17T17:45:00Z,0.0867,0.08727175,0.08667234,0.08726297,122.15290987
2018-01-17T17:50:00Z,0.08724298,0.08833798,0.08681002,0.08831785,235.4981526
2018-01-17T17:55:00Z,0.08831784,0.08944998,0.08768,0.08768,338.53049506
2018-01-17T18:00:00Z,0.08799994,0.08807695,0.08707703,0.08708201,270.33096409
2018-01-17T18:05:00Z,0.08708202,0.08797399,0.08700018,0.08786998,218.45128765
2018-01-17T18:10:00Z,0.0875669,0.08803967,0.087,0.08728017,154.33488467
2018-01-17T18:15:00Z,0.087817,0.087817,0.08703,0.08726846,278.58338845
2018-01-17T18:20:00Z,0.0877069,0.0877069,0.087005,0.0874,149.62401698
2018-01-17T18:25:00Z,0.0874,0.08765497,0.08700001,0.08702001,104.20974469
2018-01-17T18:30:00Z,0.08764975,0.08799999,0.08700502,0.08782044,200.77730395
2018-01-17T18:35:00Z,0.08726661,0.08804854,0.08721442,0.08803971,122.85590973
2018-01-17T18:40:00Z,0.08804854,0.08807699,0.08721442,0.08721442,92.4890836
2018-01-17T18:45:00Z,0.08763114,0.0877714,0.087053,0.08761095,102.05320286
2018-01-17T18:50:00Z,0.08761095,0.08797998,0.087,0.08776699,108.37135004
2018-01-17T18:55:00Z,0.08774,0.087792,0.087,0.0870004,166.9370893
2018-01-17T19:00:00Z,0.08732808,0.087985,0.08691913,0.08702176,151.74568803
2018-01-17T19:05:00Z,0.08754909,0.087671,0.08692999,0.08760448,143.5354606
2018-01-17T19:10:00Z,0.08760446,0.088065,0.08695459,0.08765839,110.64706677
2018-01-17T19:15:00Z,0.08758826,0.08772354,0.08699404,0.0872,223.56081267
2018-01-17T19:20:00Z,0.0872,0.08745822,0.0865,0.08739823,273.5330424
2018-01-17T19:25:00Z,0.0874,0.08745795,0.0865,0.08742982,169.689905
2018-01-17T19:30:00Z,0.08742984,0.08749999,0.08650001,0.08749999,137.61908758
2018-01-17T19:35:00Z,0.08749999,0.08779561,0.08694501,0.08777995,158.56780157
2018-01-17T19:40:00Z,0.08777995,0.08807,0.08706401,0.08806392,166.77538257
2018-01-17T19:45:00Z,0.08806391,0.088081,0.08708,0.08731603,296.60468303
2018-01-17T19:50:00Z,0.08731603,0.08811401,0.08711001,0.08767345,385.47520052
2018-01-17T19:55:00Z,0.08809997,0.0891879,0.08734101,0.08800505,260.13657582
2018-01-17T20:00:00Z,0.08800505,0.08856198,0.08753908,0.08850999,347.28012863
2018-01-17T20:05:00Z,0.08850999,0.08918997,0.08835,0.08916999,354.52074807
2018-01-17T20:10:00Z,0.08901932,0.089688,0.08835,0.08957,507.79312397
2018-01-17T20:15:00Z,0.08957,0.09029999,0.08892743,0.089289,528.63402933
2018-01-17T20:20:00Z,0.08931004,0.09125,0.08877999,0.0899,618.18687216
2018-01-17T20:25:00Z,0.0896998,0.09094579,0.08891,0.09020942,744.32683938
2018-01-17T20:30:00Z,0.09020942,0.09020942,0.08901002,0.08979992,463.29382669
2018-01-17T20:35:00Z,0.08921673,0.09004784,0.08835501,0.08901004,482.93564119
2018-01-17T20:40:00Z,0.08901004,0.09040374,0.08892224,0.08918008,443.45612964
2018-01-17T20:45:00Z,0.08976014,0.09041016,0.08918008,0.08968,299.97660425
2018-01-17T20:50:00Z,0.08993371,0.0905859,0.08953373,0.09044989,528.7873106
2018-01-17T20:55:00Z,0.09044989,0.09142996,0.08990001,0.0906081,368.13254615
2018-01-17T21:00:00Z,0.0906081,0.09133835,0.09,0.09001003,586.36063048
2018-01-17T21:05:00Z,0.09021844,0.09127992,0.09001004,0.09065001,260.5893592
2018-01-17T21:10:00Z,0.09117661,0.0919399,0.09065001,0.09103402,460.21086291
2018-01-17T21:15:00Z,0.09103402,0.09209603,0.09103402,0.09156777,541.18499836
2018-01-17T21:20:00Z,0.09199993,0.09262467,0.09115,0.09122209,682.43224188
2018-01-17T21:25:00Z,0.09122209,0.092188,0.09067277,0.09156779,834.32031369
2018-01-17T21:30:00Z,0.09156779,0.0919,0.09070021,0.091495,1509.89790585
2018-01-17T21:35:00Z,0.090881,0.09214721,0.09075103,0.09088,1016.1978666
2018-01-17T21:40:00Z,0.09088,0.092,0.09070022,0.09173,427.63014332
2018-01-17T21:45:00Z,0.09122886,0.09231402,0.09070021,0.09102172,514.16357231
2018-01-17T21:50:00Z,0.09140001,0.09172997,0.09067739,0.09149997,568.49792727
2018-01-17T21:55:00Z,0.09098739,0.0923,0.0909,0.09151106,373.18606267
2018-01-17T22:00:00Z,0.09151106,0.0925,0.09116,0.09199999,777.71397548
2018-01-17T22:05:00Z,0.09200001,0.0925,0.09185481,0.09199999,580.40680877
2018-01-17T22:10:00Z,0.09199999,0.09258931,0.09151108,0.09249,451.90000735
2018-01-17T22:15:00Z,0.09249,0.09307136,0.09151109,0.092,1197.21734254
2018-01-17T22:20:00Z,0.092001,0.09318899,0.0903,0.09031,1266.82478453
2018-01-17T22:25:00Z,0.0905,0.09218,0.0905,0.09130016,707.5249966
2018-01-17T22:30:00Z,0.09197699,0.092,0.0911012,0.09136998,474.93964346
2018-01-17T22:35:00Z,0.09114913,0.09173,0.09023,0.09076625,764.39126563
2018-01-17T22:40:00Z,0.09076625,0.09217313,0.09007726,0.09028804,1155.16329144
2018-01-17T22:45:00Z,0.09035019,0.09196687,0.0900992,0.09069992,1022.71414065
2018-01-17T22:50:00Z,0.0907,0.09154997,0.09019158,0.09084002,300.35134439
2018-01-17T22:55:00Z,0.09064,0.0911498,0.0901618,0.09020006,289.95037126
2018-01-17T23:00:00Z,0.09020006,0.09059185,0.08935435,0.0901,426.96991513
2018-01-17T23:05:00Z,0.08980729,0.09015,0.0892,0.0892,437.87552135
2018-01-17T23:10:00Z,0.08920764,0.08976999,0.08862514,0.08910008,362.39533588
2018-01-17T23:15:00Z,0.08910008,0.09099551,0.08879701,0.08974924,465.11864896
2018-01-17T23:20:00Z,0.09054296,0.09116179,0.08975901,0.08995603,507.75715691
2018-01-17T23:25:00Z,0.08995603,0.0909625,0.089769,0.09059556,225.74238661
2018-01-17T23:30:00Z,0.09059556,0.09104993,0.09026001,0.09062997,239.426021
2018-01-17T23:35:00Z,0.09062998,0.09109349,0.09030634,0.09083001,446.61143864
2018-01-17T23:40:00Z,0.09083001,0.0921672,0.09043721,0.09199999,736.70065786
2018-01-17T23:45:00Z,0.09176481,0.09218005,0.09110003,0.0916,402.86951755
2018-01-17T23:50:00Z,0.09162445,0.09199986,0.09085001,0.09170007,229.67915949
2018-01-17T23:55:00Z,0.0918999,0.09199476,0.0911201,0.09150001,341.48098742
2018-01-18T00:00:00Z,0.09179387,0.09204399,0.09100817,0.0918,348.40974713
2018-01-18T00:05:00Z,0.0918,0.09218003,0.09084999,0.09090003,239.81551316
2018-01-18T00:10:00Z,0.09090003,0.09176647,0.090461,0.09060507,125.14560826
2018-01-18T00:15:00Z,0.09060507,0.09162795,0.090466,0.09109996,185.08281747
2018-01-18T00:20:00Z,0.09061,0.0910999,0.09018896,0.0905,164.06040031
2018-01-18T00:25:00Z,0.09079998,0.0908,0.09,0.09018464,229.89630792
2018-01-18T00:30:00Z,0.09018464,0.09068229,0.08978404,0.09040036,130.14370428
2018-01-18T00:35:00Z,0.09040036,0.09079993,0.089834,0.090535,137.10527652
2018-01-18T00:40:00Z,0.090535,0.09109964,0.089914,0.09076492,145.08377858
2018-01-18T00:45:00Z,0.09076489,0.09108958,0.09001,0.09050002,155.59236706
2018-01-18T00:50:00Z,0.0909999,0.09108954,0.09033146,0.09041661,104.81339737
2018-01-18T00:55:00Z,0.09099498,0.09108954,0.09020003,0.0906797,194.56251302
2018-01-18T01:00:00Z,0.09064,0.09092186,0.09003002,0.090082,262.19860869
2018-01-18T01:05:00Z,0.090082,0.09064112,0.09001001,0.09059,193.36860561
2018-01-18T01:10:00Z,0.09059,0.09169,0.09031,0.09138237,393.05874504
2018-01-18T01:15:00Z,0.09142901,0.092,0.09072377,0.09115238,240.41134918
2018-01-18T01:20:00Z,0.09115238,0.09179491,0.09073001,0.09119363,212.2988644
2018-01-18T01:25:00Z,0.09133398,0.09166,0.091,0.0912,456.57874254
2018-01-18T01:30:00Z,0.09152169,0.09152174,0.09074,0.09144098,249.9220022
2018-01-18T01:35:00Z,0.09075004,0.09144098,0.09075004,0.09144094,151.69665275
2018-01-18T01:40:00Z,0.09120001,0.09144098,0.0912,0.09137048,133.50680324
2018-01-18T01:45:00Z,0.09135992,0.09156118,0.09100006,0.09156118,174.36675124
2018-01-18T01:50:00Z,0.09156118,0.09156234,0.09120002,0.0914606,214.489089
2018-01-18T01:55:00Z,0.0914,0.091857,0.09120002,0.09130021,327.68365493
2018-01-18T02:00:00Z,0.0913002,0.09170139,0.09100002,0.09154611,201.24145951
2018-01-18T02:05:00Z,0.09154611,0.09186217,0.09114009,0.09174169,338.17818539
2018-01-18T02:10:00Z,0.09123744,0.0918,0.09123744,0.09156001,389.49627637
2018-01-18T02:15:00Z,0.09156001,0.092,0.09125,0.09172387,698.89387609
2018-01-18T02:20:00Z,0.09140307,0.09201121,0.09114011,0.0916009,652.70977195
2018-01-18T02:25:00Z,0.0916009,0.09169249,0.09076,0.090815,436.10412208
2018-01-18T02:30:00Z,0.0909191,0.0915125,0.090815,0.09138398,353.97705882
2018-01-18T02:35:00Z,0.0913839,0.09138396,0.090644,0.09074001,341.98403947
2018-01-18T02:40:00Z,0.09074001,0.09111548,0.09025301,0.09080859,260.30209252
2018-01-18T02:45:00Z,0.09080859,0.09087998,0.090265,0.09087777,239.10888234
2018-01-18T02:50:00Z,0.0907,0.09097995,0.09066182,0.09096996,225.09507871
2018-01-18T02:55:00Z,0.09096996,0.09144099,0.0907,0.09071,362.18410663
2018-01-18T03:00:00Z,0.0913962,0.09168248,0.09070011,0.091,216.34195993
2018-01-18T03:05:00Z,0.091,0.09146,0.091,0.09100002,197.11008325
2018-01-18T03:10:00Z,0.09100002,0.09136385,0.0908,0.091,461.46373762
2018-01-18T03:15:00Z,0.091,0.091,0.090519,0.090603,94.83339054
2018-01-18T03:20:00Z,0.09099494,0.091,0.09050999,0.09060316,192.57509565
2018-01-18T03:25:00Z,0.09060316,0.09117628,0.09035,0.09086405,235.2797794
2018-01-18T03:30:00Z,0.09035008,0.09079166,0.09025229,0.09051237,226.81277868
2018-01-18T03:35:00Z,0.09038832,0.09062122,0.0898544,0.0898544,425.30805568
2018-01-18T03:40:00Z,0.09005713,0.09010231,0.08906465,0.08928782,417.20190647
2018-01-18T03:45:00Z,0.08940387,0.08981114,0.08900002,0.0890402,220.04616942
2018-01-18T03:50:00Z,0.08903043,0.0892,0.0888888,0.0892,189.8201208
2018-01-18T03:55:00Z,0.0892,0.09080245,0.08919471,0.08976715,179.16529173
2018-01-18T04:00:00Z,0.08976715,0.08996948,0.08922397,0.08940631,344.45463608
2018-01-18T04:05:00Z,0.08985586,0.09149979,0.08930525,0.09019002,412.32709626
2018-01-18T04:10:00Z,0.08979008,0.09078894,0.0897288,0.09061,317.47388827
2018-01-18T04:15:00Z,0.09019005,0.09070838,0.0897,0.08982,149.3360894
2018-01-18T04:20:00Z,0.08970003,0.09036,0.08970003,0.08981999,248.92266486
2018-01-18T04:25:00Z,0.08981999,0.090335,0.08930525,0.08934297,210.09455156
2018-01-18T04:30:00Z,0.08934297,0.089954,0.0889,0.08902,334.25400717
2018-01-18T04:35:00Z,0.08902,0.08902,0.0885,0.08862,224.51845114
2018-01-18T04:40:00Z,0.08862,0.08928998,0.08853415,0.089005,135.03428263
2018-01-18T04:45:00Z,0.089005,0.08972509,0.089,0.08958,218.90564531
2018-01-18T04:50:00Z,0.08958,0.08972503,0.08853411,0.0887,173.67795615
2018-01-18T04:55:00Z,0.0887,0.08999992,0.088539,0.08900002,291.03244531
2018-01-18T05:00:00Z,0.08900002,0.08921349,0.08830771,0.08830771,255.81532373
2018-01-18T05:05:00Z,0.08888499,0.08897576,0.088105,0.08826478,199.47252949
2018-01-18T05:10:00Z,0.08828131,0.08934999,0.08814031,0.08932576,255.54204685
2018-01-18T05:15:00Z,0.08932576,0.08932576,0.088,0.08823243,315.17118859
2018-01-18T05:20:00Z,0.08812912,0.08932575,0.08800001,0.08906633,257.14524282
2018-01-18T05:25:00Z,0.08906633,0.08990034,0.08879389,0.08924526,130.37510981
2018-01-18T05:30:00Z,0.089,0.08999992,0.089,0.08931423,277.64485125
2018-01-18T05:35:00Z,0.08983068,0.08999992,0.0893,0.08983289,185.21033181
2018-01-18T05:40:00Z,0.08983289,0.08983289,0.088633,0.08870001,236.14128491
2018-01-18T05:45:00Z,0.08870001,0.0898329,0.0887,0.08976525,295.39273282
2018-01-18T05:50:00Z,0.08975002,0.09024325,0.08914479,0.09016318,469.11280412
2018-01-18T05:55:00Z,0.08921001,0.09016319,0.08921001,0.09009481,85.74574277
2018-01-18T06:00:00Z,0.09015968,0.09015969,0.08949,0.09004352,81.59588686
2018-01-18T06:05:00Z,0.09014999,0.09024325,0.08951503,0.08990757,185.30002437
2018-01-18T06:10:00Z,0.090219,0.0903,0.08955605,0.09013657,242.77034689
2018-01-18T06:15:00Z,0.09,0.09033994,0.08958097,0.08970808,133.85541862
2018-01-18T06:20:00Z,0.08971889,0.09019991,0.0896,0.0896,193.00763786
2018-01-18T06:25:00Z,0.0896,0.09006876,0.08951503,0.08998559,92.83279456
2018-01-18T06:30:00Z,0.08998559,0.09031465,0.08950005,0.08971,151.63796004
2018-01-18T06:35:00Z,0.09014915,0.09019278,0.0895,0.08962895,163.53510404
2018-01-18T06:40:00Z,0.08982653,0.09031472,0.0895,0.0901,153.08583807
2018-01-18T06:45:00Z,0.0901,0.0901,0.08951929,0.0898,69.72005644
2018-01-18T06:50:00Z,0.0898,0.0902,0.0896,0.08979999,110.00486225
2018-01-18T06:55:00Z,0.09009908,0.09031474,0.0895195,0.08957559,77.44728075
2018-01-18T07:00:00Z,0.09009633,0.09031462,0.09,0.0902,198.52975043
2018-01-18T07:05:00Z,0.09,0.09022781,0.0897,0.090225,42.93276703
2018-01-18T07:10:00Z,0.09022484,0.0902278,0.09000001,0.09000004,75.39002764
2018-01-18T07:15:00Z,0.09000004,0.09031462,0.08990001,0.09003,111.46663242
2018-01-18T07:20:00Z,0.09003,0.09031475,0.0899,0.09001009,107.78300602
2018-01-18T07:25:00Z,0.0900001,0.0902999,0.08970001,0.08988676,85.21982503
2018-01-18T07:30:00Z,0.08988676,0.08989999,0.0896,0.089605,133.34784084
2018-01-18T07:35:00Z,0.08989989,0.0901,0.08950002,0.08950009,142.45738773
2018-01-18T07:40:00Z,0.08950002,0.08997998,0.0894,0.08959,154.44160042
2018-01-18T07:45:00Z,0.08959,0.08959,0.08888888,0.08922421,150.14655073
2018-01-18T07:50:00Z,0.0888889,0.08938558,0.08864714,0.08905156,128.49804135
2018-01-18T07:55:00Z,0.089299,0.0895,0.08877595,0.08929995,167.32903132
2018-01-18T08:00:00Z,0.08929988,0.08975842,0.08893451,0.08952724,646.74264427
2018-01-18T08:05:00Z,0.08967329,0.08971283,0.08918581,0.08967319,193.47179837
2018-01-18T08:10:00Z,0.08971282,0.08971283,0.08919101,0.0897128,95.35448093
2018-01-18T08:15:00Z,0.08971283,0.09005747,0.0897128,0.08971302,290.55978636
2018-01-18T08:20:00Z,0.08971302,0.08983489,0.08930002,0.0898,251.65829427
2018-01-18T08:25:00Z,0.0898,0.09008832,0.089505,0.09007999,166.4042348
2018-01-18T08:30:00Z,0.0896501,0.09008012,0.08964,0.08965025,291.51651396
2018-01-18T08:35:00Z,0.0900185,0.09008016,0.08985026,0.09008015,115.36283056
2018-01-18T08:40:00Z,0.09008015,0.09025,0.09,0.09024897,139.76579391
2018-01-18T08:45:00Z,0.09008028,0.09025,0.08985026,0.0902,67.25480387
2018-01-18T08:50:00Z,0.09019,0.09024896,0.08986008,0.0902,54.11329341
2018-01-18T08:55:00Z,0.09022999,0.09025,0.08986,0.09001393,94.78556414
2018-01-18T09:00:00Z,0.09001393,0.09024498,0.089801,0.08986,197.86786295
2018-01-18T09:05:00Z,0.08986,0.090245,0.08985989,0.090245,95.88428291
2018-01-18T09:10:00Z,0.090245,0.09031475,0.08990001,0.08990001,186.96160252
2018-01-18T09:15:00Z,0.08990002,0.09027999,0.08955057,0.0901711,218.25322688
2018-01-18T09:20:00Z,0.09000001,0.09025499,0.08960424,0.09024999,190.52480078
2018-01-18T09:25:00Z,0.0902,0.09022,0.08960424,0.08982001,122.18657259
2018-01-18T09:30:00Z,0.09015494,0.09049999,0.08982,0.09030565,589.39786844
2018-01-18T09:35:00Z,0.09030565,0.09039149,0.08942692,0.089572,395.067728
2018-01-18T09:40:00Z,0.09003639,0.09025847,0.08928,0.0897384,252.97960433
2018-01-18T09:45:00Z,0.0897384,0.08985634,0.08921008,0.08982787,141.15138281
2018-01-18T09:50:00Z,0.08982787,0.09005276,0.08921008,0.08936,131.08479334
2018-01-18T09:55:00Z,0.08936002,0.090023,0.08921011,0.08937573,211.30992382
2018-01-18T10:00:00Z,0.0893,0.08978199,0.08926003,0.08973945,204.67521894
2018-01-18T10:05:00Z,0.0893,0.08973945,0.08905,0.0892101,220.95327949
2018-01-18T10:10:00Z,0.089499,0.089689,0.08906,0.08965998,221.3660448
2018-01-18T10:15:00Z,0.0894001,0.08965999,0.0889345,0.089449,232.82895408
2018-01-18T10:20:00Z,0.08944899,0.08944899,0.089,0.08929999,225.81355773
2018-01-18T10:25:00Z,0.08929999,0.08939,0.089102,0.08939,182.42341935
2018-01-18T10:30:00Z,0.0893,0.08965496,0.08910048,0.08944995,190.85099792
2018-01-18T10:35:00Z,0.08944995,0.08965,0.08930001,0.089545,188.61950648
2018-01-18T10:40:00Z,0.08930001,0.089545,0.089,0.08948999,100.40324691
2018-01-18T10:45:00Z,0.08948998,0.08948998,0.08910998,0.089112,45.12703428
2018-01-18T10:50:00Z,0.089112,0.08939999,0.08883001,0.08928786,156.55423504
2018-01-18T10:55:00Z,0.08928299,0.08929264,0.08883003,0.0892926,134.71479268
2018-01-18T11:00:00Z,0.0892926,0.08950657,0.08892453,0.08950439,105.59120747
2018-01-18T11:05:00Z,0.08950438,0.08950657,0.089,0.08942271,89.60782953
2018-01-18T11:10:00Z,0.08942271,0.08989999,0.08901001,0.08961101,149.75890946
2018-01-18T11:15:00Z,0.089611,0.08989999,0.08917539,0.089841,123.806952
2018-01-18T11:20:00Z,0.089841,0.09028103,0.08960997,0.08999795,184.63229578
2018-01-18T11:25:00Z,0.08960998,0.09028099,0.08960998,0.09,353.75512753
2018-01-18T11:30:00Z,0.09,0.09014999,0.089615,0.08999799,95.00558907
2018-01-18T11:35:00Z,0.08999799,0.08999799,0.08916295,0.0895,216.09654192
2018-01-18T11:40:00Z,0.0895,0.08998998,0.08888098,0.089936,197.17944788
2018-01-18T11:45:00Z,0.089936,0.09,0.08931501,0.08950011,129.77675421
2018-01-18T11:50:00Z,0.08959,0.09009914,0.08950011,0.0896,234.30307741
2018-01-18T11:55:00Z,0.0898583,0.08994999,0.08876,0.08912224,347.67404356
2018-01-18T12:00:00Z,0.08912223,0.08974253,0.08911044,0.08946201,220.06339263
2018-01-18T12:05:00Z,0.08946201,0.089758,0.08903894,0.0896432,172.50886939
2018-01-18T12:10:00Z,0.0896432,0.08999792,0.08958742,0.08996949,170.70244539
2018-01-18T12:15:00Z,0.08995001,0.09,0.0896432,0.08993844,205.85754285
2018-01-18T12:20:00Z,0.08993844,0.0905,0.08925619,0.08984704,317.20523435
2018-01-18T12:25:00Z,0.08984704,0.09068639,0.08974,0.09034014,195.55467456
2018-01-18T12:30:00Z,0.09048529,0.09079705,0.09,0.09057076,689.55063121
2018-01-18T12:35:00Z,0.090255,0.09064684,0.0899,0.09057498,331.83466389
2018-01-18T12:40:00Z,0.09001,0.0907453,0.09001,0.0905388,377.61056667
2018-01-18T12:45:00Z,0.0905388,0.09074531,0.089905,0.08999493,309.54866036
2018-01-18T12:50:00Z,0.09,0.09075037,0.089928,0.09,948.37033688
2018-01-18T12:55:00Z,0.09,0.09057499,0.089315,0.089315,309.35277426
2018-01-18T13:00:00Z,0.089315,0.08999999,0.089315,0.0899999,366.03238923
2018-01-18T13:05:00Z,0.08995639,0.08999993,0.0893,0.089686,313.75509814
2018-01-18T13:10:00Z,0.089686,0.09025799,0.08934909,0.08997499,347.6118254
2018-01-18T13:15:00Z,0.08989999,0.0903,0.089401,0.08950003,259.68970172
2018-01-18T13:20:00Z,0.08978085,0.09021427,0.0895,0.09008503,100.5164084
2018-01-18T13:25:00Z,0.09008503,0.09079775,0.08967346,0.08967353,314.99448102
2018-01-18T13:30:00Z,0.08999092,0.09022598,0.08967346,0.09000001,160.34633295
2018-01-18T13:35:00Z,0.090193,0.09019791,0.08986001,0.0901979,237.27001332
2018-01-18T13:40:00Z,0.09019791,0.09022598,0.089995,0.09,305.55877136
2018-01-18T13:45:00Z,0.089995,0.09029099,0.08951,0.0900035,215.23967006
2018-01-18T13:50:00Z,0.08993985,0.09029099,0.08980001,0.09029097,116.05385776
2018-01-18T13:55:00Z,0.09029097,0.09049789,0.09001,0.0903,120.56150976
2018-01-18T14:00:00Z,0.09048,0.09079774,0.09020499,0.09058822,118.34312019
2018-01-18T14:05:00Z,0.09058822,0.0908,0.09030003,0.09079775,275.29265172
2018-01-18T14:10:00Z,0.09079775,0.09079775,0.09030015,0.0905,185.02724884
2018-01-18T14:15:00Z,0.09030901,0.09061797,0.09029999,0.09029999,147.40411224
2018-01-18T14:20:00Z,0.09029999,0.0905,0.09020001,0.09033637,177.54309474
2018-01-18T14:25:00Z,0.09048986,0.09049,0.090172,0.090172,203.56448203
2018-01-18T14:30:00Z,0.090172,0.09048997,0.08987,0.09,219.25871797
2018-01-18T14:35:00Z,0.09,0.09013,0.0897,0.09013,187.79457723
2018-01-18T14:40:00Z,0.09013,0.09048997,0.09005,0.090485,153.77263049
2018-01-18T14:45:00Z,0.090485,0.09061797,0.0903851,0.090583,254.5683116
2018-01-18T14:50:00Z,0.090583,0.0907,0.0905,0.090699,213.18925696
2018-01-18T14:55:00Z,0.09060862,0.09079999,0.09048975,0.09079999,338.91083132
2018-01-18T15:00:00Z,0.09079317,0.0912,0.0901,0.09074187,523.20902683
2018-01-18T15:05:00Z,0.09074187,0.09120235,0.090548,0.091196,269.17754929
2018-01-18T15:10:00Z,0.091196,0.091196,0.09058256,0.0905826,362.53091543
2018-01-18T15:15:00Z,0.0906,0.09119125,0.09058259,0.090827,155.5594828
2018-01-18T15:20:00Z,0.090827,0.0912,0.090636,0.0912,206.24888495
2018-01-18T15:25:00Z,0.0912,0.09120002,0.09082705,0.09120002,137.10942252
2018-01-18T15:30:00Z,0.09120002,0.09127993,0.090617,0.091245,279.98838782
2018-01-18T15:35:00Z,0.09082797,0.09124999,0.090827,0.09124999,199.8738553
2018-01-18T15:40:00Z,0.09124998,0.09166568,0.090867,0.09130413,284.52624541
2018-01-18T15:45:00Z,0.09136115,0.09163699,0.09130413,0.09150522,199.78040421
2018-01-18T15:50:00Z,0.09150523,0.09163699,0.09131,0.09143222,219.62750227
2018-01-18T15:55:00Z,0.091522,0.0918999,0.09131,0.09143224,432.14799844
2018-01-18T16:00:00Z,0.09169804,0.09199535,0.09136115,0.09194867,254.71854234
2018-01-18T16:05:00Z,0.09188441,0.09215,0.0915,0.09202161,315.78513036
2018-01-18T16:10:00Z,0.09202,0.0920999,0.09151101,0.09151101,200.34999353
2018-01-18T16:15:00Z,0.09151101,0.09180999,0.09151101,0.09180999,145.42103014
2018-01-18T16:20:00Z,0.09180999,0.0921,0.09180999,0.09189,175.82037098
2018-01-18T16:25:00Z,0.09191997,0.09237309,0.09181,0.09199,568.84599519
2018-01-18T16:30:00Z,0.09181,0.0921,0.091515,0.09198997,252.27166905
2018-01-18T16:35:00Z,0.0919,0.09198999,0.09161504,0.09187999,208.41855413
2018-01-18T16:40:00Z,0.09187999,0.09229997,0.0916389,0.09199002,227.50438076
2018-01-18T16:45:00Z,0.09199002,0.09224734,0.0919,0.09212712,176.84518571
2018-01-18T16:50:00Z,0.09209712,0.09218233,0.091145,0.09150002,511.41583925
2018-01-18T16:55:00Z,0.0917989,0.0917989,0.09116322,0.09174995,145.78508914
2018-01-18T17:00:00Z,0.09155,0.09197143,0.09112912,0.09169998,278.03741103
2018-01-18T17:05:00Z,0.09169999,0.09186818,0.09112913,0.09182049,144.33866953
2018-01-18T17:10:00Z,0.09182049,0.0919,0.09112912,0.09172019,194.28943077
2018-01-18T17:15:00Z,0.0917202,0.09178669,0.091307,0.0916,109.53988226
2018-01-18T17:20:00Z,0.0915999,0.09169999,0.09112913,0.09164667,188.419186
2018-01-18T17:25:00Z,0.091499,0.09169989,0.09113001,0.09152396,219.71543997
2018-01-18T17:30:00Z,0.09113001,0.0915692,0.09113001,0.0911306,128.77573411
2018-01-18T17:35:00Z,0.09143526,0.09150024,0.09113026,0.09117059,104.16592611
2018-01-18T17:40:00Z,0.09117059,0.0911706,0.0909711,0.0909711,251.23799919
2018-01-18T17:45:00Z,0.09089712,0.091,0.09089711,0.09099991,318.12304135
2018-01-18T17:50:00Z,0.09099991,0.091,0.09062701,0.09079071,248.99932344
2018-01-18T17:55:00Z,0.090836,0.0909981,0.09061706,0.09069003,143.41574623
2018-01-18T18:00:00Z,0.09069003,0.091,0.0906171,0.09061711,112.13892827
2018-01-18T18:05:00Z,0.09095,0.09095,0.09040001,0.09040001,457.18761423
2018-01-18T18:10:00Z,0.09060001,0.09079998,0.09037218,0.09078895,212.77283873
2018-01-18T18:15:00Z,0.09078894,0.09079,0.0903,0.09078546,128.51356384
2018-01-18T18:20:00Z,0.09065,0.09078879,0.09064999,0.09078546,126.33101767
2018-01-18T18:25:00Z,0.09078546,0.09095,0.09068548,0.09068549,240.72403616
2018-01-18T18:30:00Z,0.0907,0.09099,0.09047901,0.09047901,314.98687748
2018-01-18T18:35:00Z,0.09078,0.09098995,0.09047901,0.09089997,115.31307894
2018-01-18T18:40:00Z,0.09089997,0.0909009,0.0905,0.09074999,153.84167283
2018-01-18T18:45:00Z,0.09088999,0.0911706,0.09074999,0.09097499,150.93929084
2018-01-18T18:50:00Z,0.09097498,0.09115058,0.0907,0.09097496,85.09164713
2018-01-18T18:55:00Z,0.09097498,0.09115057,0.0907,0.09098174,208.89301319
2018-01-18T19:00:00Z,0.09098174,0.09115,0.09068003,0.091,174.02060826
2018-01-18T19:05:00Z,0.091,0.09115,0.09080908,0.09115,98.13944389
2018-01-18T19:10:00Z,0.09115,0.09152789,0.091075,0.09151997,150.69578696
2018-01-18T19:15:00Z,0.09151997,0.09152,0.09115016,0.09151999,110.64600708
2018-01-18T19:20:00Z,0.0914503,0.09152,0.09131,0.09145031,133.20515384
2018-01-18T19:25:00Z,0.09145031,0.091485,0.09131,0.09138499,89.87461712
2018-01-18T19:30:00Z,0.09138499,0.09152,0.09131001,0.09141763,185.40569471
2018-01-18T19:35:00Z,0.09151634,0.09152,0.09120001,0.09150995,215.20328049
2018-01-18T19:40:00Z,0.09150993,0.09167338,0.09107501,0.09120187,125.64094852
2018-01-18T19:45:00Z,0.0912,0.09150458,0.09107501,0.09107501,102.1984749
2018-01-18T19:50:00Z,0.09107501,0.0915,0.091,0.0915,96.94216573
2018-01-18T19:55:00Z,0.0915,0.09180999,0.09115648,0.0915,323.44329235
2018-01-18T20:00:00Z,0.09172808,0.0918,0.09085003,0.09150001,247.94903685
2018-01-18T20:05:00Z,0.09153996,0.09179996,0.09150001,0.09154003,95.89892152
2018-01-18T20:10:00Z,0.09154003,0.09181994,0.09101,0.09103001,412.19359975
2018-01-18T20:15:00Z,0.09166042,0.09180539,0.09105,0.0911182,81.56903716
2018-01-18T20:20:00Z,0.0911,0.09189934,0.09105,0.09128765,178.63324215
2018-01-18T20:25:00Z,0.09174636,0.0917464,0.09121,0.09123783,175.96236747
2018-01-18T20:30:00Z,0.09123783,0.09169999,0.09123783,0.09169,196.47081468
2018-01-18T20:35:00Z,0.09169,0.09197188,0.09132924,0.09188369,164.29523805
2018-01-18T20:40:00Z,0.09188368,0.09188368,0.09145004,0.0916357,129.96949734
2018-01-18T20:45:00Z,0.09145004,0.092,0.09145004,0.09145006,229.48760105
2018-01-18T20:50:00Z,0.09196171,0.09217041,0.09145006,0.09161001,295.97108065
2018-01-18T20:55:00Z,0.09161001,0.09194993,0.09123783,0.09125005,458.60414611
2018-01-18T21:00:00Z,0.09125005,0.09217055,0.09123783,0.09161901,512.61838751
2018-01-18T21:05:00Z,0.09161901,0.09221015,0.09137807,0.09166099,385.79233987
2018-01-18T21:10:00Z,0.09175264,0.09209999,0.09125406,0.0913173,408.00096369
2018-01-18T21:15:00Z,0.0913173,0.09193362,0.09104,0.09125145,374.53673457
2018-01-18T21:20:00Z,0.09125001,0.092,0.09125,0.09130004,1235.92714795
2018-01-18T21:25:00Z,0.0917083,0.0917083,0.0913,0.09169999,148.49874596
2018-01-18T21:30:00Z,0.09169999,0.09209998,0.09131002,0.0917,323.4354339
2018-01-18T21:35:00Z,0.0917,0.09198999,0.09150001,0.0917,397.7875213
2018-01-18T21:40:00Z,0.0917,0.09221015,0.0915,0.092,718.62316651
2018-01-18T21:45:00Z,0.092,0.09221014,0.09081999,0.09093907,418.48462706
2018-01-18T21:50:00Z,0.09082,0.0918999,0.0905357,0.09076724,510.45300348
2018-01-18T21:55:00Z,0.09076724,0.0914999,0.090619,0.09082934,261.69010163
2018-01-18T22:00:00Z,0.09082933,0.09179999,0.0907386,0.0916,897.75572694
2018-01-18T22:05:00Z,0.0916,0.09171635,0.09020467,0.09058924,1023.70029096
2018-01-18T22:10:00Z,0.09067197,0.091223,0.09020467,0.09023612,251.53972746
2018-01-18T22:15:00Z,0.09099894,0.091143,0.09023614,0.0908,1030.15097094
2018-01-18T22:20:00Z,0.0908,0.0911,0.09029001,0.0910704,275.78119108
2018-01-18T22:25:00Z,0.09107042,0.0916246,0.0908369,0.09114999,642.0633827
2018-01-18T22:30:00Z,0.09084731,0.09143992,0.09021,0.09067499,427.41302656
2018-01-18T22:35:00Z,0.0905,0.09096918,0.09011,0.09083193,92.14116358
2018-01-18T22:40:00Z,0.09083193,0.09108999,0.0903,0.0903001,218.9401322
2018-01-18T22:45:00Z,0.09101631,0.0912293,0.0903001,0.090714,139.23103694
2018-01-18T22:50:00Z,0.090714,0.09103599,0.0903,0.09059947,249.88678645
2018-01-18T22:55:00Z,0.090604,0.09089495,0.0903001,0.09069999,131.44969535
2018-01-18T23:00:00Z,0.09069999,0.09077961,0.0904,0.09057587,206.98277666
2018-01-18T23:05:00Z,0.09057587,0.09063334,0.0902,0.0902,136.91060806
2018-01-18T23:10:00Z,0.09049498,0.0905,0.09012001,0.09036104,93.38144635
2018-01-18T23:15:00Z,0.09012002,0.09049999,0.09001281,0.09049,289.85011465
2018-01-18T23:20:00Z,0.09049,0.09061097,0.09001281,0.090232,118.50240779
2018-01-18T23:25:00Z,0.090232,0.09061097,0.09001281,0.09052818,63.99794605
2018-01-18T23:30:00Z,0.09052818,0.0906,0.0901,0.0906,158.65612245
2018-01-18T23:35:00Z,0.09048797,0.091,0.09048797,0.09099893,328.52681029
2018-01-18T23:40:00Z,0.09099894,0.091,0.09060001,0.0909,158.14601563
2018-01-18T23:45:00Z,0.09099,0.09109999,0.09048796,0.09098998,228.39061044
2018-01-18T23:50:00Z,0.09106699,0.09109999,0.09029302,0.090323,110.03251838
2018-01-18T23:55:00Z,0.09107901,0.09109988,0.09027099,0.09064171,201.97650697
2018-01-19T00:00:00Z,0.09064171,0.090741,0.09000001,0.09069874,208.60977034
2018-01-19T00:05:00Z,0.09069875,0.09098854,0.0900954,0.09047583,134.24667574
2018-01-19T00:10:00Z,0.09047583,0.09074999,0.09047583,0.0906999,56.5795988
2018-01-19T00:15:00Z,0.09069989,0.09092807,0.09050002,0.0908,72.01585928
2018-01-19T00:20:00Z,0.09060001,0.091057,0.09050602,0.09050602,88.92402241
2018-01-19T00:25:00Z,0.091057,0.0911,0.0906,0.09108,31.45893464
2018-01-19T00:30:00Z,0.09109792,0.0912,0.09070101,0.09080101,123.05223283
2018-01-19T00:35:00Z,0.0911999,0.0912,0.09080101,0.091199,125.50426475
2018-01-19T00:40:00Z,0.091199,0.09119989,0.0908015,0.0908015,136.7194396
2018-01-19T00:45:00Z,0.0909091,0.09119989,0.0908015,0.09119989,102.14853475
2018-01-19T00:50:00Z,0.09119989,0.0913,0.09105202,0.09106,143.48408086
2018-01-19T00:55:00Z,0.09106,0.0913,0.09105202,0.091295,91.69778773
2018-01-19T01:00:00Z,0.091295,0.0916,0.0911001,0.09129794,78.85244158
2018-01-19T01:05:00Z,0.09129794,0.09159883,0.09110013,0.09110014,97.53668992
2018-01-19T01:10:00Z,0.09110014,0.0916,0.09110013,0.09159998,85.10698723
2018-01-19T01:15:00Z,0.09159998,0.0916,0.0911001,0.09110013,100.25419378
2018-01-19T01:20:00Z,0.09110013,0.09159995,0.091088,0.09112803,203.09026806
2018-01-19T01:25:00Z,0.09108879,0.0917,0.091088,0.09112803,307.76742276
2018-01-19T01:30:00Z,0.0912415,0.09148,0.091088,0.09133465,86.6184606
2018-01-19T01:35:00Z,0.091334,0.09169998,0.0911,0.09169998,192.84046884
2018-01-19T01:40:00Z,0.09119998,0.09169985,0.09110005,0.091295,94.81384978
2018-01-19T01:45:00Z,0.091289,0.09162169,0.091289,0.0915236,338.7995903
2018-01-19T01:50:00Z,0.0915236,0.09168889,0.0913,0.091549,221.90934171
2018-01-19T01:55:00Z,0.091549,0.091549,0.09135,0.091351,136.39775626
2018-01-19T02:00:00Z,0.09152894,0.09153,0.09135,0.09135,180.3316255
2018-01-19T02:05:00Z,0.09152491,0.09152491,0.09135,0.09143779,102.05402331
2018-01-19T02:10:00Z,0.09143779,0.09172,0.09135,0.091511,237.92494506
2018-01-19T02:15:00Z,0.091511,0.09171094,0.09135,0.091406,97.38841977
2018-01-19T02:20:00Z,0.091406,0.09176801,0.091361,0.0915,191.42326098
2018-01-19T02:25:00Z,0.0915,0.09175999,0.09135,0.09135,226.3242347
2018-01-19T02:30:00Z,0.09135,0.09175989,0.09135,0.09135,182.40621076
2018-01-19T02:35:00Z,0.09135001,0.0917545,0.09135,0.09135001,126.76387448
2018-01-19T02:40:00Z,0.09175437,0.09175438,0.091088,0.091088,956.45642232
2018-01-19T02:45:00Z,0.091088,0.09133999,0.0907,0.09132493,245.38728365
2018-01-19T02:50:00Z,0.09132492,0.09132495,0.09072,0.09119899,59.7981599
2018-01-19T02:55:00Z,0.0911,0.09119699,0.0908,0.0908,348.78652461
2018-01-19T03:00:00Z,0.0908,0.09132299,0.0908,0.09131736,201.68244319
2018-01-19T03:05:00Z,0.09118,0.09131724,0.0908,0.09100333,253.13694058
2018-01-19T03:10:00Z,0.09100333,0.09128499,0.0902,0.0906,386.15040731
2018-01-19T03:15:00Z,0.0906,0.09094399,0.09017446,0.09044999,186.52399534
2018-01-19T03:20:00Z,0.09044999,0.090762,0.09017446,0.09017448,115.04114062
2018-01-19T03:25:00Z,0.09030001,0.090732,0.09017446,0.09030006,92.61091554
2018-01-19T03:30:00Z,0.09030006,0.09068998,0.09017446,0.09068998,126.04066125
2018-01-19T03:35:00Z,0.09068998,0.09131714,0.09057699,0.09099999,319.0282797
2018-01-19T03:40:00Z,0.09099999,0.09128498,0.09058998,0.09065162,140.11431644
2018-01-19T03:45:00Z,0.09065162,0.09095979,0.09058998,0.09065162,108.11290937
2018-01-19T03:50:00Z,0.0906516,0.09095988,0.09051013,0.09051013,100.88178753
2018-01-19T03:55:00Z,0.09052019,0.09095988,0.09026666,0.0906,122.90211869
2018-01-19T04:00:00Z,0.09086613,0.090928,0.090272,0.090815,257.40598918
2018-01-19T04:05:00Z,0.090702,0.09089599,0.09030002,0.090702,76.04069207
2018-01-19T04:10:00Z,0.090702,0.090989,0.09031002,0.090788,90.4170902
2018-01-19T04:15:00Z,0.090939,0.0913174,0.090788,0.09079,126.06048108
2018-01-19T04:20:00Z,0.09098894,0.091281,0.09063635,0.09063635,188.86788126
2018-01-19T04:25:00Z,0.0908,0.091235,0.09044301,0.09090992,44.17682848
2018-01-19T04:30:00Z,0.0909,0.0909,0.0903,0.0903,211.26048413
2018-01-19T04:35:00Z,0.0903,0.09091364,0.09017446,0.0905,252.46787379
2018-01-19T04:40:00Z,0.090744,0.09074889,0.09020001,0.09074391,173.27270788
2018-01-19T04:45:00Z,0.090262,0.09074391,0.09023102,0.09049983,73.63233588
2018-01-19T04:50:00Z,0.09049894,0.09052975,0.09017446,0.09052974,83.02817188
2018-01-19T04:55:00Z,0.09049985,0.09072739,0.09013,0.09068901,103.14519093
2018-01-19T05:00:00Z,0.09068901,0.090788,0.09035,0.09067699,74.69195778
2018-01-19T05:05:00Z,0.09035001,0.09068799,0.09017996,0.09031398,86.87273635
2018-01-19T05:10:00Z,0.09031398,0.09068796,0.09031398,0.09065694,87.88600931
2018-01-19T05:15:00Z,0.09065694,0.09066471,0.09031502,0.09059887,111.30419631
2018-01-19T05:20:00Z,0.09059887,0.0906,0.09041767,0.09041767,87.74686321
2018-01-19T05:25:00Z,0.0906,0.09106,0.0904,0.09071807,158.26488807
2018-01-19T05:30:00Z,0.091,0.09133333,0.09041,0.090769,79.14957659
2018-01-19T05:35:00Z,0.09041001,0.090725,0.09041,0.09069001,76.32415947
2018-01-19T05:40:00Z,0.09069001,0.09069001,0.09054,0.09060811,55.26900248
2018-01-19T05:45:00Z,0.09060811,0.09069001,0.09059102,0.0906,65.6224632
2018-01-19T05:50:00Z,0.0906,0.09108999,0.090592,0.09079,131.82298773
2018-01-19T05:55:00Z,0.09077288,0.090822,0.0905001,0.09061,154.20635697
2018-01-19T06:00:00Z,0.090607,0.09081739,0.0905001,0.0905001,42.22240933
2018-01-19T06:05:00Z,0.0905001,0.09081738,0.0904,0.09080191,77.17501575
2018-01-19T06:10:00Z,0.0908019,0.09080199,0.09050011,0.09080198,38.62854491
2018-01-19T06:15:00Z,0.09077927,0.09080198,0.09017998,0.09017998,173.56629502
2018-01-19T06:20:00Z,0.09017998,0.09055,0.0901371,0.09028,60.12069454
2018-01-19T06:25:00Z,0.09054998,0.0907,0.09014,0.0907,66.77647954
2018-01-19T06:30:00Z,0.09078053,0.09078053,0.09014501,0.09062997,53.75857085
2018-01-19T06:35:00Z,0.09062997,0.09062997,0.09014502,0.09058997,46.88502259
2018-01-19T06:40:00Z,0.09049999,0.09058995,0.090175,0.0904749,148.09852565
2018-01-19T06:45:00Z,0.0904749,0.0904749,0.09017511,0.09037513,34.78705463
2018-01-19T06:50:00Z,0.090474,0.09078054,0.09037513,0.09074591,311.44284805
2018-01-19T06:55:00Z,0.09037513,0.09074591,0.09017511,0.090649,174.65640618
2018-01-19T07:00:00Z,0.09017512,0.09064399,0.0901371,0.09050999,161.08978158
2018-01-19T07:05:00Z,0.09013712,0.09049997,0.09013712,0.0902,87.79917642
2018-01-19T07:10:00Z,0.090138,0.09039998,0.09005,0.09039998,176.78464703
2018-01-19T07:15:00Z,0.09005,0.09053952,0.09000002,0.09039998,41.52337133
2018-01-19T07:20:00Z,0.09039998,0.09053951,0.0900001,0.09000503,102.89767503
2018-01-19T07:25:00Z,0.0904838,0.09065499,0.09000101,0.0902,84.87746565
2018-01-19T07:30:00Z,0.0902,0.090744,0.09001502,0.09055497,107.83386911
2018-01-19T07:35:00Z,0.09055499,0.0905597,0.09001509,0.090558,49.98547327
2018-01-19T07:40:00Z,0.090558,0.090776,0.09002512,0.09068372,98.11027183
2018-01-19T07:45:00Z,0.0906837,0.09093001,0.09020003,0.090405,63.20101397
2018-01-19T07:50:00Z,0.090405,0.09093001,0.09040049,0.0905,157.85168265
2018-01-19T07:55:00Z,0.0905,0.09099999,0.09040503,0.09094494,254.24766579
2018-01-19T08:00:00Z,0.09050002,0.091325,0.09050002,0.09126366,268.30044588
2018-01-19T08:05:00Z,0.091325,0.09135,0.09,0.09,400.67720934
2018-01-19T08:10:00Z,0.09025358,0.09077132,0.09,0.09005,173.27816812
2018-01-19T08:15:00Z,0.090055,0.091,0.090055,0.0903,439.40244294
2018-01-19T08:20:00Z,0.0903,0.09089497,0.090115,0.0902,122.67190978
2018-01-19T08:25:00Z,0.09083694,0.09083695,0.0902,0.09083694,78.43244741
2018-01-19T08:30:00Z,0.09083695,0.09119996,0.09040002,0.09119995,99.27987582
2018-01-19T08:35:00Z,0.09119994,0.09119995,0.09054903,0.09069065,149.15352062
2018-01-19T08:40:00Z,0.0909,0.09101954,0.09060006,0.09089999,85.3115125
2018-01-19T08:45:00Z,0.09089999,0.09112358,0.0906002,0.090605,215.41005148
2018-01-19T08:50:00Z,0.09060501,0.09119,0.09060031,0.09070969,165.88874073
2018-01-19T08:55:00Z,0.09070969,0.09115999,0.09061103,0.090707,197.68482427
2018-01-19T09:00:00Z,0.09115499,0.09115499,0.0903,0.09034516,119.26459507
2018-01-19T09:05:00Z,0.09059,0.090669,0.09039999,0.090669,110.53194058
2018-01-19T09:10:00Z,0.09040099,0.091145,0.09040099,0.09111,81.92024254
2018-01-19T09:15:00Z,0.091145,0.09132731,0.09069497,0.09109989,201.00075809
2018-01-19T09:20:00Z,0.09109989,0.09109989,0.09070001,0.09108699,170.84319417
2018-01-19T09:25:00Z,0.09108699,0.09108699,0.09060001,0.090605,103.93394818
2018-01-19T09:30:00Z,0.090605,0.09105187,0.09040105,0.0905,86.48111695
2018-01-19T09:35:00Z,0.0905,0.09104613,0.09025502,0.090324,253.90851081
2018-01-19T09:40:00Z,0.090324,0.09077587,0.09020003,0.09030001,290.70027894
2018-01-19T09:45:00Z,0.0905,0.09076752,0.090105,0.09076683,203.99523789
2018-01-19T09:50:00Z,0.09076681,0.09076683,0.09010559,0.0907,38.14525845
2018-01-19T09:55:00Z,0.0907,0.0907,0.09036002,0.09045,137.59463851
2018-01-19T10:00:00Z,0.09049999,0.09065,0.09036002,0.0905517,59.80125189
2018-01-19T10:05:00Z,0.09055171,0.09065,0.0905,0.09064973,222.10354311
2018-01-19T10:10:00Z,0.09064973,0.0907738,0.09031811,0.09074099,196.48156151
2018-01-19T10:15:00Z,0.09074099,0.09099995,0.09039001,0.090504,99.13434113
2018-01-19T10:20:00Z,0.090504,0.09079599,0.09040003,0.090555,65.58368818
2018-01-19T10:25:00Z,0.090555,0.09076995,0.0905,0.09053,56.57116703
2018-01-19T10:30:00Z,0.09055,0.09079599,0.0905202,0.09079599,54.66503289
2018-01-19T10:35:00Z,0.09075,0.09091193,0.0905203,0.0907,98.0380829
2018-01-19T10:40:00Z,0.09091193,0.09094099,0.0907,0.09072,143.61888271
2018-01-19T10:45:00Z,0.09072,0.09094097,0.0907,0.0908,137.00821319
2018-01-19T10:50:00Z,0.0908,0.0908,0.09070003,0.09070011,113.96781422
2018-01-19T10:55:00Z,0.0907908,0.09093499,0.09070011,0.09079998,168.87923243
2018-01-19T11:00:00Z,0.0909,0.09094097,0.09079998,0.09094097,178.92016832
2018-01-19T11:05:00Z,0.09094097,0.09109982,0.0908005,0.091003,138.89308295
2018-01-19T11:10:00Z,0.09109982,0.09135,0.09099339,0.09134005,213.58803755
2018-01-19T11:15:00Z,0.09132998,0.09132998,0.09099338,0.091,168.26860004
2018-01-19T11:20:00Z,0.09099339,0.09130996,0.09079999,0.09104444,182.80202187
2018-01-19T11:25:00Z,0.09104438,0.09129987,0.09081001,0.0911,220.8161043
2018-01-19T11:30:00Z,0.0911799,0.0915,0.0911,0.09110001,350.23631756
2018-01-19T11:35:00Z,0.0911991,0.0914926,0.09110001,0.09119112,104.22429459
2018-01-19T11:40:00Z,0.09119112,0.09139976,0.09119112,0.09130053,68.92245616
2018-01-19T11:45:00Z,0.09130053,0.09200995,0.09110101,0.09120003,1251.11957635
2018-01-19T11:50:00Z,0.09159997,0.09176998,0.09120005,0.0913972,33.58029915
2018-01-19T11:55:00Z,0.0913972,0.09171493,0.09125017,0.09125021,219.17625317
2018-01-19T12:00:00Z,0.09125021,0.09147888,0.09110001,0.09120009,241.05584582
2018-01-19T12:05:00Z,0.09141088,0.0914789,0.09110009,0.09141087,109.21494082
2018-01-19T12:10:00Z,0.09147889,0.09147889,0.090991,0.09111116,112.58155796
2018-01-19T12:15:00Z,0.09111116,0.09145999,0.09110544,0.0913989,69.24495762
2018-01-19T12:20:00Z,0.0913989,0.0913989,0.09061371,0.091,204.09813169
2018-01-19T12:25:00Z,0.091,0.0913,0.09081112,0.09120012,139.33774119
2018-01-19T12:30:00Z,0.09120012,0.0912913,0.09120012,0.0912015,65.62808732
2018-01-19T12:35:00Z,0.091202,0.0912913,0.09120012,0.0912913,105.12062883
2018-01-19T12:40:00Z,0.09121153,0.09147891,0.091002,0.09113,176.12946566
2018-01-19T12:45:00Z,0.09128417,0.09147883,0.0911,0.091239,117.26335393
2018-01-19T12:50:00Z,0.091239,0.0913,0.09110152,0.09129999,152.84935993
2018-01-19T12:55:00Z,0.09129999,0.0915,0.09127,0.09149894,149.58710675
2018-01-19T13:00:00Z,0.09149891,0.09178319,0.09129002,0.09130501,116.92940077
2018-01-19T13:05:00Z,0.0914,0.09173893,0.09130501,0.09131002,208.22918763
2018-01-19T13:10:00Z,0.09131,0.0916,0.09130501,0.09133,88.08938959
2018-01-19T13:15:00Z,0.09133,0.092,0.09132999,0.09178666,245.05926395
2018-01-19T13:20:00Z,0.09143,0.09200098,0.09133773,0.09176184,242.49850371
2018-01-19T13:25:00Z,0.091755,0.09189965,0.09150003,0.0918899,179.54066987
2018-01-19T13:30:00Z,0.0918899,0.09199079,0.09150091,0.09197295,116.44814489
2018-01-19T13:35:00Z,0.09196,0.09197196,0.09163801,0.09189895,115.8027583
2018-01-19T13:40:00Z,0.09163804,0.09189895,0.09163802,0.09163802,151.69076713
2018-01-19T13:45:00Z,0.09171923,0.09176044,0.09133001,0.091528,193.37212867
2018-01-19T13:50:00Z,0.09163797,0.09174173,0.09129002,0.09173989,199.80209573
2018-01-19T13:55:00Z,0.09170494,0.09196487,0.09129,0.09189885,244.19181273
2018-01-19T14:00:00Z,0.09172001,0.09189885,0.09130015,0.09175,228.80337136
2018-01-19T14:05:00Z,0.09171995,0.09175428,0.09130015,0.09174999,116.07486975
2018-01-19T14:10:00Z,0.09174999,0.09181497,0.09130017,0.09181492,135.11995125
2018-01-19T14:15:00Z,0.09181492,0.09181492,0.09130017,0.09165315,101.47219211
2018-01-19T14:20:00Z,0.09180732,0.09181474,0.09129,0.09180262,165.53749325
2018-01-19T14:25:00Z,0.09180262,0.0919,0.09142002,0.0915,279.44888724
2018-01-19T14:30:00Z,0.0916,0.09189889,0.0913,0.0914,274.37755009
2018-01-19T14:35:00Z,0.0914,0.09173984,0.0912422,0.0915,81.59718944
2018-01-19T14:40:00Z,0.0915,0.09189889,0.09127,0.09178933,171.25021368
2018-01-19T14:45:00Z,0.09178933,0.09184001,0.09054217,0.09126002,433.91230938
2018-01-19T14:50:00Z,0.09126001,0.09182645,0.09125,0.09174607,127.61904765
2018-01-19T14:55:00Z,0.09174606,0.09174606,0.09126004,0.091451,139.37665508
2018-01-19T15:00:00Z,0.091451,0.0917,0.091451,0.09145114,119.71769338
2018-01-19T15:05:00Z,0.09145114,0.09162557,0.09126007,0.09162091,180.81019344
2018-01-19T15:10:00Z,0.0916209,0.0917,0.09126007,0.09149998,145.03611096
2018-01-19T15:15:00Z,0.09149998,0.09159,0.09116011,0.09117501,92.51224173
2018-01-19T15:20:00Z,0.091325,0.09179997,0.09117901,0.09179994,121.89544889
2018-01-19T15:25:00Z,0.09161901,0.09183651,0.09161901,0.09183646,203.36966017
2018-01-19T15:30:00Z,0.09183646,0.09186983,0.09123952,0.0915699,165.71143007
2018-01-19T15:35:00Z,0.09176093,0.09186983,0.09123,0.09173229,76.95679627
2018-01-19T15:40:00Z,0.09173227,0.09175066,0.09143134,0.09173222,83.36505289
2018-01-19T15:45:00Z,0.09173221,0.09173225,0.0914,0.09149987,107.00175549
2018-01-19T15:50:00Z,0.0914,0.0915,0.0911601,0.0913609,135.45368366
2018-01-19T15:55:00Z,0.0913609,0.0913609,0.09074381,0.0909997,279.95840732
2018-01-19T16:00:00Z,0.09099969,0.09099974,0.0907,0.0909792,144.64072259
2018-01-19T16:05:00Z,0.0909792,0.09106553,0.09070005,0.09106553,123.83735319
2018-01-19T16:10:00Z,0.09100049,0.091469,0.0907037,0.09098812,225.0513046
2018-01-19T16:15:00Z,0.09098813,0.09104625,0.0907037,0.09104253,413.02839557
2018-01-19T16:20:00Z,0.09104253,0.09123951,0.09081018,0.09118227,144.08251621
2018-01-19T16:25:00Z,0.091,0.09141,0.0909,0.0910298,216.48383471
2018-01-19T16:30:00Z,0.09105404,0.09109391,0.0906,0.0909054,213.04834022
2018-01-19T16:35:00Z,0.0909054,0.0909054,0.0905202,0.09060014,215.94636187
2018-01-19T16:40:00Z,0.09060014,0.09081619,0.09050002,0.09081599,128.19093171
2018-01-19T16:45:00Z,0.09081599,0.090816,0.0905,0.09079993,133.88814649
2018-01-19T16:50:00Z,0.09079993,0.09081597,0.0905006,0.090799,107.53259107
2018-01-19T16:55:00Z,0.090799,0.09081597,0.09060002,0.09075,147.39838849
2018-01-19T17:00:00Z,0.09075,0.090816,0.09074998,0.090816,114.35511335
2018-01-19T17:05:00Z,0.090816,0.0908488,0.09080001,0.090816,97.61543684
2018-01-19T17:10:00Z,0.09080001,0.09093519,0.0908,0.09093519,117.63537038
2018-01-19T17:15:00Z,0.0908,0.09093518,0.0908,0.09085,202.34778372
2018-01-19T17:20:00Z,0.09085,0.09085,0.09080001,0.09085,174.57400749
2018-01-19T17:25:00Z,0.09085,0.0909352,0.09050006,0.09093517,242.95406131
2018-01-19T17:30:00Z,0.0909352,0.0909352,0.09050003,0.0907,96.2686249
2018-01-19T17:35:00Z,0.0907,0.0909352,0.09050003,0.09059999,198.37360294
2018-01-19T17:40:00Z,0.09059999,0.0909352,0.09050003,0.09085703,223.27207136
2018-01-19T17:45:00Z,0.09085702,0.09212,0.09050005,0.09085,693.89584173
2018-01-19T17:50:00Z,0.09085,0.091333,0.09073405,0.0911913,274.66322388
2018-01-19T17:55:00Z,0.09119138,0.0921,0.0911913,0.09144999,751.91885562
2018-01-19T18:00:00Z,0.09144999,0.09150008,0.09143772,0.09150008,457.55727375
2018-01-19T18:05:00Z,0.09150008,0.092085,0.09119138,0.091305,243.76273752
2018-01-19T18:10:00Z,0.09134997,0.09149725,0.09120292,0.0914,169.39367472
2018-01-19T18:15:00Z,0.09139998,0.09149999,0.09119138,0.09148,247.75404834
2018-01-19T18:20:00Z,0.09147985,0.09148998,0.09100002,0.09115977,100.76987887
2018-01-19T18:25:00Z,0.09115977,0.09149999,0.09115977,0.09145,101.85501835
2018-01-19T18:30:00Z,0.09149999,0.09149999,0.09139991,0.09149997,146.60070742
2018-01-19T18:35:00Z,0.09149997,0.09149998,0.09139994,0.09139994,108.48774079
2018-01-19T18:40:00Z,0.09149998,0.0915,0.09111001,0.09111005,77.26863508
2018-01-19T18:45:00Z,0.0912,0.09143554,0.09111,0.0911101,105.56329526
2018-01-19T18:50:00Z,0.09139997,0.0916988,0.09111011,0.0914,138.65194692
2018-01-19T18:55:00Z,0.09143508,0.091659,0.09111006,0.09111007,124.04913284
2018-01-19T19:00:00Z,0.09123002,0.09133347,0.0911,0.09126399,197.5765155
2018-01-19T19:05:00Z,0.09126399,0.09126399,0.0911,0.09120008,97.29172779
2018-01-19T19:10:00Z,0.09120008,0.091263,0.0911,0.09126291,141.26480057
2018-01-19T19:15:00Z,0.09126291,0.09133346,0.09126291,0.09130501,57.91863593
2018-01-19T19:20:00Z,0.09130508,0.09149789,0.09130502,0.09130504,134.82910657
2018-01-19T19:25:00Z,0.09133299,0.09161999,0.09130502,0.09130502,165.52664393
2018-01-19T19:30:00Z,0.09130502,0.091346,0.0908,0.09100001,139.58139767
2018-01-19T19:35:00Z,0.09100001,0.091305,0.09091802,0.09112,83.00253061
2018-01-19T19:40:00Z,0.09115,0.09115,0.09077002,0.09115,38.52180081
2018-01-19T19:45:00Z,0.09115,0.09115,0.09075304,0.09113001,38.28417833
2018-01-19T19:50:00Z,0.09114,0.09114,0.09080001,0.09112,49.63309833
2018-01-19T19:55:00Z,0.091115,0.09112,0.09090501,0.091115,67.70478589
2018-01-19T20:00:00Z,0.09111,0.09115,0.090905,0.09115,67.67306918
2018-01-19T20:05:00Z,0.09115,0.09115,0.09075093,0.09115,82.24833102
2018-01-19T20:10:00Z,0.09079989,0.09115,0.09075093,0.09114994,37.82059094
2018-01-19T20:15:00Z,0.09114995,0.09114999,0.09075093,0.09112,66.92955041
2018-01-19T20:20:00Z,0.0907525,0.091145,0.09075093,0.09106341,89.98698261
2018-01-19T20:25:00Z,0.09106338,0.09106342,0.09058,0.0910634,48.48255716
2018-01-19T20:30:00Z,0.0910634,0.091124,0.09058,0.09109885,55.8316202
2018-01-19T20:35:00Z,0.09109399,0.09109399,0.09058,0.0908,89.46325898
2018-01-19T20:40:00Z,0.09079999,0.09099997,0.09050003,0.09050003,251.93932875
2018-01-19T20:45:00Z,0.09050003,0.09094947,0.09035,0.09080129,285.07714249
2018-01-19T20:50:00Z,0.09080129,0.09080631,0.0903,0.0905,122.85171077
2018-01-19T20:55:00Z,0.0903,0.09086899,0.0902,0.09079996,189.00887622
2018-01-19T21:00:00Z,0.09051004,0.09079996,0.09023863,0.09079,64.52233854
2018-01-19T21:05:00Z,0.09078999,0.09079,0.09041225,0.090689,63.43661945
2018-01-19T21:10:00Z,0.09053038,0.09069995,0.0902,0.0905,62.00237714
2018-01-19T21:15:00Z,0.09053037,0.09053038,0.09017816,0.09048497,77.98608975
2018-01-19T21:20:00Z,0.09048496,0.09048496,0.09017685,0.09048101,58.71471073
2018-01-19T21:25:00Z,0.09048101,0.09053038,0.09048101,0.09053038,66.56570844
2018-01-19T21:30:00Z,0.09048102,0.09053038,0.09017685,0.09017691,46.09117075
2018-01-19T21:35:00Z,0.09053036,0.09053038,0.09017691,0.09053033,17.47256588
2018-01-19T21:40:00Z,0.09053033,0.09053036,0.09020051,0.09041038,42.99973582
2018-01-19T21:45:00Z,0.09041038,0.09044156,0.09012006,0.09040575,135.37434019
2018-01-19T21:50:00Z,0.09020095,0.09040582,0.09020095,0.09040582,172.55763639
2018-01-19T21:55:00Z,0.09040582,0.09040582,0.09012006,0.09040581,91.93920496
2018-01-19T22:00:00Z,0.09040581,0.09040581,0.09009372,0.09016666,72.72525113
2018-01-19T22:05:00Z,0.090291,0.09040581,0.09016666,0.09040576,95.97519681
2018-01-19T22:10:00Z,0.0901667,0.09040581,0.0901667,0.09040355,42.54617677
2018-01-19T22:15:00Z,0.09040355,0.09040355,0.0902,0.0904,81.99441779
2018-01-19T22:20:00Z,0.0904,0.09040354,0.0902005,0.09040052,147.98297532
2018-01-19T22:25:00Z,0.09020051,0.09040052,0.0902005,0.09040052,65.96214675
2018-01-19T22:30:00Z,0.09040052,0.09040052,0.09020053,0.0902742,28.84908839
2018-01-19T22:35:00Z,0.09030042,0.0904004,0.0902742,0.09039999,114.64044554
2018-01-19T22:40:00Z,0.090397,0.09039999,0.09030061,0.090397,75.59036395
2018-01-19T22:45:00Z,0.09030062,0.090397,0.09009374,0.09034999,96.87077094
2018-01-19T22:50:00Z,0.09034999,0.09035,0.09023263,0.090349,109.91340212
2018-01-19T22:55:00Z,0.090349,0.09035,0.0901,0.09024031,129.29452925
2018-01-19T23:00:00Z,0.09024031,0.090349,0.09015016,0.09024031,49.38043624
2018-01-19T23:05:00Z,0.09024031,0.090349,0.09024031,0.090349,101.43235316
2018-01-19T23:10:00Z,0.09034899,0.0904004,0.09034899,0.09034899,109.78133055
2018-01-19T23:15:00Z,0.09039992,0.0904005,0.09034899,0.0904005,102.78095769
2018-01-19T23:20:00Z,0.0904,0.0904005,0.09009372,0.09009376,128.36537893
2018-01-19T23:25:00Z,0.09036827,0.09038994,0.090055,0.09021,192.23298809
2018-01-19T23:30:00Z,0.09021,0.09049998,0.09005,0.09049998,86.17230543
2018-01-19T23:35:00Z,0.090369,0.090369,0.09004023,0.090369,102.05792989
2018-01-19T23:40:00Z,0.090369,0.090369,0.09005,0.0901,88.34928815
2018-01-19T23:45:00Z,0.0901,0.0901,0.09,0.0901,227.87051757
2018-01-19T23:50:00Z,0.090082,0.09049997,0.09000001,0.09049985,245.87706181
2018-01-19T23:55:00Z,0.09049983,0.09049983,0.09,0.09009,180.53986467
2018-01-20T00:00:00Z,0.090089,0.09052583,0.09000002,0.090005,109.48839365
2018-01-20T00:05:00Z,0.09024989,0.0906,0.090005,0.09050369,166.95651784
2018-01-20T00:10:00Z,0.090224,0.0906045,0.090038,0.09049973,61.20312299
2018-01-20T00:15:00Z,0.09049973,0.09049976,0.09,0.09048956,180.74323913
2018-01-20T00:20:00Z,0.09048,0.09048,0.09,0.09017,139.41329387
2018-01-20T00:25:00Z,0.09016999,0.09050948,0.09,0.09046996,284.76089819
2018-01-20T00:30:00Z,0.09046996,0.090654,0.09014162,0.090467,70.12692481
2018-01-20T00:35:00Z,0.090467,0.0906,0.090189,0.0904863,64.90491387
2018-01-20T00:40:00Z,0.09047997,0.09047997,0.090189,0.090189,79.40620189
2018-01-20T00:45:00Z,0.090189,0.09028499,0.090189,0.0902,59.17139239
2018-01-20T00:50:00Z,0.0902849,0.0902849,0.09,0.09016002,78.21500793
2018-01-20T00:55:00Z,0.09016002,0.09028499,0.08992,0.0902846,260.23220413
2018-01-20T01:00:00Z,0.0902846,0.09028499,0.08977,0.089805,215.21485903
2018-01-20T01:05:00Z,0.09025769,0.09025857,0.08977,0.08977004,178.27649407
2018-01-20T01:10:00Z,0.09014987,0.09014987,0.08969409,0.09000005,137.24592419
2018-01-20T01:15:00Z,0.0901,0.09025788,0.09000005,0.09000005,183.34809195
2018-01-20T01:20:00Z,0.09000005,0.090349,0.08965,0.08974707,444.02540469
2018-01-20T01:25:00Z,0.090157,0.090157,0.08965931,0.09007968,204.65229033
2018-01-20T01:30:00Z,0.09007968,0.090258,0.08974703,0.09025796,108.6204242
2018-01-20T01:35:00Z,0.0902579,0.090689,0.08955431,0.09067399,367.12695576
2018-01-20T01:40:00Z,0.09067399,0.090689,0.08995601,0.090689,162.6938052
2018-01-20T01:45:00Z,0.0904,0.09099,0.0902,0.09090329,180.51737693
2018-01-20T01:50:00Z,0.09090329,0.09090329,0.09062805,0.09090328,99.09683933
2018-01-20T01:55:00Z,0.09090329,0.09090329,0.0902799,0.0908715,52.79054919
2018-01-20T02:00:00Z,0.09067929,0.09087153,0.09047161,0.09087153,79.47182658
2018-01-20T02:05:00Z,0.09087153,0.09111,0.0907,0.09110059,101.7143026
2018-01-20T02:10:00Z,0.09110059,0.091305,0.09099989,0.09120416,109.01333826
2018-01-20T02:15:00Z,0.09120416,0.09127363,0.09090329,0.09100001,163.71092319
2018-01-20T02:20:00Z,0.09100001,0.09123849,0.0907377,0.09090329,123.60884193
2018-01-20T02:25:00Z,0.09090329,0.09123508,0.09090329,0.09102526,66.01174503
2018-01-20T02:30:00Z,0.09097688,0.0913,0.09079682,0.09079682,341.57308361
2018-01-20T02:35:00Z,0.09079682,0.09097686,0.09079682,0.09079682,38.41547786
2018-01-20T02:40:00Z,0.090797,0.09119999,0.09079682,0.09119999,254.83645168
2018-01-20T02:45:00Z,0.09119523,0.09129287,0.09097,0.09117962,46.17507652
2018-01-20T02:50:00Z,0.09129287,0.09130498,0.09097001,0.09097001,112.30062554
2018-01-20T02:55:00Z,0.09097001,0.09134498,0.09097001,0.09097003,57.72276502
2018-01-20T03:00:00Z,0.09097003,0.09131527,0.09075,0.09123099,103.94904433
2018-01-20T03:05:00Z,0.09075,0.09121093,0.09075,0.09093965,93.78362596
2018-01-20T03:10:00Z,0.09093965,0.091235,0.09044201,0.09067062,230.26600386
2018-01-20T03:15:00Z,0.09067064,0.09123499,0.090488,0.09119981,103.02252846
2018-01-20T03:20:00Z,0.09119982,0.09123499,0.09065263,0.09113681,111.07930583
2018-01-20T03:25:00Z,0.0907,0.09113685,0.09065266,0.09093999,166.27395011
2018-01-20T03:30:00Z,0.0907,0.09108153,0.0907,0.09070006,54.27553588
2018-01-20T03:35:00Z,0.09103243,0.09103243,0.09060001,0.09070002,70.44450632
2018-01-20T03:40:00Z,0.09070002,0.0909568,0.09045203,0.09045204,140.49537692
2018-01-20T03:45:00Z,0.09095674,0.09095674,0.09045201,0.09070439,92.05105148
2018-01-20T03:50:00Z,0.09070439,0.09095649,0.09026547,0.09071044,101.94845205
2018-01-20T03:55:00Z,0.09070184,0.0908,0.09026551,0.09079683,84.61433918
2018-01-20T04:00:00Z,0.09079681,0.09079864,0.0903001,0.09079859,185.50524496
2018-01-20T04:05:00Z,0.09079859,0.09079859,0.09057863,0.09057867,92.47979681
2018-01-20T04:10:00Z,0.09079888,0.09084,0.09042001,0.09042503,89.2629045
2018-01-20T04:15:00Z,0.09076999,0.09076999,0.09034984,0.09034991,58.30399871
2018-01-20T04:20:00Z,0.09042505,0.0907,0.09028562,0.09068564,133.91930438
2018-01-20T04:25:00Z,0.09067899,0.09072999,0.09028563,0.09029563,92.39668414
2018-01-20T04:30:00Z,0.09029563,0.09053799,0.08994201,0.09007602,514.11635549
2018-01-20T04:35:00Z,0.0902999,0.09053798,0.08974232,0.08989999,716.49104378
2018-01-20T04:40:00Z,0.08989999,0.09052224,0.08984,0.09049593,264.36408293
2018-01-20T04:45:00Z,0.09049593,0.09052224,0.08957,0.08957383,322.81471386
2018-01-20T04:50:00Z,0.08957383,0.09000017,0.088787,0.08879488,551.75374163
2018-01-20T04:55:00Z,0.08879488,0.08915344,0.08833357,0.08852688,385.36068886
2018-01-20T05:00:00Z,0.08852688,0.08862354,0.08801,0.08862354,452.91624209
2018-01-20T05:05:00Z,0.08862354,0.08915342,0.08801001,0.08837641,378.02449462
2018-01-20T05:10:00Z,0.08837641,0.0887088,0.08801226,0.08846719,326.39278471
2018-01-20T05:15:00Z,0.08846726,0.0885,0.088,0.0884,293.05866979
2018-01-20T05:20:00Z,0.0883,0.088455,0.088,0.08832003,243.30596144
2018-01-20T05:25:00Z,0.08845,0.088455,0.08801,0.08803,146.73557822
2018-01-20T05:30:00Z,0.0884549,0.089,0.08802989,0.08883597,316.98421754
2018-01-20T05:35:00Z,0.08850001,0.08899997,0.08829,0.0885,587.09310702
2018-01-20T05:40:00Z,0.08828788,0.089,0.0882494,0.08848497,194.91254612
2018-01-20T05:45:00Z,0.08848497,0.08883687,0.08806259,0.08877993,250.98802637
2018-01-20T05:50:00Z,0.08861483,0.0888,0.08806259,0.08871268,162.14560537
2018-01-20T05:55:00Z,0.0885,0.08874338,0.08815,0.0886,90.00333858
2018-01-20T06:00:00Z,0.0886,0.0888,0.08819467,0.08820086,199.22782268
2018-01-20T06:05:00Z,0.08820086,0.08876,0.08820078,0.08876,208.00920666
2018-01-20T06:10:00Z,0.08876,0.089,0.0887,0.08883688,150.06102569
2018-01-20T06:15:00Z,0.08883687,0.0892,0.08833003,0.08909251,275.08543142
2018-01-20T06:20:00Z,0.08908806,0.08924874,0.08862781,0.08913891,220.66016206
2018-01-20T06:25:00Z,0.08887662,0.08913791,0.08864679,0.0888,71.6079323
2018-01-20T06:30:00Z,0.0888,0.08895,0.08865003,0.08894997,141.86524193
2018-01-20T06:35:00Z,0.08894997,0.08940686,0.08880002,0.08889,163.2145479
2018-01-20T06:40:00Z,0.08928,0.08930304,0.08880001,0.0892,403.86294031
2018-01-20T06:45:00Z,0.08880001,0.08921999,0.08880001,0.0888889,128.7814173
2018-01-20T06:50:00Z,0.0888889,0.0891477,0.08880007,0.08912759,86.38192718
2018-01-20T06:55:00Z,0.08912759,0.08912759,0.08880001,0.08912,181.58540108
2018-01-20T07:00:00Z,0.08912,0.08934461,0.0888,0.08934458,103.7435476
2018-01-20T07:05:00Z,0.08934458,0.08944197,0.0889274,0.08912759,135.11663435
2018-01-20T07:10:00Z,0.08912758,0.08912759,0.0889274,0.08902749,127.55663013
2018-01-20T07:15:00Z,0.08902752,0.08912759,0.08887792,0.08891,155.54175384
2018-01-20T07:20:00Z,0.08891,0.08891,0.0888,0.08880002,97.0855793
2018-01-20T07:25:00Z,0.08883822,0.0894479,0.08880002,0.0894479,196.66437258
2018-01-20T07:30:00Z,0.0894479,0.08968368,0.08892742,0.0891294,74.16728293
2018-01-20T07:35:00Z,0.0891294,0.08930318,0.08893948,0.08912949,49.8347743
2018-01-20T07:40:00Z,0.08912949,0.08928982,0.0889,0.0889,56.47800006
2018-01-20T07:45:00Z,0.08915067,0.0892508,0.0889,0.08920873,67.00327163
2018-01-20T07:50:00Z,0.08920873,0.08920874,0.08890001,0.08920699,51.58230328
2018-01-20T07:55:00Z,0.08920698,0.08920699,0.08885,0.08885,113.48078956
2018-01-20T08:00:00Z,0.08885,0.08920597,0.08882,0.08890001,47.14268313
2018-01-20T08:05:00Z,0.08920594,0.08920596,0.0889,0.089,79.21410535
2018-01-20T08:10:00Z,0.08920589,0.08920593,0.089,0.08920581,84.79231457
2018-01-20T08:15:00Z,0.0892058,0.08953995,0.089,0.08953995,56.19527491
2018-01-20T08:20:00Z,0.08953995,0.08954,0.089001,0.08952897,66.72712787
2018-01-20T08:25:00Z,0.08952898,0.08952898,0.0891111,0.08933513,57.71869696
2018-01-20T08:30:00Z,0.08933509,0.08934013,0.08911125,0.08911132,72.80089694
2018-01-20T08:35:00Z,0.08911131,0.0891401,0.08885,0.08900992,69.36944983
2018-01-20T08:40:00Z,0.08900992,0.0891401,0.08900992,0.08900993,112.78676281
2018-01-20T08:45:00Z,0.08913997,0.08943998,0.08900993,0.08943992,78.62872418
2018-01-20T08:50:00Z,0.0894399,0.08943994,0.0882697,0.08849999,795.05674675
2018-01-20T08:55:00Z,0.08849998,0.08889597,0.08838485,0.08853924,77.22499
2018-01-20T09:00:00Z,0.08853924,0.08889595,0.08838485,0.0887,191.36212047
2018-01-20T09:05:00Z,0.0887,0.08875,0.08853976,0.08874998,73.19650231
2018-01-20T09:10:00Z,0.08874998,0.0890099,0.0885,0.08899999,137.3592678
2018-01-20T09:15:00Z,0.08898998,0.08898999,0.0885,0.08850001,58.3977256
2018-01-20T09:20:00Z,0.088938,0.089135,0.08850001,0.08903086,130.0237447
2018-01-20T09:25:00Z,0.08854273,0.08914,0.0885,0.08903079,187.01388278
2018-01-20T09:30:00Z,0.08850642,0.08906479,0.08850642,0.08853053,54.89078591
2018-01-20T09:35:00Z,0.08853053,0.08879212,0.08835,0.08853053,126.28967183
2018-01-20T09:40:00Z,0.08853053,0.08876999,0.0883,0.08868476,38.21246378
2018-01-20T09:45:00Z,0.08868476,0.08883899,0.08831,0.08877344,106.36836851
2018-01-20T09:50:00Z,0.08877344,0.08883899,0.08853055,0.0888,129.1718525
2018-01-20T09:55:00Z,0.08853058,0.0888,0.08853056,0.08879999,83.15646161
2018-01-20T10:00:00Z,0.08879999,0.0888,0.088799,0.0888,85.94898206
2018-01-20T10:05:00Z,0.08879901,0.088839,0.08853074,0.0888,174.27262979
2018-01-20T10:10:00Z,0.0888,0.0888,0.08853074,0.08853081,29.25764006
2018-01-20T10:15:00Z,0.08853081,0.08879993,0.08853081,0.08879993,65.0366022
2018-01-20T10:20:00Z,0.08853081,0.0887999,0.08853081,0.08853083,81.3584217
2018-01-20T10:25:00Z,0.08859189,0.08879995,0.08853081,0.08879978,93.60128103
2018-01-20T10:30:00Z,0.08879977,0.08879989,0.08854,0.08879989,46.18021979
2018-01-20T10:35:00Z,0.08879988,0.0888,0.08854008,0.0887,220.21314487
2018-01-20T10:40:00Z,0.0887,0.089,0.08854011,0.089,74.85527947
2018-01-20T10:45:00Z,0.089,0.08914,0.08871774,0.08899997,110.2648768
2018-01-20T10:50:00Z,0.08899998,0.08933992,0.0887,0.089135,125.63396915
2018-01-20T10:55:00Z,0.08931487,0.08954,0.08874516,0.089,207.58438047
2018-01-20T11:00:00Z,0.08931487,0.08949939,0.08879506,0.08881522,294.37026321
2018-01-20T11:05:00Z,0.089,0.0919,0.08881524,0.089419,827.86636345
2018-01-20T11:10:00Z,0.089419,0.08942,0.08901172,0.08924874,134.83324264
2018-01-20T11:15:00Z,0.08932392,0.08941999,0.08924874,0.08930499,91.00336217
2018-01-20T11:20:00Z,0.0893003,0.08941999,0.0893003,0.08941997,45.43482146
2018-01-20T11:25:00Z,0.08941997,0.08958976,0.0893003,0.08949999,262.33749798
2018-01-20T11:30:00Z,0.0895,0.08958968,0.0893,0.08954892,509.45559994
2018-01-20T11:35:00Z,0.08931,0.08954891,0.0892,0.0895398,87.36944836
2018-01-20T11:40:00Z,0.08953978,0.08954,0.089,0.08952999,97.83495772
2018-01-20T11:45:00Z,0.08903,0.08958684,0.08900001,0.08953985,62.52508566
2018-01-20T11:50:00Z,0.08949,0.08957698,0.08906706,0.08957698,149.58255121
2018-01-20T11:55:00Z,0.08957697,0.08972,0.08915003,0.08964888,186.91389754
2018-01-20T12:00:00Z,0.0895,0.08964888,0.08904102,0.08954997,52.05882626
2018-01-20T12:05:00Z,0.08954997,0.08977145,0.08954997,0.08954999,164.28436677
2018-01-20T12:10:00Z,0.08955,0.08989713,0.08954997,0.08954997,165.78289368
2018-01-20T12:15:00Z,0.08954997,0.08955,0.08924874,0.0894999,70.07908805
2018-01-20T12:20:00Z,0.0894999,0.08983671,0.089425,0.08955,60.20244272
2018-01-20T12:25:00Z,0.08985689,0.08989198,0.089351,0.089351,108.18621377
2018-01-20T12:30:00Z,0.089351,0.08991387,0.08925,0.08925,129.54060788
2018-01-20T12:35:00Z,0.08975178,0.08991402,0.08925006,0.08932108,131.46599057
2018-01-20T12:40:00Z,0.08988896,0.08988897,0.08938653,0.08987992,48.24449673
2018-01-20T12:45:00Z,0.08987991,0.08987992,0.0894066,0.08970531,78.0229626
2018-01-20T12:50:00Z,0.0896994,0.0899,0.0894181,0.08942664,76.38222394
2018-01-20T12:55:00Z,0.08985177,0.08989725,0.08942673,0.08960001,71.94139053
2018-01-20T13:00:00Z,0.08964529,0.08983292,0.08942673,0.089645,44.93092992
2018-01-20T13:05:00Z,0.089635,0.08985,0.0894268,0.08965404,42.018268
2018-01-20T13:10:00Z,0.08975,0.08985,0.08965406,0.08984898,73.78215434
2018-01-20T13:15:00Z,0.0897313,0.09,0.08965413,0.08993772,193.82811238
2018-01-20T13:20:00Z,0.08993772,0.09,0.08965403,0.08965403,115.49612266
2018-01-20T13:25:00Z,0.08965405,0.089985,0.08965405,0.08965409,116.07569149
2018-01-20T13:30:00Z,0.08965409,0.0899,0.08965405,0.08965405,324.54921775
2018-01-20T13:35:00Z,0.08965405,0.08987499,0.0894,0.089729,214.75632084
2018-01-20T13:40:00Z,0.089729,0.089895,0.0893194,0.0893194,190.19174763
2018-01-20T13:45:00Z,0.08931942,0.08987,0.0891,0.0895,48.97949853
2018-01-20T13:50:00Z,0.0896,0.0896,0.08911618,0.08959999,126.50803395
2018-01-20T13:55:00Z,0.08959999,0.089835,0.08920008,0.089825,158.24530422
2018-01-20T14:00:00Z,0.089825,0.09,0.08922027,0.08935815,547.8390064
2018-01-20T14:05:00Z,0.08982491,0.08982492,0.089229,0.0892488,108.11662456
2018-01-20T14:10:00Z,0.08925005,0.0901,0.08925005,0.08953721,66.45212385
2018-01-20T14:15:00Z,0.08953721,0.08988992,0.08953721,0.08979398,101.40395711
2018-01-20T14:20:00Z,0.08978999,0.08979597,0.0894,0.0897899,81.08977853
2018-01-20T14:25:00Z,0.0897899,0.0897899,0.089294,0.08959495,91.90713378
2018-01-20T14:30:00Z,0.08959496,0.08969446,0.08927556,0.0896499,97.31051159
2018-01-20T14:35:00Z,0.08964392,0.08964991,0.08942378,0.08942379,106.24030386
2018-01-20T14:40:00Z,0.08942379,0.089789,0.08942378,0.08942378,62.99079629
2018-01-20T14:45:00Z,0.08978899,0.08979,0.08906,0.08930577,84.92683916
2018-01-20T14:50:00Z,0.089765,0.08978995,0.08930579,0.089785,61.28595315
2018-01-20T14:55:00Z,0.08978995,0.089825,0.08931104,0.08978996,58.37967299
2018-01-20T15:00:00Z,0.08978996,0.0898,0.08931101,0.08969991,233.99206553
2018-01-20T15:05:00Z,0.089699,0.08978297,0.08934101,0.0897683,109.27267487
2018-01-20T15:10:00Z,0.08976825,0.08981373,0.08934102,0.08981373,137.22151516
2018-01-20T15:15:00Z,0.08981373,0.0901,0.08981373,0.09001533,157.56639203
2018-01-20T15:20:00Z,0.09004004,0.0900441,0.08990041,0.08990041,150.4479785
2018-01-20T15:25:00Z,0.08990041,0.08998704,0.08943677,0.08998703,142.91437482
2018-01-20T15:30:00Z,0.089987,0.09014698,0.08950001,0.09009996,123.22272952
2018-01-20T15:35:00Z,0.08959,0.09014247,0.08959,0.08997,102.18884498
2018-01-20T15:40:00Z,0.08996999,0.09063209,0.08943674,0.09009998,156.05108789
2018-01-20T15:45:00Z,0.09009997,0.09009999,0.08973984,0.09007702,134.67191033
2018-01-20T15:50:00Z,0.09007702,0.09008497,0.08950002,0.08974011,142.4205656
2018-01-20T15:55:00Z,0.0897398,0.09038981,0.08950005,0.09019898,211.51337843
2018-01-20T16:00:00Z,0.09019899,0.09029992,0.09008501,0.09019895,179.1106943
2018-01-20T16:05:00Z,0.09019895,0.09039971,0.09008501,0.09025,164.51961111
2018-01-20T16:10:00Z,0.09028,0.0903,0.08990388,0.09008493,49.28932101
2018-01-20T16:15:00Z,0.09014943,0.09029659,0.09,0.09019889,43.5508169
2018-01-20T16:20:00Z,0.09001001,0.0903,0.09001,0.09029669,84.54794599
2018-01-20T16:25:00Z,0.09029994,0.0903998,0.09000142,0.09029669,201.76174639
2018-01-20T16:30:00Z,0.09029668,0.09039,0.089505,0.089505,262.52743772
2018-01-20T16:35:00Z,0.08995252,0.09038998,0.08995252,0.09023865,76.5030722
2018-01-20T16:40:00Z,0.09023865,0.09063209,0.08974232,0.090239,161.73515676
2018-01-20T16:45:00Z,0.090239,0.0905,0.08952501,0.09022899,177.31500118
2018-01-20T16:50:00Z,0.09,0.09028632,0.08952505,0.08985922,40.41931084
2018-01-20T16:55:00Z,0.0899,0.09029999,0.08968601,0.09019996,56.34584986
2018-01-20T17:00:00Z,0.09019996,0.09019997,0.08977572,0.08999,59.90437427
2018-01-20T17:05:00Z,0.08999,0.09,0.08977,0.09,77.10694778
2018-01-20T17:10:00Z,0.08977,0.08999499,0.089505,0.08968601,79.04022642
2018-01-20T17:15:00Z,0.08968601,0.08969998,0.08910949,0.089291,133.95176876
2018-01-20T17:20:00Z,0.08929101,0.08989358,0.08929,0.08940004,97.95118461
2018-01-20T17:25:00Z,0.08969988,0.08989497,0.08941,0.0896999,93.30597982
2018-01-20T17:30:00Z,0.08941013,0.08982998,0.08941009,0.08941011,54.2409508
2018-01-20T17:35:00Z,0.08941011,0.08986989,0.08941009,0.08950001,124.9796584
2018-01-20T17:40:00Z,0.0898599,0.08987999,0.08943731,0.0897,155.25144077
2018-01-20T17:45:00Z,0.0897,0.09018586,0.08941009,0.08941009,65.75192598
2018-01-20T17:50:00Z,0.08949,0.09018,0.08941018,0.089667,174.16551567
2018-01-20T17:55:00Z,0.0896691,0.09005147,0.089667,0.0896691,85.56386947
2018-01-20T18:00:00Z,0.08986395,0.09011187,0.08944394,0.0899,52.92182036
2018-01-20T18:05:00Z,0.08966906,0.09010984,0.08966906,0.08966911,55.29354898
2018-01-20T18:10:00Z,0.08966911,0.0898998,0.08944394,0.0896,88.66764787
2018-01-20T18:15:00Z,0.08966896,0.09010988,0.08920002,0.08984659,172.16084343
2018-01-20T18:20:00Z,0.0898,0.08990582,0.08932132,0.0898898,72.04997991
2018-01-20T18:25:00Z,0.0898898,0.09010974,0.08932132,0.08974659,117.07580456
2018-01-20T18:30:00Z,0.08974659,0.09010972,0.08935,0.08961353,56.66233758
2018-01-20T18:35:00Z,0.0896662,0.09001212,0.08961353,0.08974777,67.70922152
2018-01-20T18:40:00Z,0.09,0.09001212,0.0895,0.0895,79.40650026
2018-01-20T18:45:00Z,0.0895,0.08985555,0.0895,0.08953922,55.68849245
2018-01-20T18:50:00Z,0.08953922,0.09010974,0.0895,0.0900951,122.49854553
2018-01-20T18:55:00Z,0.08985554,0.09009509,0.0896,0.089602,85.85046825
2018-01-20T19:00:00Z,0.089602,0.0898557,0.08932132,0.0894064,174.32161867
2018-01-20T19:05:00Z,0.0894064,0.0898557,0.08932133,0.08985555,58.33646798
2018-01-20T19:10:00Z,0.08985555,0.08999999,0.08947893,0.08999999,60.00591642
2018-01-20T19:15:00Z,0.08985553,0.08999999,0.08947904,0.08999998,68.17713157
2018-01-20T19:20:00Z,0.08999998,0.09011507,0.08960401,0.09,111.94042804
2018-01-20T19:25:00Z,0.09,0.09010988,0.0899999,0.08999997,101.6556225
2018-01-20T19:30:00Z,0.0899999,0.09010849,0.089791,0.08993156,68.38061089
2018-01-20T19:35:00Z,0.08993156,0.09008457,0.089791,0.090059,355.59252793
2018-01-20T19:40:00Z,0.090059,0.09011077,0.090059,0.09009998,435.25170804
2018-01-20T19:45:00Z,0.09009998,0.09011152,0.090059,0.09005901,711.7645536
2018-01-20T19:50:00Z,0.09005901,0.09011507,0.090059,0.0900656,405.27617067
2018-01-20T19:55:00Z,0.090059,0.0900656,0.09002001,0.09002001,150.02571257
2018-01-20T20:00:00Z,0.09,0.09005554,0.08933003,0.08999707,101.89215468
2018-01-20T20:05:00Z,0.08999707,0.09005555,0.089495,0.09005555,200.25555881
2018-01-20T20:10:00Z,0.08999993,0.09005555,0.08948978,0.08979999,60.55241375
2018-01-20T20:15:00Z,0.089674,0.0898,0.08924874,0.0898,194.06730298
2018-01-20T20:20:00Z,0.0898,0.09003654,0.089,0.08984703,366.31566189
2018-01-20T20:25:00Z,0.08984701,0.08984703,0.08845001,0.08984701,606.4562853
2018-01-20T20:30:00Z,0.08984701,0.09002672,0.08984701,0.08999638,80.12911796
2018-01-20T20:35:00Z,0.08999638,0.09004407,0.08984704,0.09,59.15923589
2018-01-20T20:40:00Z,0.09004402,0.09004405,0.08984704,0.08984704,45.72409585
2018-01-20T20:45:00Z,0.09,0.09,0.08984703,0.09,27.57521736
2018-01-20T20:50:00Z,0.08999999,0.09005555,0.08984703,0.09004405,93.41816097
2018-01-20T20:55:00Z,0.09,0.0900656,0.08959941,0.08961253,115.61107211
2018-01-20T21:00:00Z,0.089988,0.09005555,0.08995781,0.09005554,27.77102636
2018-01-20T21:05:00Z,0.09,0.09005554,0.09,0.09000001,21.52629025
2018-01-20T21:10:00Z,0.0900005,0.09000051,0.09,0.0900005,58.25361285
2018-01-20T21:15:00Z,0.0900005,0.09000051,0.09000001,0.09000002,93.99451241
2018-01-20T21:20:00Z,0.09000051,0.09005554,0.09000001,0.09005553,60.16827094
2018-01-20T21:25:00Z,0.09005553,0.09008657,0.08825223,0.09,780.7132627
2018-01-20T21:30:00Z,0.09007135,0.09011507,0.08987698,0.08987698,48.96795305
2018-01-20T21:35:00Z,0.09,0.09011507,0.08987696,0.0899668,43.12741905
2018-01-20T21:40:00Z,0.08996679,0.09011507,0.08977696,0.09011506,53.82446482
2018-01-20T21:45:00Z,0.08996501,0.09014999,0.089905,0.089905,82.82649526
2018-01-20T21:50:00Z,0.09010407,0.0901141,0.08977696,0.08977697,38.03529689
2018-01-20T21:55:00Z,0.08986673,0.09005387,0.0895,0.0897892,53.37554532
2018-01-20T22:00:00Z,0.08950005,0.08987498,0.08950003,0.08983582,99.533958
2018-01-20T22:05:00Z,0.08983582,0.08987498,0.0895,0.089874,20.97488277
2018-01-20T22:10:00Z,0.08987479,0.0898749,0.0895,0.0897,56.28474094
2018-01-20T22:15:00Z,0.08970001,0.08983567,0.0897,0.08982599,87.81146012
2018-01-20T22:20:00Z,0.08971777,0.08982996,0.089286,0.08959,148.53297811
2018-01-20T22:25:00Z,0.08969999,0.09005388,0.08959,0.08982658,100.31317102
2018-01-20T22:30:00Z,0.08982658,0.09014999,0.0896,0.08999996,169.23579631
2018-01-20T22:35:00Z,0.08999996,0.09014999,0.08959,0.09007566,83.47951631
2018-01-20T22:40:00Z,0.09007566,0.09007566,0.08959,0.08999999,80.58969712
2018-01-20T22:45:00Z,0.09,0.09007558,0.08950099,0.09,95.70098984
2018-01-20T22:50:00Z,0.09,0.09007558,0.08957743,0.09007557,50.87274956
2018-01-20T22:55:00Z,0.09007557,0.09007557,0.08962561,0.08999999,18.9545328
2018-01-20T23:00:00Z,0.08999998,0.09007554,0.08955,0.08994492,33.78060432
2018-01-20T23:05:00Z,0.08994493,0.09007557,0.08970086,0.09007557,70.27429426
2018-01-20T23:10:00Z,0.09007557,0.09007566,0.0899,0.09006995,63.24317968
2018-01-20T23:15:00Z,0.09007564,0.09014999,0.08991799,0.09014999,71.77470629
2018-01-20T23:20:00Z,0.09014999,0.0904,0.08991799,0.09001273,87.18138464
2018-01-20T23:25:00Z,0.09032477,0.09032477,0.0899,0.08991799,70.99123686
2018-01-20T23:30:00Z,0.0899182,0.09026,0.08991799,0.089967,47.26242132
2018-01-20T23:35:00Z,0.09025635,0.09059996,0.09025609,0.09032477,119.57560543
2018-01-20T23:40:00Z,0.09036,0.09057231,0.089918,0.09046607,60.04603438
2018-01-20T23:45:00Z,0.09046607,0.09057222,0.08991811,0.09022997,67.07124866
2018-01-20T23:50:00Z,0.0904886,0.0904886,0.0901,0.0901,76.44957129
2018-01-20T23:55:00Z,0.09010005,0.0904,0.09001376,0.0904,52.52117998
2018-01-21T00:00:00Z,0.090395,0.09060111,0.08976,0.08980836,89.7411612
2018-01-21T00:05:00Z,0.08980836,0.09073513,0.08978504,0.0900007,572.88909821
2018-01-21T00:10:00Z,0.09063976,0.09063977,0.0900007,0.09030342,87.70224071
2018-01-21T00:15:00Z,0.09000074,0.09063692,0.09000074,0.09034999,38.57269999
2018-01-21T00:20:00Z,0.09034999,0.09041232,0.09000075,0.09019544,166.98304932
2018-01-21T00:25:00Z,0.09018383,0.09062921,0.09010001,0.09055264,119.46834813
2018-01-21T00:30:00Z,0.09040228,0.09062506,0.09019081,0.09048893,61.89201843
2018-01-21T00:35:00Z,0.09048893,0.09048999,0.09012852,0.09048,78.94451102
2018-01-21T00:40:00Z,0.09048,0.09049349,0.0900002,0.09047189,114.49269014
2018-01-21T00:45:00Z,0.09048995,0.0905,0.0901048,0.09046991,46.89626861
2018-01-21T00:50:00Z,0.090468,0.09047189,0.0900002,0.0900002,106.1441591
2018-01-21T00:55:00Z,0.0900002,0.09020272,0.0895,0.0899324,271.05207523
2018-01-21T01:00:00Z,0.0899524,0.09017443,0.0895,0.08989813,129.19216605
2018-01-21T01:05:00Z,0.08989813,0.09055411,0.08956105,0.09020272,131.82883964
2018-01-21T01:10:00Z,0.09043012,0.09043012,0.08964357,0.08964357,132.81949105
2018-01-21T01:15:00Z,0.08999991,0.09030042,0.08964358,0.08970001,133.95973311
2018-01-21T01:20:00Z,0.09030046,0.09045583,0.08964357,0.09029995,79.43459352
2018-01-21T01:25:00Z,0.09010296,0.09040095,0.089781,0.09029988,63.89542553
2018-01-21T01:30:00Z,0.09029988,0.09040094,0.08971,0.09036899,263.33609197
2018-01-21T01:35:00Z,0.09036899,0.09048,0.08972604,0.09041845,102.05067312
2018-01-21T01:40:00Z,0.09041845,0.09041845,0.09000001,0.09039987,51.66891596
2018-01-21T01:45:00Z,0.09038636,0.09038636,0.08999491,0.09000002,109.18374972
2018-01-21T01:50:00Z,0.09000002,0.09034451,0.09,0.09031994,76.82312883
2018-01-21T01:55:00Z,0.09031992,0.09031993,0.09000001,0.09000001,131.3138844
2018-01-21T02:00:00Z,0.090212,0.09031525,0.09000001,0.090212,56.26935873
2018-01-21T02:05:00Z,0.090212,0.09040845,0.09000001,0.090408,71.6359136
2018-01-21T02:10:00Z,0.090408,0.09057361,0.0900918,0.09057,80.4961726
2018-01-21T02:15:00Z,0.09047998,0.09057362,0.09047998,0.09047998,65.46021186
2018-01-21T02:20:00Z,0.09047998,0.09057362,0.09002401,0.090029,161.32452728
2018-01-21T02:25:00Z,0.09056999,0.09056999,0.090029,0.09002901,66.63136727
2018-01-21T02:30:00Z,0.09002901,0.09039991,0.09002403,0.09039331,93.09108874
2018-01-21T02:35:00Z,0.09039154,0.0904,0.09002403,0.09002403,201.2590504
2018-01-21T02:40:00Z,0.09002403,0.09025997,0.08999491,0.08999491,221.12179108
2018-01-21T02:45:00Z,0.08999491,0.09025884,0.08970002,0.08970507,133.93968834
2018-01-21T02:50:00Z,0.08970509,0.090214,0.0895,0.09003,168.41276229
2018-01-21T02:55:00Z,0.09002996,0.09024709,0.0898,0.08980002,75.6260825
2018-01-21T03:00:00Z,0.08981,0.09009,0.08981,0.09008639,205.06545264
2018-01-21T03:05:00Z,0.09007,0.0905,0.089505,0.0905,191.85150875
2018-01-21T03:10:00Z,0.09039999,0.09039999,0.0898,0.09028995,129.99704746
2018-01-21T03:15:00Z,0.09028992,0.09029805,0.08960401,0.08962192,109.96309019
2018-01-21T03:20:00Z,0.08962192,0.0901,0.0895,0.09,193.45551053
2018-01-21T03:25:00Z,0.08957362,0.090095,0.0894,0.089785,255.3848093
2018-01-21T03:30:00Z,0.08946001,0.08996983,0.08931977,0.0896,160.73125957
2018-01-21T03:35:00Z,0.0896,0.08996894,0.08945112,0.0897999,115.43010956
2018-01-21T03:40:00Z,0.0897999,0.09004523,0.08945135,0.0897999,119.8062978
2018-01-21T03:45:00Z,0.08979992,0.090069,0.08979992,0.09006873,117.53397506
2018-01-21T03:50:00Z,0.09006871,0.09020047,0.09006846,0.09006879,85.83755586
2018-01-21T03:55:00Z,0.09019,0.09045979,0.08979992,0.08979993,228.75905379
2018-01-21T04:00:00Z,0.08979993,0.09009256,0.08957366,0.09009256,209.06483498
2018-01-21T04:05:00Z,0.08962501,0.09045976,0.08962501,0.08970801,112.74596706
2018-01-21T04:10:00Z,0.09019999,0.090479,0.08967501,0.08970021,154.10748755
2018-01-21T04:15:00Z,0.0897102,0.0905,0.0896902,0.09028,140.64808878
2018-01-21T04:20:00Z,0.09028,0.09073513,0.08992026,0.09049097,94.29884377
2018-01-21T04:25:00Z,0.09049097,0.09065019,0.09005239,0.09012739,72.39956187
2018-01-21T04:30:00Z,0.09051986,0.0906317,0.09012695,0.09012695,163.94744795
2018-01-21T04:35:00Z,0.090127,0.09049995,0.09012695,0.09045321,409.05164562
2018-01-21T04:40:00Z,0.090127,0.090665,0.090127,0.0904,77.10967666
2018-01-21T04:45:00Z,0.09021549,0.09039999,0.090001,0.090001,120.5584824
2018-01-21T04:50:00Z,0.09000102,0.090395,0.0898,0.09023139,221.53872525
2018-01-21T04:55:00Z,0.08997,0.0905,0.08971272,0.09039998,172.86997105
2018-01-21T05:00:00Z,0.09,0.09075405,0.09,0.09066486,67.34044131
2018-01-21T05:05:00Z,0.09066485,0.09066485,0.08973,0.08973001,186.10718429
2018-01-21T05:10:00Z,0.089835,0.09056679,0.08973,0.0902,104.3313124
2018-01-21T05:15:00Z,0.0902,0.09041997,0.09000076,0.0900008,44.16074248
2018-01-21T05:20:00Z,0.0901,0.09053836,0.0900008,0.0903,135.50636518
2018-01-21T05:25:00Z,0.0900008,0.0905,0.0900008,0.09045,333.59658307
2018-01-21T05:30:00Z,0.0905,0.0905,0.0900008,0.09025187,201.94990454
2018-01-21T05:35:00Z,0.090091,0.09049948,0.0900008,0.09000085,102.50801096
2018-01-21T05:40:00Z,0.09000085,0.09046976,0.08971,0.09041999,128.69037032
2018-01-21T05:45:00Z,0.08977046,0.09043198,0.08971,0.09036992,72.12776625
2018-01-21T05:50:00Z,0.09036991,0.09042696,0.08977046,0.0898062,68.90749263
2018-01-21T05:55:00Z,0.0898062,0.09022952,0.08977046,0.0898,146.13484111
2018-01-21T06:00:00Z,0.08977046,0.0902,0.08969975,0.09019998,54.97241317
2018-01-21T06:05:00Z,0.09019998,0.09019998,0.08967499,0.09002199,114.13712068
2018-01-21T06:10:00Z,0.09002199,0.09002199,0.08957502,0.09,25.0545178
2018-01-21T06:15:00Z,0.09,0.09012697,0.0896,0.09012697,67.7888204
2018-01-21T06:20:00Z,0.09012697,0.09040047,0.08946138,0.08992121,202.44104781
2018-01-21T06:25:00Z,0.08957162,0.08991995,0.08957162,0.08991,36.95873853
2018-01-21T06:30:00Z,0.08991,0.08991387,0.08957205,0.0898,40.48829858
2018-01-21T06:35:00Z,0.0898,0.089899,0.08957205,0.0896,214.18956838
2018-01-21T06:40:00Z,0.0896,0.08990549,0.0896,0.08989927,94.56276439
2018-01-21T06:45:00Z,0.08989927,0.090061,0.0896303,0.090061,27.79309102
2018-01-21T06:50:00Z,0.090061,0.09040046,0.0897,0.09,59.48525015
2018-01-21T06:55:00Z,0.09,0.09029999,0.08974002,0.08974006,47.88868171
2018-01-21T07:00:00Z,0.09022487,0.09022487,0.08974006,0.08988888,69.34777263
2018-01-21T07:05:00Z,0.08976,0.09014999,0.08974009,0.08988888,103.90833371
2018-01-21T07:10:00Z,0.09014999,0.0904416,0.08988888,0.0902,42.88655679
2018-01-21T07:15:00Z,0.08988888,0.0904,0.08980001,0.09038778,88.54617404
2018-01-21T07:20:00Z,0.09038778,0.090391,0.09008898,0.09008902,139.07725656
2018-01-21T07:25:00Z,0.09008901,0.09008902,0.08988901,0.09008902,136.01739086
2018-01-21T07:30:00Z,0.09008902,0.0903877,0.09008882,0.0900902,264.93911846
2018-01-21T07:35:00Z,0.0900902,0.09036298,0.0898,0.09030037,75.64610773
2018-01-21T07:40:00Z,0.09030037,0.09036299,0.08946137,0.08961839,283.0799082
2018-01-21T07:45:00Z,0.0896184,0.09031565,0.089445,0.09014399,181.51967936
2018-01-21T07:50:00Z,0.09014399,0.09030322,0.08967,0.0903032,141.91539686
2018-01-21T07:55:00Z,0.0903032,0.09064326,0.08992839,0.090407,150.83752927
2018-01-21T08:00:00Z,0.0903032,0.09042599,0.08979308,0.08982485,132.01709745
2018-01-21T08:05:00Z,0.08989668,0.09039289,0.08979998,0.09027816,34.42141594
2018-01-21T08:10:00Z,0.09027816,0.09027844,0.09,0.09027817,80.95253677
2018-01-21T08:15:00Z,0.09027816,0.09050998,0.09000049,0.090279,66.75165984
2018-01-21T08:20:00Z,0.09038114,0.09069497,0.0901413,0.09033485,157.59403021
2018-01-21T08:25:00Z,0.09014136,0.0906,0.09014132,0.0904715,225.00781695
2018-01-21T08:30:00Z,0.0904715,0.0906,0.09000052,0.09047147,39.46239765
2018-01-21T08:35:00Z,0.09016,0.0905889,0.09000584,0.09047148,61.45192788
2018-01-21T08:40:00Z,0.09047148,0.0904715,0.0900059,0.0901,21.65112185
2018-01-21T08:45:00Z,0.09043263,0.09043265,0.09006,0.0904,47.47721111
2018-01-21T08:50:00Z,0.0904,0.09043265,0.0904,0.09040011,162.7257837
2018-01-21T08:55:00Z,0.09040011,0.09058887,0.090006,0.09047036,180.63983501
2018-01-21T09:00:00Z,0.09047036,0.09064564,0.09004287,0.09004288,90.72224222
2018-01-21T09:05:00Z,0.09004288,0.09050399,0.08985787,0.08985788,90.18662965
2018-01-21T09:10:00Z,0.09047627,0.09047627,0.08985789,0.09039111,48.3931177
2018-01-21T09:15:00Z,0.09039111,0.09055465,0.08998523,0.09049999,70.30931421
2018-01-21T09:20:00Z,0.09049222,0.09049999,0.09,0.09,200.53311711
2018-01-21T09:25:00Z,0.09,0.09046927,0.08998,0.09035045,103.72548781
2018-01-21T09:30:00Z,0.09035047,0.09043401,0.0898993,0.09032999,91.35766178
2018-01-21T09:35:00Z,0.09032999,0.09041998,0.0900002,0.0900002,77.84287035
2018-01-21T09:40:00Z,0.0900002,0.09041924,0.09,0.09041924,105.50772258
2018-01-21T09:45:00Z,0.09041923,0.09041924,0.09000001,0.09010024,21.41493777
2018-01-21T09:50:00Z,0.09032856,0.09050002,0.09000002,0.09032849,220.17076149
2018-01-21T09:55:00Z,0.09016645,0.09050001,0.09000002,0.09048799,29.72763582
2018-01-21T10:00:00Z,0.0900001,0.09048798,0.09000003,0.09020999,29.38005302
2018-01-21T10:05:00Z,0.0901,0.0903763,0.09000003,0.09000004,53.70674866
2018-01-21T10:10:00Z,0.09000004,0.09034997,0.08975849,0.08995154,160.90252505
2018-01-21T10:15:00Z,0.08995154,0.09010599,0.08967834,0.09,45.4164551
2018-01-21T10:20:00Z,0.08971483,0.09010599,0.08969983,0.0899087,76.40707411
2018-01-21T10:25:00Z,0.0899087,0.09029498,0.08980919,0.09,50.3270383
2018-01-21T10:30:00Z,0.090047,0.09048799,0.0898092,0.09048,34.48807396
2018-01-21T10:35:00Z,0.09047999,0.09075405,0.08999902,0.09069929,109.28438239
2018-01-21T10:40:00Z,0.09069929,0.09084999,0.09021653,0.09043387,98.25194544
2018-01-21T10:45:00Z,0.09043387,0.09084998,0.09022701,0.09033001,53.41421535
2018-01-21T10:50:00Z,0.09045951,0.09084998,0.09033,0.09033005,67.67952136
2018-01-21T10:55:00Z,0.0908,0.0908,0.09033,0.09079902,25.0206602
2018-01-21T11:00:00Z,0.09079902,0.0908449,0.090342,0.09084489,46.39840722
2018-01-21T11:05:00Z,0.09084486,0.0908449,0.0905,0.0905,39.70443043
2018-01-21T11:10:00Z,0.09075,0.09075,0.0905905,0.09074999,34.85177893
2018-01-21T11:15:00Z,0.09074999,0.09075,0.09059054,0.09075,102.63005318
2018-01-21T11:20:00Z,0.09075,0.0909,0.09075,0.09084536,63.89807675
2018-01-21T11:25:00Z,0.09084526,0.09089999,0.09060542,0.09089969,37.52504594
2018-01-21T11:30:00Z,0.09063474,0.0909,0.0906,0.09089998,52.02143991
2018-01-21T11:35:00Z,0.09089998,0.091,0.0906,0.09099899,113.55436259
2018-01-21T11:40:00Z,0.09099899,0.091,0.0907,0.09097,212.58243948
2018-01-21T11:45:00Z,0.09097,0.09122639,0.0906,0.091,73.6060916
2018-01-21T11:50:00Z,0.091,0.0913,0.09061803,0.0912999,92.27668664
2018-01-21T11:55:00Z,0.0912999,0.09132619,0.09062812,0.09132619,37.98731234
2018-01-21T12:00:00Z,0.09131005,0.09136383,0.09080002,0.09100004,113.50006213
2018-01-21T12:05:00Z,0.09100004,0.09133899,0.09100004,0.09123899,58.11583807
2018-01-21T12:10:00Z,0.09123899,0.09134397,0.09035424,0.0907831,154.28584046
2018-01-21T12:15:00Z,0.0907831,0.09129266,0.09021653,0.09066999,131.19188614
2018-01-21T12:20:00Z,0.09067,0.09114999,0.09042037,0.09101396,40.70886428
2018-01-21T12:25:00Z,0.0908508,0.09108,0.09069944,0.09083356,81.12971224
2018-01-21T12:30:00Z,0.09108,0.09108497,0.09070944,0.09108,52.75451966
2018-01-21T12:35:00Z,0.09076027,0.0913,0.09076025,0.09129998,113.65337899
2018-01-21T12:40:00Z,0.0912,0.09129999,0.09055,0.09110799,92.71845635
2018-01-21T12:45:00Z,0.091095,0.091095,0.0905,0.09050004,36.15282199
2018-01-21T12:50:00Z,0.09090001,0.09103498,0.09054579,0.09103488,92.70941907
2018-01-21T12:55:00Z,0.09103488,0.09103498,0.09054578,0.0909,67.58009064
2018-01-21T13:00:00Z,0.09089999,0.09102998,0.0905,0.091,60.21396175
2018-01-21T13:05:00Z,0.09099999,0.0913,0.09070015,0.09129999,55.56726623
2018-01-21T13:10:00Z,0.0913,0.0913,0.09070122,0.09129999,81.27965496
2018-01-21T13:15:00Z,0.09070196,0.09132999,0.09070196,0.09132,66.33998408
2018-01-21T13:20:00Z,0.09132,0.09136395,0.0912,0.09132001,69.15345099
2018-01-21T13:25:00Z,0.09132998,0.09138,0.09132,0.0913744,78.11144639
2018-01-21T13:30:00Z,0.09132,0.09137998,0.09120004,0.0913,31.94778164
2018-01-21T13:35:00Z,0.0913,0.09166486,0.09120058,0.09166486,208.75410946
2018-01-21T13:40:00Z,0.0914168,0.0917,0.09138,0.0917,90.72013204
2018-01-21T13:45:00Z,0.09138,0.09179997,0.09120056,0.09171778,195.88090121
2018-01-21T13:50:00Z,0.09145,0.09171778,0.09123002,0.09168793,92.38938566
2018-01-21T13:55:00Z,0.09168793,0.09169898,0.09124008,0.09169891,157.26793438
2018-01-21T14:00:00Z,0.09169796,0.0919,0.09135472,0.0919,222.67002138
2018-01-21T14:05:00Z,0.09162622,0.0919,0.09143751,0.09182996,59.25278001
2018-01-21T14:10:00Z,0.09182996,0.09197,0.09162845,0.09197,169.08836981
2018-01-21T14:15:00Z,0.09195,0.09198202,0.0914375,0.0919694,200.70768123
2018-01-21T14:20:00Z,0.09172,0.09250001,0.09172,0.0922225,1021.51857599
2018-01-21T14:25:00Z,0.0922225,0.09278001,0.09200009,0.09235,258.80399128
2018-01-21T14:30:00Z,0.09235,0.09289998,0.09235,0.09259814,272.29332208
2018-01-21T14:35:00Z,0.09259814,0.0927,0.09238148,0.09250002,139.16269537
2018-01-21T14:40:00Z,0.09250002,0.09288064,0.09200009,0.09200009,358.50256683
2018-01-21T14:45:00Z,0.09200009,0.09200009,0.09154,0.09178889,212.87727673
2018-01-21T14:50:00Z,0.09178889,0.09228999,0.09170001,0.09228999,101.29869451
2018-01-21T14:55:00Z,0.09222599,0.09239,0.09179802,0.09180306,76.07694503
2018-01-21T15:00:00Z,0.09180306,0.09200001,0.09180301,0.09180302,63.46812544
2018-01-21T15:05:00Z,0.09180302,0.0918992,0.091575,0.0917,106.2211369
2018-01-21T15:10:00Z,0.0917,0.0924999,0.091575,0.0918,126.94182528
2018-01-21T15:15:00Z,0.09214554,0.09214554,0.0916,0.0917233,102.79946503
2018-01-21T15:20:00Z,0.0917233,0.09182993,0.0916,0.09182993,57.94946386
2018-01-21T15:25:00Z,0.09182992,0.09182993,0.09157502,0.09182992,36.6602477
2018-01-21T15:30:00Z,0.09182991,0.092198,0.09161401,0.09165589,255.01911442
2018-01-21T15:35:00Z,0.09209448,0.09209448,0.09129951,0.09133421,115.88436569
2018-01-21T15:40:00Z,0.09133421,0.09200081,0.091221,0.09188997,293.32067636
2018-01-21T15:45:00Z,0.09188997,0.09188999,0.09126101,0.09163729,83.93567827
2018-01-21T15:50:00Z,0.09172044,0.09174053,0.091251,0.09126502,64.51843274
2018-01-21T15:55:00Z,0.09126503,0.09139373,0.091241,0.091266,211.43155684
2018-01-21T16:00:00Z,0.091266,0.091893,0.091,0.091,122.05129617
2018-01-21T16:05:00Z,0.091,0.0912383,0.0907,0.09070001,166.54803859
2018-01-21T16:10:00Z,0.09070001,0.09077,0.09056486,0.09071593,207.95734329
2018-01-21T16:15:00Z,0.09071593,0.09106261,0.09056486,0.09100003,200.61564509
2018-01-21T16:20:00Z,0.09106261,0.09106263,0.09061,0.09079697,59.24728274
2018-01-21T16:25:00Z,0.09105131,0.09115829,0.0906501,0.0907,81.42538505
2018-01-21T16:30:00Z,0.09070012,0.09143353,0.0907,0.09132953,50.7178474
2018-01-21T16:35:00Z,0.09123831,0.0914,0.0908964,0.09109002,71.14240905
2018-01-21T16:40:00Z,0.09109012,0.0915,0.08985,0.0915,820.21147277
2018-01-21T16:45:00Z,0.0915,0.091699,0.09113866,0.0912538,85.56174287
2018-01-21T16:50:00Z,0.09127689,0.0916,0.09117,0.0916,61.24969574
2018-01-21T16:55:00Z,0.0916,0.091699,0.09125,0.091685,46.32121239
2018-01-21T17:00:00Z,0.0912515,0.09169899,0.09106272,0.09169,89.9312147
2018-01-21T17:05:00Z,0.09169,0.09169,0.09118,0.09118002,77.35217825
2018-01-21T17:10:00Z,0.09118002,0.09167999,0.09109428,0.091639,21.44432264
2018-01-21T17:15:00Z,0.091639,0.091639,0.09118007,0.0911801,69.71630111
2018-01-21T17:20:00Z,0.09118099,0.09140947,0.09109428,0.09109428,109.02482108
2018-01-21T17:25:00Z,0.09107402,0.09109428,0.0908,0.09094248,55.14903629
2018-01-21T17:30:00Z,0.09094248,0.091,0.0905,0.09059776,97.40770963
2018-01-21T17:35:00Z,0.090941,0.09094252,0.09059776,0.09094252,179.15426173
2018-01-21T17:40:00Z,0.09094252,0.09143626,0.09094252,0.0912383,132.47127802
2018-01-21T17:45:00Z,0.0912383,0.09128673,0.091,0.09123828,86.50826535
2018-01-21T17:50:00Z,0.09123828,0.0912383,0.091,0.091115,66.26888122
2018-01-21T17:55:00Z,0.09123827,0.09168,0.091115,0.09123872,131.25123983
2018-01-21T18:00:00Z,0.09123873,0.09141362,0.091,0.091,139.69159164
2018-01-21T18:05:00Z,0.0914,0.09141362,0.09098,0.09135,86.62377662
2018-01-21T18:10:00Z,0.0914,0.0914136,0.09135,0.09135,34.03657229
2018-01-21T18:15:00Z,0.09139,0.0914,0.09106263,0.0912,74.90090892
2018-01-21T18:20:00Z,0.09111101,0.09141362,0.09106263,0.09138626,80.51835918
2018-01-21T18:25:00Z,0.09111101,0.0912709,0.0908,0.09122369,40.53472004
2018-01-21T18:30:00Z,0.09118015,0.09119273,0.090748,0.09106242,30.31981502
2018-01-21T18:35:00Z,0.09106241,0.09106241,0.090748,0.090797,74.17450712
2018-01-21T18:40:00Z,0.09087276,0.0912383,0.09079697,0.09112194,43.8815544
2018-01-21T18:45:00Z,0.09112194,0.09112194,0.0907,0.0907,72.77588579
2018-01-21T18:50:00Z,0.09080299,0.0908938,0.0907005,0.09080299,48.54811882
2018-01-21T18:55:00Z,0.09080299,0.09106263,0.0906,0.0906,82.19409611
2018-01-21T19:00:00Z,0.09065892,0.09095175,0.09065892,0.0907,110.69699611
2018-01-21T19:05:00Z,0.0907,0.09106263,0.0907,0.09106263,36.9325967
2018-01-21T19:10:00Z,0.09106263,0.0912622,0.09079697,0.090907,57.87814531
2018-01-21T19:15:00Z,0.090907,0.09106263,0.09088779,0.09106197,28.12970076
2018-01-21T19:20:00Z,0.0908878,0.09106199,0.0908878,0.090889,187.90952199
2018-01-21T19:25:00Z,0.09088782,0.09123831,0.09088782,0.09111111,14.59519945
2018-01-21T19:30:00Z,0.09111111,0.09139,0.091,0.09128221,49.87756149
2018-01-21T19:35:00Z,0.09139,0.09155995,0.09126221,0.09150025,71.34199848
2018-01-21T19:40:00Z,0.09150025,0.0916,0.09126222,0.0915003,81.94757063
2018-01-21T19:45:00Z,0.0915003,0.09158383,0.09150027,0.09158016,54.72531809
2018-01-21T19:50:00Z,0.09158016,0.091582,0.09126221,0.09126221,43.13949663
2018-01-21T19:55:00Z,0.09126222,0.091582,0.09126222,0.0913,20.55315672
2018-01-21T20:00:00Z,0.091582,0.09158566,0.091263,0.09145,67.15752845
2018-01-21T20:05:00Z,0.09154055,0.09158566,0.091263,0.09145,96.56674727
2018-01-21T20:10:00Z,0.09155,0.09158566,0.09126221,0.09126222,47.61409228
2018-01-21T20:15:00Z,0.09154998,0.091646,0.09126222,0.09159632,76.24586113
2018-01-21T20:20:00Z,0.09159632,0.09168,0.09126222,0.09168,105.76564099
2018-01-21T20:25:00Z,0.09162852,0.09169899,0.09126222,0.09169899,86.98027463
2018-01-21T20:30:00Z,0.09169898,0.09175949,0.09123831,0.09123831,54.83443369
2018-01-21T20:35:00Z,0.09123831,0.0919,0.09123831,0.09170486,114.95626562
2018-01-21T20:40:00Z,0.09164,0.09189995,0.09123831,0.0915,106.26619088
2018-01-21T20:45:00Z,0.0915,0.09159148,0.09123831,0.09123831,51.20867561
2018-01-21T20:50:00Z,0.09130001,0.09169144,0.09123831,0.09123831,220.75673659
2018-01-21T20:55:00Z,0.09123831,0.0916915,0.09084937,0.09084938,42.67085999
2018-01-21T21:00:00Z,0.090969,0.09096993,0.0907,0.09096992,38.76169235
2018-01-21T21:05:00Z,0.09096992,0.09096993,0.09084935,0.09091299,48.39667588
2018-01-21T21:10:00Z,0.0909125,0.09123831,0.09085001,0.09085001,30.03013847
2018-01-21T21:15:00Z,0.09097,0.09115423,0.09070001,0.09106263,80.130553
2018-01-21T21:20:00Z,0.09106263,0.09169147,0.09094767,0.09169145,43.26455066
2018-01-21T21:25:00Z,0.09169083,0.09169083,0.09106264,0.09154337,68.67381354
2018-01-21T21:30:00Z,0.09154338,0.09169146,0.09079697,0.09106262,77.24808339
2018-01-21T21:35:00Z,0.09106262,0.09123831,0.09070003,0.09070004,132.23301268
2018-01-21T21:40:00Z,0.09070004,0.091238,0.09070004,0.0908,25.26031667
2018-01-21T21:45:00Z,0.090888,0.09100998,0.09070004,0.09100998,27.08778616
2018-01-21T21:50:00Z,0.09100998,0.09100998,0.09070005,0.09090007,33.12646695
2018-01-21T21:55:00Z,0.09090007,0.09100997,0.09070003,0.09070007,44.55880923
2018-01-21T22:00:00Z,0.09070007,0.09121799,0.09070003,0.09114298,65.6217559
2018-01-21T22:05:00Z,0.09114297,0.09114297,0.09073847,0.091,46.95130341
2018-01-21T22:10:00Z,0.09073847,0.091,0.09070003,0.0908292,45.16906581
2018-01-21T22:15:00Z,0.09082919,0.09099999,0.0906,0.09070001,57.99000979
2018-01-21T22:20:00Z,0.0907999,0.09147569,0.09070001,0.09123831,148.83864348
2018-01-21T22:25:00Z,0.090995,0.09147565,0.090995,0.09119301,77.20585192
2018-01-21T22:30:00Z,0.0914746,0.0914749,0.09119301,0.09121124,46.05458288
2018-01-21T22:35:00Z,0.091474,0.09147458,0.091173,0.0911931,17.58932682
2018-01-21T22:40:00Z,0.09119309,0.09147458,0.09119309,0.09121111,26.40051766
2018-01-21T22:45:00Z,0.09121111,0.09147458,0.0908,0.09113299,77.12010096
2018-01-21T22:50:00Z,0.09080002,0.09106263,0.0906,0.0907847,38.75107605
2018-01-21T22:55:00Z,0.090585,0.09097999,0.09053,0.09060005,33.77121266
2018-01-21T23:00:00Z,0.09077979,0.090784,0.0905,0.09078398,94.51862972
2018-01-21T23:05:00Z,0.090784,0.09103879,0.09062749,0.09103878,33.75277756
2018-01-21T23:10:00Z,0.09103878,0.09116262,0.0906375,0.09103879,43.03044748
2018-01-21T23:15:00Z,0.09079697,0.09103879,0.09054001,0.09101555,52.47959928
2018-01-21T23:20:00Z,0.09085461,0.09103876,0.09079697,0.09097724,69.27245511
2018-01-21T23:25:00Z,0.09097723,0.09123657,0.09097723,0.09123657,103.65149403
2018-01-21T23:30:00Z,0.09123657,0.09147459,0.09097724,0.09097724,412.64608165
2018-01-21T23:35:00Z,0.0913708,0.09147459,0.09082557,0.09147446,64.91281028
2018-01-21T23:40:00Z,0.09123831,0.09147459,0.09098183,0.09123831,106.98395211
2018-01-21T23:45:00Z,0.091,0.09142812,0.091,0.09142696,82.95549533
2018-01-21T23:50:00Z,0.09142695,0.09147459,0.09099996,0.0914099,56.98297631
2018-01-21T23:55:00Z,0.09098183,0.09141382,0.09078716,0.09083788,102.58632192
2018-01-22T00:00:00Z,0.09083788,0.09123787,0.090574,0.09118384,200.90378775
2018-01-22T00:05:00Z,0.09118384,0.09135821,0.09067407,0.09106185,102.63150261
2018-01-22T00:10:00Z,0.09106185,0.09116696,0.09067419,0.0907,42.73561624
2018-01-22T00:15:00Z,0.09071,0.09106263,0.09070123,0.09079698,38.86398133
2018-01-22T00:20:00Z,0.09079698,0.09116599,0.09067401,0.09105935,172.80772768
2018-01-22T00:25:00Z,0.09105935,0.09139999,0.09053503,0.09119019,141.12224346
2018-01-22T00:30:00Z,0.09119019,0.0914,0.090797,0.09109998,76.15694575
2018-01-22T00:35:00Z,0.09128576,0.09131569,0.09109998,0.09109999,79.4061039
2018-01-22T00:40:00Z,0.09109999,0.0914,0.09100007,0.09106269,54.83339171
2018-01-22T00:45:00Z,0.09137029,0.09137029,0.09100008,0.09117999,75.91040006
2018-01-22T00:50:00Z,0.09123831,0.091411,0.09100008,0.091411,78.32952993
2018-01-22T00:55:00Z,0.09138,0.09141382,0.09100007,0.09100007,103.50063435
2018-01-22T01:00:00Z,0.09100009,0.09141382,0.0902,0.0902,261.43521581
2018-01-22T01:05:00Z,0.09123177,0.09141382,0.09090001,0.09094307,63.08119284
2018-01-22T01:10:00Z,0.09094307,0.0914133,0.09090007,0.0913,72.45730589
2018-01-22T01:15:00Z,0.091225,0.09141487,0.09106263,0.0911,88.86743585
2018-01-22T01:20:00Z,0.09141309,0.09141309,0.0911,0.0911,45.31634445
2018-01-22T01:25:00Z,0.0911,0.0913,0.0911,0.09129688,32.6057386
2018-01-22T01:30:00Z,0.09129705,0.09141309,0.09121101,0.09141309,69.76584515
2018-01-22T01:35:00Z,0.09140989,0.09140989,0.09129698,0.09129698,102.29077355
2018-01-22T01:40:00Z,0.09129698,0.09140948,0.09129698,0.09140033,77.23479238
2018-01-22T01:45:00Z,0.091399,0.09140985,0.09129698,0.09129698,53.3923473
2018-01-22T01:50:00Z,0.09129698,0.09147459,0.09129698,0.09147459,161.33612283
2018-01-22T01:55:00Z,0.0914745,0.09150604,0.09129698,0.09129698,71.93275087
2018-01-22T02:00:00Z,0.09129698,0.09160483,0.09122,0.09140001,49.19760758
2018-01-22T02:05:00Z,0.09141,0.0915,0.09123001,0.0915,71.98796187
2018-01-22T02:10:00Z,0.09149999,0.0915,0.09133,0.09135001,44.01794849
2018-01-22T02:15:00Z,0.0914875,0.09148758,0.09131,0.09133,42.95533382
2018-01-22T02:20:00Z,0.0913499,0.091575,0.09133,0.091386,40.30323355
2018-01-22T02:25:00Z,0.09156463,0.091575,0.091386,0.09140005,60.25513267
2018-01-22T02:30:00Z,0.09157498,0.091575,0.091386,0.091386,213.92771591
2018-01-22T02:35:00Z,0.091386,0.09163998,0.091386,0.09138601,170.91243743
2018-01-22T02:40:00Z,0.0914055,0.09159,0.09100001,0.091211,530.486429
2018-01-22T02:45:00Z,0.09100001,0.09146242,0.09100001,0.09100009,167.43738841
2018-01-22T02:50:00Z,0.09119999,0.09123831,0.09100002,0.09100002,74.98572027
2018-01-22T02:55:00Z,0.09100002,0.09156657,0.09100001,0.09123831,164.04859793
2018-01-22T03:00:00Z,0.09123831,0.0914401,0.09071194,0.09123831,215.96906924
2018-01-22T03:05:00Z,0.09123831,0.09134592,0.09012831,0.09123831,186.1590955
2018-01-22T03:10:00Z,0.09134592,0.09140696,0.09123832,0.09134263,138.45368125
2018-01-22T03:15:00Z,0.09134263,0.09140695,0.09106263,0.09140694,298.66692776
2018-01-22T03:20:00Z,0.09140694,0.09140694,0.09123831,0.09140689,122.68192508
2018-01-22T03:25:00Z,0.09133,0.09159542,0.09123831,0.09133939,74.60966758
2018-01-22T03:30:00Z,0.09133939,0.09138691,0.09086263,0.09128497,102.2488307
2018-01-22T03:35:00Z,0.09128992,0.09128992,0.09086263,0.09123828,17.43778665
2018-01-22T03:40:00Z,0.0909,0.09149999,0.09086282,0.09149998,198.67667124
2018-01-22T03:45:00Z,0.09149998,0.09154999,0.0911528,0.09149966,39.88976191
2018-01-22T03:50:00Z,0.09149964,0.09149997,0.09115263,0.0913,51.988753
2018-01-22T03:55:00Z,0.09146992,0.09149996,0.09115263,0.09149,118.08920211
2018-01-22T04:00:00Z,0.09149,0.09149,0.09115263,0.09130382,122.74799726
2018-01-22T04:05:00Z,0.09130381,0.091689,0.091,0.09159806,192.88300455
2018-01-22T04:10:00Z,0.09159806,0.09168774,0.09106731,0.09144413,92.5319749
2018-01-22T04:15:00Z,0.09125,0.09144412,0.09108269,0.09114276,178.64196756
2018-01-22T04:20:00Z,0.09114276,0.0916,0.09114273,0.09155161,120.01203599
2018-01-22T04:25:00Z,0.09155159,0.0915516,0.09108269,0.09119999,171.0305968
2018-01-22T04:30:00Z,0.0910827,0.09133967,0.09106263,0.09132899,39.79019487
2018-01-22T04:35:00Z,0.0912,0.09132899,0.09106263,0.0911,57.25408467
2018-01-22T04:40:00Z,0.09120001,0.09120001,0.091,0.09115807,30.82015561
2018-01-22T04:45:00Z,0.09115807,0.09115807,0.0909,0.09111376,45.84134713
2018-01-22T04:50:00Z,0.0911579,0.0913,0.0909,0.0913,54.5225898
2018-01-22T04:55:00Z,0.0913,0.091468,0.09103,0.09103,74.59650834
2018-01-22T05:00:00Z,0.09144199,0.091442,0.09091305,0.091442,47.57899779
2018-01-22T05:05:00Z,0.09144198,0.091442,0.09106263,0.091441,32.0683082
2018-01-22T05:10:00Z,0.091441,0.091442,0.0912,0.09143001,117.38278272
2018-01-22T05:15:00Z,0.09143,0.09143,0.09120001,0.09143,31.20786942
2018-01-22T05:20:00Z,0.09143,0.09143,0.0912,0.09143,27.95691738
2018-01-22T05:25:00Z,0.09143,0.091442,0.091204,0.0914282,114.65835115
2018-01-22T05:30:00Z,0.0914282,0.091442,0.09130692,0.09134,80.29674956
2018-01-22T05:35:00Z,0.091442,0.091468,0.0912,0.0912,183.99620692
2018-01-22T05:40:00Z,0.09119,0.09159999,0.09089999,0.0909,656.22588216
2018-01-22T05:45:00Z,0.0909,0.09159,0.09080003,0.09112602,828.54615207
2018-01-22T05:50:00Z,0.09112601,0.09159,0.09089411,0.09122215,452.96882663
2018-01-22T05:55:00Z,0.09149508,0.09163399,0.09114743,0.09163399,45.78582158
2018-01-22T06:00:00Z,0.09163399,0.0917,0.09121551,0.09135,86.74611988
2018-01-22T06:05:00Z,0.09135,0.0917,0.09121555,0.09169997,55.02964493
2018-01-22T06:10:00Z,0.09168998,0.09169997,0.09121555,0.09121556,57.80419529
2018-01-22T06:15:00Z,0.09166871,0.09169965,0.09121556,0.091241,44.95628014
2018-01-22T06:20:00Z,0.09134809,0.09167301,0.09121556,0.09137736,99.38565184
2018-01-22T06:25:00Z,0.09137736,0.0914,0.09121556,0.09121556,102.93415913
2018-01-22T06:30:00Z,0.09121556,0.0914,0.091,0.09138,93.38170413
2018-01-22T06:35:00Z,0.09110001,0.09166842,0.0909,0.09154033,204.05830723
2018-01-22T06:40:00Z,0.09153866,0.09166837,0.09090006,0.09147499,136.31972164
2018-01-22T06:45:00Z,0.09147499,0.09161656,0.09112355,0.09159997,40.82999661
2018-01-22T06:50:00Z,0.09121472,0.09159995,0.0911236,0.09157762,28.9155043
2018-01-22T06:55:00Z,0.09157763,0.0915778,0.0911,0.09110001,22.12696861
2018-01-22T07:00:00Z,0.09110001,0.09148999,0.09110001,0.09110012,63.32827181
2018-01-22T07:05:00Z,0.09131389,0.0914879,0.09110003,0.0914798,59.83920122
2018-01-22T07:10:00Z,0.09147,0.09147,0.0912,0.09147,36.63766635
2018-01-22T07:15:00Z,0.09147,0.09148682,0.09110015,0.091475,23.14071931
2018-01-22T07:20:00Z,0.091474,0.0915999,0.09147399,0.09147399,94.41470779
2018-01-22T07:25:00Z,0.09147399,0.09158998,0.09147399,0.091474,59.90909144
2018-01-22T07:30:00Z,0.09157993,0.09158998,0.09110221,0.0915,71.61509872
2018-01-22T07:35:00Z,0.0915,0.09158998,0.09127199,0.09158998,98.88027856
2018-01-22T07:40:00Z,0.09158998,0.09161667,0.09127199,0.09127199,196.68736416
2018-01-22T07:45:00Z,0.09127199,0.09146989,0.09110016,0.091305,86.08147001
2018-01-22T07:50:00Z,0.091305,0.09144988,0.0911,0.091305,78.48547206
2018-01-22T07:55:00Z,0.09144985,0.09162,0.09110003,0.09145,95.89079651
2018-01-22T08:00:00Z,0.09147999,0.09147999,0.09111832,0.09147994,36.93485346
2018-01-22T08:05:00Z,0.09147994,0.09147999,0.0911,0.09147999,28.75186037
2018-01-22T08:10:00Z,0.09147999,0.09161996,0.09101763,0.0910542,171.64970119
2018-01-22T08:15:00Z,0.09148629,0.09157434,0.0910542,0.09138971,55.16229658
2018-01-22T08:20:00Z,0.0911,0.0916,0.091009,0.09137959,84.34551112
2018-01-22T08:25:00Z,0.09137959,0.09182999,0.09110374,0.0915,142.91043059
2018-01-22T08:30:00Z,0.09148998,0.0915,0.09114899,0.0915,211.1153652
2018-01-22T08:35:00Z,0.0915,0.09185,0.09144,0.09183299,212.69874392
2018-01-22T08:40:00Z,0.091833,0.09184859,0.09150001,0.0917342,97.4082286
2018-01-22T08:45:00Z,0.09173425,0.09187167,0.09150006,0.09173425,44.30631418
2018-01-22T08:50:00Z,0.09173425,0.09184,0.09150001,0.0915001,46.36230348
2018-01-22T08:55:00Z,0.0915001,0.09183072,0.09150001,0.09161009,51.17845045
2018-01-22T09:00:00Z,0.09161009,0.0918,0.09125505,0.0913087,160.75855406
2018-01-22T09:05:00Z,0.0913087,0.0918,0.09119027,0.09155845,251.63648144
2018-01-22T09:10:00Z,0.09155845,0.0918,0.09119027,0.09178924,293.10959184
2018-01-22T09:15:00Z,0.09164195,0.09183,0.0910083,0.09150581,504.50824097
2018-01-22T09:20:00Z,0.09150581,0.09150581,0.09100831,0.09150581,245.70297754
2018-01-22T09:25:00Z,0.09150581,0.09150581,0.09116591,0.09123183,203.8978724
2018-01-22T09:30:00Z,0.09123182,0.09171,0.09109931,0.09122414,299.23283439
2018-01-22T09:35:00Z,0.09122414,0.09162875,0.09105177,0.0914086,234.16439701
2018-01-22T09:40:00Z,0.0914086,0.0918,0.09113387,0.09122488,194.3158291
2018-01-22T09:45:00Z,0.09161839,0.09161841,0.09122488,0.09161701,71.12177408
2018-01-22T09:50:00Z,0.09161701,0.09183,0.0913,0.09133001,46.13825507
2018-01-22T09:55:00Z,0.09161809,0.09183032,0.09161809,0.09161809,73.51831126
2018-01-22T10:00:00Z,0.09161809,0.09184838,0.09161809,0.09184837,267.42528411
2018-01-22T10:05:00Z,0.09184837,0.09185,0.09161809,0.0916181,82.76429702
2018-01-22T10:10:00Z,0.0916181,0.09184974,0.09133001,0.09133002,89.65017959
2018-01-22T10:15:00Z,0.09153002,0.09153003,0.09133002,0.09153001,94.69286961
2018-01-22T10:20:00Z,0.09153002,0.0916,0.09151457,0.0916,50.99664699
2018-01-22T10:25:00Z,0.0915534,0.09184997,0.0915534,0.09184995,78.91065029
2018-01-22T10:30:00Z,0.09184996,0.09184997,0.09155341,0.0918,50.3384897
2018-01-22T10:35:00Z,0.0918,0.09184997,0.0913,0.09133001,963.09529094
2018-01-22T10:40:00Z,0.09133001,0.09187167,0.09130001,0.09187167,739.59471036
2018-01-22T10:45:00Z,0.09187167,0.0919,0.0918,0.0919,117.91277866
2018-01-22T10:50:00Z,0.0919,0.092,0.0918,0.091989,65.63397116
2018-01-22T10:55:00Z,0.091989,0.092,0.0918,0.0919999,84.58952429
2018-01-22T11:00:00Z,0.0919999,0.092,0.09173368,0.09175204,119.88040369
2018-01-22T11:05:00Z,0.09175204,0.092,0.0917337,0.09190205,63.62041982
2018-01-22T11:10:00Z,0.09177206,0.09190205,0.09177205,0.09190203,92.02860369
2018-01-22T11:15:00Z,0.09190205,0.092,0.0917721,0.092,203.26434658
2018-01-22T11:20:00Z,0.092,0.09203,0.091777,0.09203,126.61792322
2018-01-22T11:25:00Z,0.09203,0.09231931,0.09202502,0.092192,121.15457232
2018-01-22T11:30:00Z,0.0922,0.09241728,0.0921831,0.09241728,123.32514187
2018-01-22T11:35:00Z,0.09223311,0.09243988,0.09218317,0.0923,111.63176157
2018-01-22T11:40:00Z,0.0923,0.09243977,0.09218311,0.09220004,165.88735791
2018-01-22T11:45:00Z,0.09220004,0.09242788,0.092055,0.0921546,99.93922719
2018-01-22T11:50:00Z,0.09218457,0.0923778,0.09205501,0.09209244,94.57035813
2018-01-22T11:55:00Z,0.09209244,0.09242787,0.092,0.09238988,153.59434081
2018-01-22T12:00:00Z,0.09238988,0.09238988,0.0917,0.09177204,133.87054598
2018-01-22T12:05:00Z,0.09177205,0.091939,0.0915,0.09193,59.9522436
2018-01-22T12:10:00Z,0.09193,0.09229987,0.0915,0.09175004,37.00794241
2018-01-22T12:15:00Z,0.09229945,0.09229945,0.0915,0.0915,119.64627143
2018-01-22T12:20:00Z,0.0915,0.09188546,0.0913525,0.09136109,87.93035569
2018-01-22T12:25:00Z,0.09166978,0.09166978,0.0912,0.09135357,132.54597339
2018-01-22T12:30:00Z,0.091225,0.09169999,0.09110369,0.09169999,166.88214905
2018-01-22T12:35:00Z,0.09148,0.09181522,0.09125911,0.0913,91.60819869
2018-01-22T12:40:00Z,0.0913,0.0917,0.0913,0.091325,95.88767898
2018-01-22T12:45:00Z,0.091325,0.09168116,0.09110369,0.09167987,112.04002233
2018-01-22T12:50:00Z,0.09117001,0.09167988,0.09117001,0.09167,79.13595883
2018-01-22T12:55:00Z,0.09167,0.09167972,0.09126918,0.09167967,141.3016096
2018-01-22T13:00:00Z,0.091645,0.09167969,0.09126918,0.09159985,91.93221082
2018-01-22T13:05:00Z,0.09159985,0.09159985,0.09119594,0.09119594,86.16540782
2018-01-22T13:10:00Z,0.09127001,0.0915,0.09079684,0.09112039,305.20466083
2018-01-22T13:15:00Z,0.09116971,0.09159985,0.09102419,0.09157308,240.04973427
2018-01-22T13:20:00Z,0.09157308,0.09167989,0.091,0.09167989,290.6734584
2018-01-22T13:25:00Z,0.09159985,0.09167989,0.091,0.09167989,724.4938432
2018-01-22T13:30:00Z,0.09167989,0.09188549,0.09120006,0.09172999,315.38871646
2018-01-22T13:35:00Z,0.0917,0.09209286,0.0917,0.09188,616.25573175
2018-01-22T13:40:00Z,0.091989,0.0924,0.09169,0.0924,127.00943216
2018-01-22T13:45:00Z,0.0924,0.0924,0.09186188,0.09208487,330.18782074
2018-01-22T13:50:00Z,0.09208487,0.09239996,0.09186201,0.09239996,288.93738261
2018-01-22T13:55:00Z,0.0921009,0.09247,0.09186201,0.09229999,275.04251678
2018-01-22T14:00:00Z,0.09229999,0.09229999,0.09205,0.09206842,172.59466682
2018-01-22T14:05:00Z,0.09206842,0.0925,0.09205,0.0925,239.40742984
2018-01-22T14:10:00Z,0.09247395,0.0926,0.092,0.09205,428.40233244
2018-01-22T14:15:00Z,0.09207948,0.0926024,0.09200736,0.092536,245.93328374
2018-01-22T14:20:00Z,0.09252408,0.09253642,0.09173339,0.09252,128.62854262
2018-01-22T14:25:00Z,0.09221001,0.09253,0.09221001,0.09241,102.13495937
2018-01-22T14:30:00Z,0.09252999,0.09264,0.09207,0.0925998,311.88220381
2018-01-22T14:35:00Z,0.09259982,0.09259982,0.09207002,0.09217769,139.35222612
2018-01-22T14:40:00Z,0.0924,0.0925,0.09210001,0.0922,41.83069974
2018-01-22T14:45:00Z,0.0922,0.0924645,0.09210001,0.09210001,78.42163038
2018-01-22T14:50:00Z,0.09221177,0.09259969,0.09210005,0.09259969,111.80927787
2018-01-22T14:55:00Z,0.09259969,0.0927,0.09212,0.09255,115.33950334
2018-01-22T15:00:00Z,0.09255,0.09256626,0.09214012,0.09253958,72.06272971
2018-01-22T15:05:00Z,0.09253958,0.09253997,0.09216,0.09234,75.02035198
2018-01-22T15:10:00Z,0.0923498,0.09263038,0.09220003,0.09234,304.03548849
2018-01-22T15:15:00Z,0.09220003,0.092411,0.09216,0.09216,109.88648199
2018-01-22T15:20:00Z,0.0921705,0.09219996,0.0921,0.0921,245.20131969
2018-01-22T15:25:00Z,0.09210001,0.09211998,0.091733,0.09180001,120.3423514
2018-01-22T15:30:00Z,0.09199991,0.09199991,0.091733,0.09180001,132.39530663
2018-01-22T15:35:00Z,0.09180001,0.09186673,0.091733,0.09186673,206.39549349
2018-01-22T15:40:00Z,0.09186673,0.092,0.09180002,0.092,169.19452807
2018-01-22T15:45:00Z,0.09199999,0.09220003,0.0919,0.09220003,114.19822887
2018-01-22T15:50:00Z,0.09215,0.0924,0.09214401,0.0922,62.9426213
2018-01-22T15:55:00Z,0.0924,0.092411,0.092,0.092,294.02898986
2018-01-22T16:00:00Z,0.09200001,0.09226974,0.0918001,0.091955,168.1558256
2018-01-22T16:05:00Z,0.09200018,0.09222002,0.09175199,0.092,84.75698445
2018-01-22T16:10:00Z,0.09199998,0.092,0.09175199,0.09198065,152.27136503
2018-01-22T16:15:00Z,0.09198065,0.09200369,0.09176201,0.09176201,83.76926155
2018-01-22T16:20:00Z,0.092,0.09200369,0.09175,0.0920036,155.78915923
2018-01-22T16:25:00Z,0.09200369,0.09224999,0.09175198,0.09201,59.34385795
2018-01-22T16:30:00Z,0.09201001,0.09221656,0.09201,0.092016,70.82225746
2018-01-22T16:35:00Z,0.0921,0.09240599,0.092011,0.0923,135.19743381
2018-01-22T16:40:00Z,0.0923,0.09240998,0.092011,0.092011,91.52949505
2018-01-22T16:45:00Z,0.092011,0.09237,0.09186399,0.09234302,103.2292771
2018-01-22T16:50:00Z,0.0923239,0.09234301,0.0919,0.09222221,44.43195684
2018-01-22T16:55:00Z,0.0922,0.09236997,0.0919,0.09191502,132.9613208
2018-01-22T17:00:00Z,0.09229666,0.09233969,0.09175,0.09189181,248.49056659
2018-01-22T17:05:00Z,0.09189181,0.09229437,0.09175,0.09225,97.83224784
2018-01-22T17:10:00Z,0.09223999,0.09225551,0.09175008,0.0922,44.94774594
2018-01-22T17:15:00Z,0.0921,0.09246449,0.0921,0.09233897,146.00792002
2018-01-22T17:20:00Z,0.09233897,0.092612,0.0923,0.09252322,103.36446857
2018-01-22T17:25:00Z,0.09252703,0.092595,0.09230001,0.09230889,52.02711637
2018-01-22T17:30:00Z,0.09250999,0.0925546,0.09230888,0.09254,71.58907122
2018-01-22T17:35:00Z,0.09254,0.09282839,0.09230888,0.09269999,244.59780865
2018-01-22T17:40:00Z,0.09269999,0.09282838,0.09231103,0.0927727,139.59648473
2018-01-22T17:45:00Z,0.0927727,0.09282828,0.09241155,0.09266403,62.19657008
2018-01-22T17:50:00Z,0.09280048,0.092828,0.09250005,0.09277,97.78885795
2018-01-22T17:55:00Z,0.09278,0.09282839,0.09241156,0.0926,107.82984855
2018-01-22T18:00:00Z,0.0926,0.09289998,0.09259302,0.09289694,74.51894738
2018-01-22T18:05:00Z,0.09289694,0.0929,0.092421,0.09269996,75.38577507
2018-01-22T18:10:00Z,0.09242113,0.09269996,0.09242113,0.09269996,58.37761083
2018-01-22T18:15:00Z,0.09269996,0.0927987,0.09242115,0.0926,63.38499609
2018-01-22T18:20:00Z,0.0926,0.092798,0.09241156,0.09241156,71.27934683
2018-01-22T18:25:00Z,0.09242104,0.0926,0.09230888,0.0926,94.39489382
2018-01-22T18:30:00Z,0.09259997,0.09279797,0.09231001,0.09258893,134.23666587
2018-01-22T18:35:00Z,0.09258893,0.09269999,0.09230888,0.0923101,157.3538942
2018-01-22T18:40:00Z,0.0923101,0.0925,0.0923,0.09240001,80.42876741
2018-01-22T18:45:00Z,0.0924999,0.0925001,0.0924,0.09250009,99.33961675
2018-01-22T18:50:00Z,0.09244,0.092798,0.09242,0.09274888,79.33237658
2018-01-22T18:55:00Z,0.09274188,0.0927987,0.09230005,0.0924,129.90820786
2018-01-22T19:00:00Z,0.0924,0.0925,0.0924,0.09243,42.4310461
2018-01-22T19:05:00Z,0.0925,0.0925,0.0924,0.09243,47.9680668
2018-01-22T19:10:00Z,0.0924001,0.09243,0.0924,0.092427,124.7881925
2018-01-22T19:15:00Z,0.09243,0.0927987,0.092427,0.09243002,57.74630746
2018-01-22T19:20:00Z,0.09245,0.092795,0.09245,0.0927947,102.64911985
2018-01-22T19:25:00Z,0.0927947,0.0927947,0.0925,0.0925003,87.90331709
2018-01-22T19:30:00Z,0.0925003,0.0925003,0.09250002,0.09250005,113.72162399
2018-01-22T19:35:00Z,0.09250005,0.0925003,0.09250002,0.0925003,110.746357
2018-01-22T19:40:00Z,0.0925003,0.0925015,0.09247688,0.09250002,159.87272158
2018-01-22T19:45:00Z,0.0925,0.09250002,0.09180121,0.092479,132.86369247
2018-01-22T19:50:00Z,0.09237916,0.09252312,0.09213575,0.0925,110.42281223
2018-01-22T19:55:00Z,0.0925,0.0925,0.09213574,0.09247199,25.4439427
2018-01-22T20:00:00Z,0.09214001,0.09247199,0.09214001,0.09247195,48.70818026
2018-01-22T20:05:00Z,0.09247197,0.09247199,0.09213575,0.09215,313.33728873
2018-01-22T20:10:00Z,0.09247197,0.09249489,0.09213584,0.09244884,105.0370294
2018-01-22T20:15:00Z,0.09244884,0.09244884,0.09215,0.09226375,48.36360827
2018-01-22T20:20:00Z,0.09226384,0.09244874,0.09224216,0.09244872,33.00624476
2018-01-22T20:25:00Z,0.09244874,0.09244887,0.09224216,0.09244887,56.55406148
2018-01-22T20:30:00Z,0.09244887,0.0924949,0.09224611,0.092485,52.53465007
2018-01-22T20:35:00Z,0.0924489,0.092485,0.09213576,0.09213576,206.88682115
2018-01-22T20:40:00Z,0.09213576,0.092136,0.09180121,0.09180121,106.20806532
2018-01-22T20:45:00Z,0.092136,0.09227014,0.09178926,0.0918,83.31105425
2018-01-22T20:50:00Z,0.0918,0.09209297,0.09175,0.09207993,130.93186407
2018-01-22T20:55:00Z,0.09209297,0.09233631,0.09207993,0.09207999,69.02678577
2018-01-22T21:00:00Z,0.09207999,0.09230972,0.09207993,0.09207994,38.28409194
2018-01-22T21:05:00Z,0.0923,0.09230972,0.09207993,0.09230972,77.40256217
2018-01-22T21:10:00Z,0.09230972,0.09230972,0.09175,0.09175002,139.86766965
2018-01-22T21:15:00Z,0.09220697,0.09230971,0.09175,0.09200692,187.67422721
2018-01-22T21:20:00Z,0.09200692,0.09227688,0.09170852,0.09170852,59.08862774
2018-01-22T21:25:00Z,0.09170852,0.0919969,0.0915,0.0915,81.71862102
2018-01-22T21:30:00Z,0.09149503,0.09166845,0.09127,0.0914234,115.26924066
2018-01-22T21:35:00Z,0.0914234,0.09157001,0.0912705,0.0914235,68.16222547
2018-01-22T21:40:00Z,0.09127053,0.09155999,0.0912705,0.09137748,188.49713273
2018-01-22T21:45:00Z,0.09142203,0.09183518,0.09100001,0.09150489,182.49771206
2018-01-22T21:50:00Z,0.09150489,0.09178616,0.091,0.09133571,89.15562565
2018-01-22T21:55:00Z,0.09133571,0.09228814,0.09132058,0.0921797,160.0658773
2018-01-22T22:00:00Z,0.09217966,0.092485,0.09179,0.092485,105.64285765
2018-01-22T22:05:00Z,0.09227184,0.0925,0.09195365,0.0924025,120.29656029
2018-01-22T22:10:00Z,0.09201996,0.09269994,0.09195365,0.09214542,117.68214829
2018-01-22T22:15:00Z,0.09258,0.09259383,0.09212267,0.09215,66.35505797
2018-01-22T22:20:00Z,0.09258365,0.09259383,0.09215,0.09253,54.90757048
2018-01-22T22:25:00Z,0.09253,0.09274999,0.09253,0.09269997,280.62858146
2018-01-22T22:30:00Z,0.09269997,0.09274987,0.09215947,0.0926702,82.2240278
2018-01-22T22:35:00Z,0.09273594,0.09275,0.09228799,0.09271491,65.88168119
2018-01-22T22:40:00Z,0.09262816,0.09275012,0.0922901,0.09264,40.40585157
2018-01-22T22:45:00Z,0.09264,0.092795,0.09239,0.09239,100.94864872
2018-01-22T22:50:00Z,0.09278387,0.09278388,0.09192281,0.09233876,172.56576796
2018-01-22T22:55:00Z,0.0924,0.09261853,0.09233876,0.092614,75.46027465
2018-01-22T23:00:00Z,0.0924,0.09260431,0.09201854,0.09259997,49.86765517
2018-01-22T23:05:00Z,0.09259998,0.09260001,0.09195365,0.0923,76.67083595
2018-01-22T23:10:00Z,0.09250793,0.09279447,0.09211,0.0927216,131.12458654
2018-01-22T23:15:00Z,0.09249,0.09272804,0.09249,0.0927,63.752862
2018-01-22T23:20:00Z,0.0927,0.09272805,0.0920975,0.0920975,99.20101921
2018-01-22T23:25:00Z,0.0920975,0.09255499,0.09209043,0.09239245,36.69889305
2018-01-22T23:30:00Z,0.09218969,0.09267997,0.0921,0.0921,97.05670118
2018-01-22T23:35:00Z,0.09237998,0.092695,0.092001,0.09269499,43.89332328
2018-01-22T23:40:00Z,0.09269491,0.09269491,0.09210002,0.09219,84.26757941
2018-01-22T23:45:00Z,0.09218999,0.0924313,0.092,0.09233007,116.84498098
2018-01-22T23:50:00Z,0.09233007,0.0924,0.09199738,0.09214009,72.90082053
2018-01-22T23:55:00Z,0.09239989,0.0927,0.09201229,0.09255432,145.62146276
2018-01-23T00:00:00Z,0.09249999,0.09277997,0.09224925,0.09225001,189.12526533
2018-01-23T00:05:00Z,0.09225001,0.09277988,0.09204801,0.09205801,146.37375
2018-01-23T00:10:00Z,0.09205801,0.09273499,0.09205301,0.09220002,153.27366246
2018-01-23T00:15:00Z,0.09273492,0.092795,0.09220004,0.09256695,97.04059908
2018-01-23T00:20:00Z,0.092795,0.092795,0.09255691,0.09255691,90.94278475
2018-01-23T00:25:00Z,0.09255691,0.09279496,0.09245515,0.092565,62.7590719
2018-01-23T00:30:00Z,0.09271111,0.09276092,0.09220002,0.09231074,54.51453733
2018-01-23T00:35:00Z,0.09230074,0.09258783,0.09221,0.09258782,74.107283
2018-01-23T00:40:00Z,0.09258782,0.09275099,0.09234002,0.09256469,160.48544708
2018-01-23T00:45:00Z,0.09256469,0.09275087,0.09236469,0.09273521,116.7605378
2018-01-23T00:50:00Z,0.09269,0.09273521,0.0922,0.09257679,77.86538534
2018-01-23T00:55:00Z,0.09257679,0.09271899,0.0923,0.0923,103.73270786
2018-01-23T01:00:00Z,0.0923,0.09232629,0.09206507,0.09232629,121.08229905
2018-01-23T01:05:00Z,0.09232629,0.09232629,0.092,0.0920001,80.00604177
2018-01-23T01:10:00Z,0.0920001,0.09232629,0.0920001,0.09232629,62.28189718
2018-01-23T01:15:00Z,0.09232629,0.09249592,0.09208076,0.09225003,77.53246286
2018-01-23T01:20:00Z,0.09225003,0.09262897,0.09225001,0.09235002,66.74708447
2018-01-23T01:25:00Z,0.09256,0.09263299,0.09235002,0.09235002,35.6293516
2018-01-23T01:30:00Z,0.09235002,0.092668,0.09225005,0.09251908,145.92046419
2018-01-23T01:35:00Z,0.09257839,0.09275,0.09235003,0.09273521,145.07180153
2018-01-23T01:40:00Z,0.09273521,0.09278627,0.09228451,0.0926911,251.75711245
2018-01-23T01:45:00Z,0.09228451,0.09278619,0.09217136,0.0922,69.37557001
2018-01-23T01:50:00Z,0.0922,0.09278616,0.09213001,0.09264079,38.77549104
2018-01-23T01:55:00Z,0.09263077,0.09263077,0.09220006,0.09263076,44.55127658
2018-01-23T02:00:00Z,0.09263077,0.09263077,0.0922001,0.0922002,63.98719149
2018-01-23T02:05:00Z,0.09220015,0.09261007,0.09220015,0.09260999,19.05282893
2018-01-23T02:10:00Z,0.09260999,0.09260999,0.09221005,0.09260999,55.11038769
2018-01-23T02:15:00Z,0.09245617,0.09261007,0.09230235,0.09261007,76.20901699
2018-01-23T02:20:00Z,0.09230235,0.09261007,0.09230226,0.09259001,32.05317837
2018-01-23T02:25:00Z,0.09259011,0.09261007,0.09259001,0.09261,46.9011181
2018-01-23T02:30:00Z,0.09261,0.09263077,0.09261,0.09263077,268.21095766
2018-01-23T02:35:00Z,0.09261007,0.09265082,0.09261007,0.0926508,18.62357369
2018-01-23T02:40:00Z,0.09265081,0.09278618,0.09261008,0.09276297,51.40901394
2018-01-23T02:45:00Z,0.09276297,0.092795,0.09261008,0.09274998,120.35730785
2018-01-23T02:50:00Z,0.09274998,0.09275,0.0927,0.0927298,136.31641308
2018-01-23T02:55:00Z,0.0927,0.09275,0.09240175,0.0924019,30.87772178
2018-01-23T03:00:00Z,0.09264551,0.09269,0.09240175,0.0925811,60.50864445
2018-01-23T03:05:00Z,0.09240177,0.09258125,0.09221009,0.09252684,114.4233196
2018-01-23T03:10:00Z,0.09252684,0.09252684,0.09220005,0.09251699,122.06165243
2018-01-23T03:15:00Z,0.09251698,0.09277245,0.092,0.092,136.51426805
2018-01-23T03:20:00Z,0.09255853,0.09266679,0.09200012,0.0920003,50.32666889
2018-01-23T03:25:00Z,0.0920003,0.09250833,0.09200019,0.09249,323.92617256
2018-01-23T03:30:00Z,0.09248893,0.0925,0.09219382,0.09219382,132.31504893
2018-01-23T03:35:00Z,0.09219382,0.092339,0.0918016,0.092101,255.40415269
2018-01-23T03:40:00Z,0.092101,0.092339,0.0918862,0.092338,124.56128451
2018-01-23T03:45:00Z,0.09217765,0.092339,0.09197635,0.092339,50.60582177
2018-01-23T03:50:00Z,0.092339,0.092339,0.09212327,0.0923,50.06040397
2018-01-23T03:55:00Z,0.0923,0.09233899,0.09200001,0.0923,87.158895
2018-01-23T04:00:00Z,0.0923,0.0923,0.0919,0.09198,97.91083866
2018-01-23T04:05:00Z,0.09193085,0.09226054,0.09190002,0.09200004,54.36103586
2018-01-23T04:10:00Z,0.09200004,0.09229998,0.0919,0.0919,165.0819078
2018-01-23T04:15:00Z,0.0919,0.09200009,0.0915001,0.0917501,386.62032518
2018-01-23T04:20:00Z,0.0917501,0.09183459,0.09138301,0.09167706,157.52855666
2018-01-23T04:25:00Z,0.09167706,0.09196833,0.0914,0.091747,85.62952172
2018-01-23T04:30:00Z,0.09174699,0.09200008,0.09133537,0.091882,108.03444584
2018-01-23T04:35:00Z,0.09190669,0.09200009,0.09120005,0.09149795,79.62369287
2018-01-23T04:40:00Z,0.09159999,0.09198999,0.09149795,0.09170002,39.43938706
2018-01-23T04:45:00Z,0.09194391,0.09229021,0.0918,0.09194392,51.18868901
2018-01-23T04:50:00Z,0.09194392,0.09225896,0.09194392,0.09194392,71.27581975
2018-01-23T04:55:00Z,0.09194397,0.0921707,0.09194392,0.09194392,98.78387374
2018-01-23T05:00:00Z,0.09194392,0.09217069,0.09194392,0.09194393,82.57513536
2018-01-23T05:05:00Z,0.09194393,0.09195,0.09180004,0.09189184,140.14690893
2018-01-23T05:10:00Z,0.09189184,0.09189186,0.09160001,0.09169501,223.0699251
2018-01-23T05:15:00Z,0.0917998,0.0923,0.0917,0.09189989,110.17944802
2018-01-23T05:20:00Z,0.0923,0.09232829,0.09178999,0.09189988,293.74679037
2018-01-23T05:25:00Z,0.0919,0.09205,0.0915,0.0916999,129.78171898
2018-01-23T05:30:00Z,0.0916999,0.09233396,0.091505,0.09233396,63.96299028
2018-01-23T05:35:00Z,0.09232184,0.09232184,0.09180101,0.09223971,47.62826782
2018-01-23T05:40:00Z,0.09223971,0.09228232,0.09180101,0.092197,68.34732765
2018-01-23T05:45:00Z,0.09180874,0.09219699,0.0915,0.0915,390.77013468
2018-01-23T05:50:00Z,0.091707,0.092,0.0914,0.09195,83.0191998
2018-01-23T05:55:00Z,0.0918693,0.09195,0.09151867,0.09185,166.31911965
2018-01-23T06:00:00Z,0.09185,0.09228234,0.09173223,0.09226993,116.36864712
2018-01-23T06:05:00Z,0.09214993,0.09226983,0.0918792,0.09214993,69.17559907
2018-01-23T06:10:00Z,0.092269,0.092339,0.0918792,0.09233898,94.67171058
2018-01-23T06:15:00Z,0.09233896,0.092339,0.092,0.092325,149.22711227
2018-01-23T06:20:00Z,0.092325,0.092339,0.09218045,0.0922101,84.46357447
2018-01-23T06:25:00Z,0.0922102,0.092339,0.0922101,0.0922102,64.98162588
2018-01-23T06:30:00Z,0.0922102,0.092339,0.0922101,0.092339,85.6992364
2018-01-23T06:35:00Z,0.092339,0.092339,0.0922101,0.09229999,46.81508363
2018-01-23T06:40:00Z,0.0922101,0.092339,0.0922101,0.092339,63.03805729
2018-01-23T06:45:00Z,0.092339,0.092339,0.0922101,0.0922101,79.1743031
2018-01-23T06:50:00Z,0.0922101,0.092339,0.092,0.09218071,67.03163251
2018-01-23T06:55:00Z,0.09218072,0.09234149,0.09170001,0.09234149,195.53308815
2018-01-23T07:00:00Z,0.09193125,0.09234149,0.09187729,0.09204078,35.32807323
2018-01-23T07:05:00Z,0.09204079,0.09234672,0.09203326,0.09234672,83.45296082
2018-01-23T07:10:00Z,0.09234672,0.092495,0.09201089,0.09244,71.03547742
2018-01-23T07:15:00Z,0.09244,0.09249,0.091651,0.092,112.59679627
2018-01-23T07:20:00Z,0.092,0.09233697,0.09184167,0.092,78.17655312
2018-01-23T07:25:00Z,0.092,0.09243207,0.09187701,0.09224455,45.44759791
2018-01-23T07:30:00Z,0.09224455,0.09240984,0.09200559,0.09225605,112.83268247
2018-01-23T07:35:00Z,0.09225605,0.09239999,0.092,0.09224999,61.7667106
2018-01-23T07:40:00Z,0.09200017,0.09225,0.092,0.09225,65.03661966
2018-01-23T07:45:00Z,0.09225,0.092495,0.09225,0.09248,57.20024755
2018-01-23T07:50:00Z,0.0923001,0.09249999,0.0923001,0.0923001,91.66265
2018-01-23T07:55:00Z,0.0923001,0.09249999,0.0923001,0.09248,48.44572257
2018-01-23T08:00:00Z,0.09248,0.09248,0.0923,0.0923001,82.55087602
2018-01-23T08:05:00Z,0.0923001,0.092477,0.092,0.09211765,77.64055553
2018-01-23T08:10:00Z,0.09211765,0.092365,0.0917475,0.09225996,91.3055263
2018-01-23T08:15:00Z,0.09225996,0.09225996,0.0917475,0.0920101,71.64065937
2018-01-23T08:20:00Z,0.09201011,0.09249998,0.09174751,0.092222,157.61247978
2018-01-23T08:25:00Z,0.092222,0.09239412,0.09189112,0.092,42.49093026
2018-01-23T08:30:00Z,0.09221983,0.0922216,0.09175111,0.09175111,57.78080165
2018-01-23T08:35:00Z,0.09175111,0.09189949,0.091651,0.09165101,122.62583824
2018-01-23T08:40:00Z,0.09165101,0.09214199,0.0914,0.0914509,558.51995339
2018-01-23T08:45:00Z,0.09146089,0.09179994,0.09130399,0.0914,191.03690497
2018-01-23T08:50:00Z,0.09134702,0.09145,0.0912,0.0912,165.25745125
2018-01-23T08:55:00Z,0.09145,0.09145,0.0912,0.09128901,250.66949201
2018-01-23T09:00:00Z,0.09145,0.09173998,0.09128901,0.0914526,73.08160739
2018-01-23T09:05:00Z,0.0914526,0.09171899,0.09140419,0.091505,32.72949715
2018-01-23T09:10:00Z,0.091505,0.09177278,0.0914285,0.09177278,145.69565726
2018-01-23T09:15:00Z,0.09177278,0.09179891,0.0912,0.09142801,240.07892702
2018-01-23T09:20:00Z,0.09142801,0.09142801,0.09121001,0.09122706,48.50889479
2018-01-23T09:25:00Z,0.091255,0.0914,0.09122705,0.09139999,149.83400734
2018-01-23T09:30:00Z,0.09139999,0.09168873,0.09125044,0.09165361,43.50610504
2018-01-23T09:35:00Z,0.09164322,0.09187,0.091451,0.09170005,100.49665056
2018-01-23T09:40:00Z,0.09170006,0.09185,0.09145075,0.09174999,209.61179873
2018-01-23T09:45:00Z,0.09145075,0.09184999,0.0914,0.09169999,42.36850453
2018-01-23T09:50:00Z,0.09174536,0.09199999,0.09146389,0.0915207,81.26108025
2018-01-23T09:55:00Z,0.09199498,0.092,0.09150954,0.09185,208.83579231
2018-01-23T10:00:00Z,0.09185,0.091999,0.09151501,0.09156,171.692926
2018-01-23T10:05:00Z,0.09199898,0.0919999,0.09152002,0.09196,84.10909065
2018-01-23T10:10:00Z,0.09196,0.09199,0.09156008,0.09166009,110.04045679
2018-01-23T10:15:00Z,0.09179999,0.09193949,0.09146,0.091515,173.19600402
2018-01-23T10:20:00Z,0.09194138,0.09194572,0.091515,0.09178,59.90203349
2018-01-23T10:25:00Z,0.09178,0.09178,0.091516,0.09178,128.30036831
2018-01-23T10:30:00Z,0.09178,0.09214524,0.09155,0.09169163,591.38719508
2018-01-23T10:35:00Z,0.09212463,0.09214525,0.09169161,0.092105,150.00017438
2018-01-23T10:40:00Z,0.092105,0.092145,0.09156016,0.09206559,139.53971022
2018-01-23T10:45:00Z,0.09206099,0.09213999,0.09162724,0.092035,80.77439732
2018-01-23T10:50:00Z,0.09202499,0.09205999,0.09162724,0.09173574,24.55113184
2018-01-23T10:55:00Z,0.09173574,0.09173574,0.091628,0.09173574,69.93939499
2018-01-23T11:00:00Z,0.09173574,0.09192973,0.09109,0.09149997,193.90297578
2018-01-23T11:05:00Z,0.09149991,0.09149991,0.0910443,0.09115284,66.71918526
2018-01-23T11:10:00Z,0.09115284,0.09115284,0.09100716,0.09113837,93.58622069
2018-01-23T11:15:00Z,0.09108001,0.09114094,0.0910443,0.09114094,94.77271215
2018-01-23T11:20:00Z,0.09114094,0.09149991,0.09114093,0.09137583,149.16965864
2018-01-23T11:25:00Z,0.09114097,0.09149998,0.09100064,0.09125692,221.65414627
2018-01-23T11:30:00Z,0.09125692,0.091489,0.091,0.09144797,233.34849965
2018-01-23T11:35:00Z,0.09111789,0.091448,0.09094084,0.091,140.91779531
2018-01-23T11:40:00Z,0.091,0.0914,0.09083884,0.0914,342.00430188
2018-01-23T11:45:00Z,0.0914,0.09149998,0.09080001,0.09135106,227.09069874
2018-01-23T11:50:00Z,0.09135106,0.0915,0.091,0.091059,248.65327714
2018-01-23T11:55:00Z,0.0914502,0.09182022,0.09105905,0.09182022,98.17028477
2018-01-23T12:00:00Z,0.09176895,0.09198,0.09145021,0.09179998,134.55940011
2018-01-23T12:05:00Z,0.09145024,0.09179999,0.09145021,0.09174704,99.59067702
2018-01-23T12:10:00Z,0.09145502,0.09176995,0.09145023,0.09174,54.28838407
2018-01-23T12:15:00Z,0.09145024,0.09179997,0.09145024,0.09179995,69.75138049
2018-01-23T12:20:00Z,0.09179995,0.09179997,0.09145026,0.09145026,51.820657
2018-01-23T12:25:00Z,0.091798,0.09179894,0.09145021,0.09145021,138.69421527
2018-01-23T12:30:00Z,0.09145021,0.09162999,0.09104905,0.09144998,96.69873692
2018-01-23T12:35:00Z,0.0913114,0.09144998,0.09104905,0.09111824,80.29552322
2018-01-23T12:40:00Z,0.091118,0.0911824,0.0910114,0.0910114,106.01184023
2018-01-23T12:45:00Z,0.0910114,0.0911824,0.09080001,0.0911824,111.58780204
2018-01-23T12:50:00Z,0.0911824,0.09133999,0.0910002,0.0912897,95.12930687
2018-01-23T12:55:00Z,0.0912897,0.0912897,0.091,0.091198,32.63252921
2018-01-23T13:00:00Z,0.091198,0.09136226,0.09100002,0.09136224,81.5202414
2018-01-23T13:05:00Z,0.09130037,0.09139966,0.09120901,0.09139965,56.57336601
2018-01-23T13:10:00Z,0.09139965,0.09139966,0.0911,0.091209,91.62911787
2018-01-23T13:15:00Z,0.091209,0.091209,0.09094265,0.0911,141.92567611
2018-01-23T13:20:00Z,0.09109999,0.09129994,0.09094265,0.0911,65.70204222
2018-01-23T13:25:00Z,0.09119584,0.09136107,0.090967,0.09128996,102.82166849
2018-01-23T13:30:00Z,0.09096701,0.09139966,0.09096701,0.09096702,77.64027523
2018-01-23T13:35:00Z,0.09096799,0.09121,0.09096799,0.09100001,58.74779188
2018-01-23T13:40:00Z,0.0912,0.09128941,0.09100001,0.09100001,121.77297571
2018-01-23T13:45:00Z,0.09100002,0.09128941,0.09090001,0.09092928,179.27970394
2018-01-23T13:50:00Z,0.09118989,0.09119,0.0909,0.0911,339.81610526
2018-01-23T13:55:00Z,0.09100001,0.09178271,0.0909,0.0912,115.72248035
2018-01-23T14:00:00Z,0.0912,0.0912,0.0909,0.09115,78.47677235
2018-01-23T14:05:00Z,0.0912,0.09142815,0.0909,0.09115,72.82525754
2018-01-23T14:10:00Z,0.09115,0.09135354,0.0909,0.0909,76.65465809
2018-01-23T14:15:00Z,0.0909,0.09139021,0.0908908,0.09095126,44.73624951
2018-01-23T14:20:00Z,0.09137397,0.09141722,0.09095126,0.09096946,55.30975409
2018-01-23T14:25:00Z,0.09100001,0.09144634,0.09100001,0.09113353,60.79856
2018-01-23T14:30:00Z,0.09113353,0.09144634,0.091098,0.09138994,36.28120796
2018-01-23T14:35:00Z,0.09138985,0.0914,0.09118809,0.09137,42.95975688
2018-01-23T14:40:00Z,0.09137,0.09178,0.0911981,0.09138994,71.40286815
2018-01-23T14:45:00Z,0.09138994,0.09178954,0.09134633,0.0915,122.61313615
2018-01-23T14:50:00Z,0.09134633,0.09156413,0.09120002,0.09126333,97.27267361
2018-01-23T14:55:00Z,0.09126333,0.09169999,0.09126333,0.09159997,38.04172188
2018-01-23T15:00:00Z,0.09158996,0.09169999,0.09140001,0.09164596,111.75798656
2018-01-23T15:05:00Z,0.09164596,0.09165,0.091265,0.0916,156.86556362
2018-01-23T15:10:00Z,0.0916,0.09236447,0.09140001,0.0918039,372.46012815
2018-01-23T15:15:00Z,0.0915,0.09182138,0.09126601,0.09169086,183.07563151
2018-01-23T15:20:00Z,0.09164508,0.092109,0.09130101,0.09164072,176.51397412
2018-01-23T15:25:00Z,0.09145028,0.09199498,0.0908908,0.09140294,276.5491262
2018-01-23T15:30:00Z,0.09140294,0.09140797,0.09109812,0.09135,34.48197078
2018-01-23T15:35:00Z,0.09135,0.09179984,0.091205,0.09154599,319.43978294
2018-01-23T15:40:00Z,0.09154598,0.09178946,0.09120001,0.0913477,88.64827183
2018-01-23T15:45:00Z,0.0912565,0.09175338,0.09125641,0.09125642,80.02593279
2018-01-23T15:50:00Z,0.09125642,0.09164,0.09125641,0.09164,70.28877672
2018-01-23T15:55:00Z,0.09164,0.09179988,0.0913,0.09179988,66.5677044
2018-01-23T16:00:00Z,0.09179988,0.09229995,0.09148315,0.09178945,152.81545081
2018-01-23T16:05:00Z,0.09178945,0.09184897,0.09125641,0.09154999,61.13979789
2018-01-23T16:10:00Z,0.09133912,0.0916,0.09125642,0.09158998,134.81349111
2018-01-23T16:15:00Z,0.09156708,0.0916,0.09125644,0.09126601,62.47001411
2018-01-23T16:20:00Z,0.091271,0.09157999,0.09125642,0.09125652,103.20200311
2018-01-23T16:25:00Z,0.0914,0.09156985,0.09065711,0.0909144,481.43845078
2018-01-23T16:30:00Z,0.090771,0.09122999,0.090342,0.09071699,336.64686365
2018-01-23T16:35:00Z,0.09071698,0.09105299,0.0904,0.09050008,197.45932289
2018-01-23T16:40:00Z,0.09050008,0.09085492,0.090443,0.090443,134.061518
2018-01-23T16:45:00Z,0.090443,0.09055735,0.0903,0.09043701,158.82128162
2018-01-23T16:50:00Z,0.09043701,0.09047038,0.0903,0.09046998,143.90492019
2018-01-23T16:55:00Z,0.09046998,0.0904704,0.09000569,0.0903673,301.67823004
2018-01-23T17:00:00Z,0.09036729,0.0903673,0.09,0.09002606,260.27972979
2018-01-23T17:05:00Z,0.09002606,0.09046479,0.08995,0.09046479,128.55717608
2018-01-23T17:10:00Z,0.09046479,0.09052698,0.09021343,0.09050069,133.09433746
2018-01-23T17:15:00Z,0.09050069,0.09052697,0.08975,0.09,267.28977923
2018-01-23T17:20:00Z,0.08989656,0.09037297,0.08989656,0.08991955,196.28098723
2018-01-23T17:25:00Z,0.08991955,0.09028191,0.08991955,0.0899196,52.03362962
2018-01-23T17:30:00Z,0.0899196,0.090542,0.0899196,0.09,90.4811233
2018-01-23T17:35:00Z,0.09,0.09025957,0.08992,0.09000002,91.66502427
2018-01-23T17:40:00Z,0.09000002,0.090331,0.08992,0.09025142,64.22723395
2018-01-23T17:45:00Z,0.09,0.09025547,0.0899201,0.09,107.87591832
2018-01-23T17:50:00Z,0.09,0.09019778,0.0899202,0.09019776,144.11632902
2018-01-23T17:55:00Z,0.09015248,0.09028191,0.0900001,0.0900009,105.18977641
2018-01-23T18:00:00Z,0.0900009,0.09030907,0.08991955,0.0900001,123.80356662
2018-01-23T18:05:00Z,0.09000006,0.09022004,0.0897915,0.09000012,64.48987891
2018-01-23T18:10:00Z,0.09000012,0.09035599,0.08977701,0.09,77.96369972
2018-01-23T18:15:00Z,0.09026892,0.09026892,0.09,0.09023,37.70743208
2018-01-23T18:20:00Z,0.09023,0.090552,0.09,0.09000002,102.79953046
2018-01-23T18:25:00Z,0.09000002,0.09048499,0.09,0.09025876,35.10514809
2018-01-23T18:30:00Z,0.09025876,0.09047899,0.09012,0.09038999,91.12662112
2018-01-23T18:35:00Z,0.09025876,0.09048499,0.09004257,0.09038097,309.6737374
2018-01-23T18:40:00Z,0.09004257,0.09038097,0.08975,0.08975,209.8266485
2018-01-23T18:45:00Z,0.08975,0.09013978,0.0895007,0.08952465,111.93704688
2018-01-23T18:50:00Z,0.08952465,0.08976774,0.08930399,0.08939465,52.289529
2018-01-23T18:55:00Z,0.08935101,0.08967499,0.08915487,0.08962999,189.48282156
2018-01-23T19:00:00Z,0.08959999,0.08973634,0.08924778,0.08972097,121.61585964
2018-01-23T19:05:00Z,0.08927,0.08972097,0.08924778,0.08924783,53.74703925
2018-01-23T19:10:00Z,0.08924783,0.08969799,0.08910001,0.08934999,88.74858291
2018-01-23T19:15:00Z,0.08944999,0.08970999,0.08910001,0.08920001,42.86107744
2018-01-23T19:20:00Z,0.08971,0.08972598,0.0895,0.08950001,57.22182567
2018-01-23T19:25:00Z,0.08972598,0.08972598,0.0895,0.08950001,32.32868137
2018-01-23T19:30:00Z,0.08950001,0.08972,0.0892001,0.08971992,43.47183817
2018-01-23T19:35:00Z,0.08927133,0.090023,0.08927132,0.08994299,91.1482178
2018-01-23T19:40:00Z,0.08989999,0.09000299,0.08930502,0.09000299,49.68301078
2018-01-23T19:45:00Z,0.09000001,0.09003257,0.0895835,0.0900001,62.73089044
2018-01-23T19:50:00Z,0.0900001,0.09003257,0.08975001,0.08975005,53.09437847
2018-01-23T19:55:00Z,0.08979289,0.09003257,0.08975,0.08975004,133.63110974
2018-01-23T20:00:00Z,0.08975004,0.08975004,0.089511,0.0896,57.44591702
2018-01-23T20:05:00Z,0.08975004,0.09,0.08951541,0.08954003,62.86344382
2018-01-23T20:10:00Z,0.08998548,0.09,0.08954003,0.08999526,30.8541262
2018-01-23T20:15:00Z,0.08999526,0.09,0.089719,0.08996526,41.81037102
2018-01-23T20:20:00Z,0.08996526,0.08997525,0.08964001,0.08997525,95.46527409
2018-01-23T20:25:00Z,0.08983976,0.08997526,0.08983975,0.08997525,62.50272542
2018-01-23T20:30:00Z,0.089975,0.08997526,0.0898398,0.08994,55.27593816
2018-01-23T20:35:00Z,0.08994,0.09003257,0.0899,0.09,72.07897164
2018-01-23T20:40:00Z,0.09003257,0.09046414,0.0899,0.09045414,108.18217744
2018-01-23T20:45:00Z,0.09045414,0.09046414,0.0902,0.090439,36.49264101
2018-01-23T20:50:00Z,0.090439,0.090464,0.09020001,0.0903,74.76383068
2018-01-23T20:55:00Z,0.0903,0.0905,0.0901,0.0901,133.09893009
2018-01-23T21:00:00Z,0.09024899,0.09042,0.08997254,0.08998,123.68321602
2018-01-23T21:05:00Z,0.08998,0.09042998,0.0899,0.09038995,54.95686193
2018-01-23T21:10:00Z,0.09011988,0.0905,0.0901,0.0902,57.14918028
2018-01-23T21:15:00Z,0.0902,0.09050001,0.0901,0.09045538,101.37043818
2018-01-23T21:20:00Z,0.09020001,0.09055736,0.0902,0.09051243,106.75274489
2018-01-23T21:25:00Z,0.09042,0.09059999,0.09040428,0.09059999,106.15698785
2018-01-23T21:30:00Z,0.09059999,0.09079998,0.09042001,0.0905,63.33727937
2018-01-23T21:35:00Z,0.09040428,0.09072999,0.09020022,0.09033101,552.04651652
2018-01-23T21:40:00Z,0.09033101,0.09079998,0.090331,0.09075195,255.03664164
2018-01-23T21:45:00Z,0.0907519,0.09075204,0.09043101,0.0904501,86.45286297
2018-01-23T21:50:00Z,0.09045011,0.09081013,0.09045,0.09045,108.30799962
2018-01-23T21:55:00Z,0.09045,0.09084583,0.09045,0.09081891,60.40759174
2018-01-23T22:00:00Z,0.09065001,0.09081891,0.09045,0.0904503,33.09625684
2018-01-23T22:05:00Z,0.0908,0.0908,0.09044169,0.09050001,120.67663527
2018-01-23T22:10:00Z,0.09050001,0.0909,0.09034,0.09039001,106.56396713
2018-01-23T22:15:00Z,0.09039001,0.09089996,0.09039,0.0904,103.53092638
2018-01-23T22:20:00Z,0.09060001,0.09088792,0.0906,0.0907,59.93236629
2018-01-23T22:25:00Z,0.0908,0.0909,0.0908,0.0908,123.97538013
2018-01-23T22:30:00Z,0.0908,0.09089098,0.0905,0.09089098,147.58424128
2018-01-23T22:35:00Z,0.09089097,0.091,0.09061001,0.09061001,134.1183351
2018-01-23T22:40:00Z,0.09070001,0.09099988,0.0905005,0.09098,56.01510991
2018-01-23T22:45:00Z,0.09098,0.09098,0.0905,0.0905,93.59648931
2018-01-23T22:50:00Z,0.0906,0.09097977,0.0905,0.09097497,28.6805983
2018-01-23T22:55:00Z,0.09097497,0.090975,0.09045,0.0907,63.4457831
2018-01-23T23:00:00Z,0.0907,0.09097483,0.0905,0.0908,48.18207224
2018-01-23T23:05:00Z,0.0908,0.09097,0.09050001,0.0909695,54.97974825
2018-01-23T23:10:00Z,0.09096949,0.0909695,0.0905,0.09089,80.86094999
2018-01-23T23:15:00Z,0.09089,0.09096997,0.09050002,0.09096997,84.98962258
2018-01-23T23:20:00Z,0.09096995,0.09096997,0.090601,0.09065664,64.12963494
2018-01-23T23:25:00Z,0.09096988,0.09096997,0.09076988,0.09076988,116.48848148
2018-01-23T23:30:00Z,0.0908,0.09096997,0.09045,0.09096996,261.0613385
2018-01-23T23:35:00Z,0.09096995,0.09096995,0.09050799,0.09087544,105.10309324
2018-01-23T23:40:00Z,0.09087559,0.09096993,0.09038,0.09050799,64.30273097
2018-01-23T23:45:00Z,0.09050799,0.09096994,0.090345,0.09071106,111.37202931
2018-01-23T23:50:00Z,0.09096994,0.09096997,0.09051001,0.09051001,92.51225539
2018-01-23T23:55:00Z,0.09066312,0.09105662,0.09066312,0.09076187,737.36586441
2018-01-24T00:00:00Z,0.09076187,0.09111267,0.090668,0.09076182,96.6151208
2018-01-24T00:05:00Z,0.090777,0.09123999,0.09076182,0.09076184,66.21468715
2018-01-24T00:10:00Z,0.09077183,0.09123997,0.09077183,0.0910001,87.46412178
2018-01-24T00:15:00Z,0.091,0.09112509,0.09077,0.09077,71.33879717
2018-01-24T00:20:00Z,0.09077,0.09095132,0.090668,0.09093941,143.64564329
2018-01-24T00:25:00Z,0.09093941,0.09095085,0.090668,0.09069799,67.24773796
2018-01-24T00:30:00Z,0.09094967,0.09094968,0.090668,0.09088851,121.71013466
2018-01-24T00:35:00Z,0.09066802,0.09094994,0.090668,0.09068,43.56838721
2018-01-24T00:40:00Z,0.09094993,0.09094994,0.09066802,0.09066804,72.06734391
2018-01-24T00:45:00Z,0.09075879,0.091,0.09066801,0.0907,91.40547829
2018-01-24T00:50:00Z,0.09066802,0.09113331,0.09066801,0.09083199,105.99924953
2018-01-24T00:55:00Z,0.090809,0.0911333,0.0907,0.0907,33.80875396
2018-01-24T01:00:00Z,0.09070001,0.09083195,0.09066549,0.09083195,114.41948511
2018-01-24T01:05:00Z,0.09083195,0.09100362,0.0907,0.09083196,67.27731038
2018-01-24T01:10:00Z,0.09083196,0.09100362,0.09083196,0.09083196,109.10135092
2018-01-24T01:15:00Z,0.09083196,0.09094169,0.090701,0.09070101,47.40656192
2018-01-24T01:20:00Z,0.09070101,0.0909418,0.09070101,0.09070101,27.81661807
2018-01-24T01:25:00Z,0.09091086,0.09094178,0.09070101,0.0908,45.1768593
2018-01-24T01:30:00Z,0.0908,0.09091085,0.09071,0.09071001,41.45137274
2018-01-24T01:35:00Z,0.09071002,0.09071002,0.09071,0.09071002,41.80113703
2018-01-24T01:40:00Z,0.09085606,0.0908584,0.09066549,0.09066549,108.72929993
2018-01-24T01:45:00Z,0.09066549,0.09074503,0.09066315,0.09066951,143.72158429
2018-01-24T01:50:00Z,0.09066951,0.0908584,0.09066313,0.0908584,42.63086168
2018-01-24T01:55:00Z,0.0908584,0.09094179,0.09066313,0.09066318,19.41293447
2018-01-24T02:00:00Z,0.09066318,0.09092911,0.09066314,0.09066314,30.11649861
2018-01-24T02:05:00Z,0.09066314,0.0914,0.09066314,0.090665,327.69004768
2018-01-24T02:10:00Z,0.090665,0.09112113,0.090665,0.09066503,28.30222083
2018-01-24T02:15:00Z,0.09097352,0.09100487,0.09066503,0.0909863,21.24426263
2018-01-24T02:20:00Z,0.0909863,0.09098645,0.09066706,0.09066706,29.79650663
2018-01-24T02:25:00Z,0.09066706,0.09099999,0.09066706,0.09084841,85.29767656
2018-01-24T02:30:00Z,0.09084841,0.09102452,0.09066708,0.0910245,33.31438059
2018-01-24T02:35:00Z,0.0910245,0.09102452,0.09098646,0.09102452,59.17960239
2018-01-24T02:40:00Z,0.09102451,0.09135502,0.09099001,0.09099002,37.83751387
2018-01-24T02:45:00Z,0.091057,0.091057,0.09100002,0.09105699,19.12197777
2018-01-24T02:50:00Z,0.09100006,0.09139996,0.09100003,0.09100003,68.36281667
2018-01-24T02:55:00Z,0.0910571,0.091418,0.09100003,0.09130033,79.53770406
2018-01-24T03:00:00Z,0.09129589,0.0913632,0.09103,0.0913632,46.4730517
2018-01-24T03:05:00Z,0.09126,0.09145028,0.09103002,0.0911911,22.55603265
2018-01-24T03:10:00Z,0.0911911,0.0911911,0.09105,0.09105,178.97918668
2018-01-24T03:15:00Z,0.09105,0.091191,0.09066705,0.091191,37.02940277
2018-01-24T03:20:00Z,0.09108,0.09125999,0.09070001,0.09116514,168.18045594
2018-01-24T03:25:00Z,0.091,0.0913322,0.09070013,0.0908,122.65642715
2018-01-24T03:30:00Z,0.0908,0.0912,0.0908,0.0909,41.29543622
2018-01-24T03:35:00Z,0.091,0.09131999,0.09090001,0.09126382,134.45178239
2018-01-24T03:40:00Z,0.09126382,0.09146,0.09119998,0.09130983,60.76309306
2018-01-24T03:45:00Z,0.09130983,0.09146,0.09128836,0.0912884,76.06452811
2018-01-24T03:50:00Z,0.09128837,0.09146,0.09119998,0.0912,67.00652352
2018-01-24T03:55:00Z,0.09137713,0.09145983,0.09119998,0.091295,109.47176767
2018-01-24T04:00:00Z,0.09119998,0.091295,0.09090001,0.091,13.70170459
2018-01-24T04:05:00Z,0.0911,0.09129496,0.09090001,0.09119999,164.33197506
2018-01-24T04:10:00Z,0.09119999,0.091375,0.09090001,0.09090001,132.41075673
2018-01-24T04:15:00Z,0.09090003,0.09118,0.09090001,0.09116,19.94011667
2018-01-24T04:20:00Z,0.091169,0.09118,0.09091,0.09118,27.78634417
2018-01-24T04:25:00Z,0.09117998,0.09118,0.09096034,0.09117999,37.26467147
2018-01-24T04:30:00Z,0.09117,0.09118,0.09115997,0.09116,45.85983819
2018-01-24T04:35:00Z,0.09115997,0.09118,0.09075,0.09118,247.32877962
2018-01-24T04:40:00Z,0.09118,0.09141509,0.09077001,0.09095704,58.41866435
2018-01-24T04:45:00Z,0.09126999,0.09129999,0.090957,0.09126999,23.956707
2018-01-24T04:50:00Z,0.09126999,0.09126999,0.09070014,0.09072301,75.90907492
2018-01-24T04:55:00Z,0.09126998,0.09126998,0.09074104,0.09126998,49.70613822
2018-01-24T05:00:00Z,0.09126998,0.09126998,0.09072302,0.09126998,85.5729216
2018-01-24T05:05:00Z,0.0912,0.0912,0.0907754,0.09119,12.30771816
2018-01-24T05:10:00Z,0.091046,0.0912,0.091038,0.091136,23.20489509
2018-01-24T05:15:00Z,0.091136,0.0913,0.091127,0.0913,57.45406356
2018-01-24T05:20:00Z,0.091195,0.0913,0.09119,0.0913,34.25272621
2018-01-24T05:25:00Z,0.0913,0.0915,0.09120327,0.09120327,164.79933367
2018-01-24T05:30:00Z,0.0914,0.09155,0.09120327,0.09154704,252.25192304
2018-01-24T05:35:00Z,0.09120328,0.09152,0.09120328,0.09120331,21.4626991
2018-01-24T05:40:00Z,0.09142998,0.09144999,0.09120331,0.09144999,20.46306652
2018-01-24T05:45:00Z,0.09144998,0.09145,0.0912033,0.09144,105.50202212
2018-01-24T05:50:00Z,0.09143999,0.0916,0.09122801,0.09155806,218.58796843
2018-01-24T05:55:00Z,0.09155806,0.091668,0.09155074,0.09162638,175.90278046
2018-01-24T06:00:00Z,0.09162638,0.0916401,0.09155074,0.09155074,88.33270142
2018-01-24T06:05:00Z,0.09155074,0.0916,0.0912033,0.0912033,112.44954198
2018-01-24T06:10:00Z,0.09120331,0.091585,0.0912033,0.091585,22.89136923
2018-01-24T06:15:00Z,0.09124678,0.091585,0.09120328,0.0915849,42.02400641
2018-01-24T06:20:00Z,0.09158494,0.09158495,0.09121,0.09152996,86.59368438
2018-01-24T06:25:00Z,0.09152996,0.09154996,0.0913,0.09131,61.34013604
2018-01-24T06:30:00Z,0.09131,0.09156,0.09122001,0.09122001,143.85868732
2018-01-24T06:35:00Z,0.09122001,0.09149499,0.091109,0.091109,125.39677335
2018-01-24T06:40:00Z,0.091109,0.09130577,0.09075001,0.09099999,74.98686459
2018-01-24T06:45:00Z,0.09075002,0.09099999,0.09070014,0.09098967,47.62337566
2018-01-24T06:50:00Z,0.09098967,0.091,0.09075001,0.09080022,74.15075752
2018-01-24T06:55:00Z,0.09080022,0.09108644,0.09080022,0.09097741,18.29926552
2018-01-24T07:00:00Z,0.09086019,0.091,0.09070013,0.09071814,189.99478051
2018-01-24T07:05:00Z,0.09094363,0.091,0.09066313,0.09066313,180.94184286
2018-01-24T07:10:00Z,0.09066312,0.09073515,0.09052002,0.09052336,350.56038295
2018-01-24T07:15:00Z,0.09052336,0.09097686,0.09052336,0.09095886,81.04372707
2018-01-24T07:20:00Z,0.09095886,0.091,0.0908736,0.091,74.81068725
2018-01-24T07:25:00Z,0.091,0.091,0.09052341,0.09099999,73.61583173
2018-01-24T07:30:00Z,0.09061347,0.09099999,0.09061347,0.09077996,115.02159695
2018-01-24T07:35:00Z,0.0907799,0.09110444,0.0907799,0.09110444,65.90137674
2018-01-24T07:40:00Z,0.09110444,0.09114999,0.09082001,0.09088403,36.51629052
2018-01-24T07:45:00Z,0.0909054,0.09114999,0.09085605,0.09086609,58.3168103
2018-01-24T07:50:00Z,0.09086609,0.09114998,0.09086608,0.09114997,29.17720849
2018-01-24T07:55:00Z,0.09114998,0.0912654,0.09086613,0.0908663,42.17300109
2018-01-24T08:00:00Z,0.09122937,0.09139999,0.09086613,0.09131,66.79231617
2018-01-24T08:05:00Z,0.09131,0.09139999,0.0908663,0.09137494,97.28489287
2018-01-24T08:10:00Z,0.09135694,0.09139301,0.09086612,0.09088641,52.19616097
2018-01-24T08:15:00Z,0.09088642,0.09139999,0.09088642,0.09139301,63.32878897
2018-01-24T08:20:00Z,0.09139999,0.09139999,0.09137501,0.09137501,140.12622151
2018-01-24T08:25:00Z,0.09137501,0.0914,0.09106461,0.09139999,93.70346886
2018-01-24T08:30:00Z,0.0914,0.0915445,0.09139999,0.0915,87.43893342
2018-01-24T08:35:00Z,0.0915,0.091668,0.0915,0.09161998,55.92521509
2018-01-24T08:40:00Z,0.09162,0.091668,0.09161998,0.09161999,85.40324043
2018-01-24T08:45:00Z,0.09161998,0.09167203,0.091544,0.091545,195.07552521
2018-01-24T08:50:00Z,0.091545,0.09169999,0.0914,0.09154451,152.37088963
2018-01-24T08:55:00Z,0.09154451,0.09175796,0.0914,0.0915,55.69919346
2018-01-24T09:00:00Z,0.09169867,0.09169867,0.0915,0.09154604,53.81465862
2018-01-24T09:05:00Z,0.0916985,0.09169856,0.09151,0.09169856,76.87966629
2018-01-24T09:10:00Z,0.09169856,0.09177198,0.09151,0.09169446,85.66013265
2018-01-24T09:15:00Z,0.09169446,0.09169447,0.09151,0.091522,58.91686454
2018-01-24T09:20:00Z,0.0916,0.09169447,0.09114664,0.0913,180.33648733
2018-01-24T09:25:00Z,0.091409,0.0915,0.09114664,0.0915,64.27679564
2018-01-24T09:30:00Z,0.09114667,0.0915,0.09114667,0.09114667,58.23883615
2018-01-24T09:35:00Z,0.0914979,0.0915,0.09115203,0.09149,29.79577834
2018-01-24T09:40:00Z,0.09149,0.09172357,0.091236,0.09172357,94.04829371
2018-01-24T09:45:00Z,0.09160003,0.09178229,0.09149,0.09149,121.53996247
2018-01-24T09:50:00Z,0.0915,0.0917836,0.09115701,0.09171237,96.8335374
2018-01-24T09:55:00Z,0.09170124,0.09179758,0.09115701,0.09115701,100.78467487
2018-01-24T10:00:00Z,0.09149999,0.09149999,0.09099545,0.09120501,573.16269356
2018-01-24T10:05:00Z,0.09090291,0.09120501,0.0907044,0.09070955,130.10154927
2018-01-24T10:10:00Z,0.09086835,0.09134414,0.0907044,0.09083892,213.28912329
2018-01-24T10:15:00Z,0.09083892,0.09122941,0.0908284,0.0909,74.76646033
2018-01-24T10:20:00Z,0.09116,0.09122941,0.0909,0.0912,92.30240606
2018-01-24T10:25:00Z,0.09121141,0.09121141,0.0912,0.0912,307.14655113
2018-01-24T10:30:00Z,0.0912001,0.09145024,0.0912,0.09120001,132.76686963
2018-01-24T10:35:00Z,0.09132,0.09143225,0.09120001,0.09120003,39.00623693
2018-01-24T10:40:00Z,0.09120004,0.09141424,0.09120002,0.09120003,25.27908447
2018-01-24T10:45:00Z,0.09120003,0.091378,0.09089293,0.09128356,482.57765886
2018-01-24T10:50:00Z,0.0911,0.09128355,0.090906,0.09092,91.98474192
2018-01-24T10:55:00Z,0.09114993,0.09115,0.09092,0.09114993,53.3217193
2018-01-24T11:00:00Z,0.09115,0.09115,0.0909205,0.09115,132.2991652
2018-01-24T11:05:00Z,0.09127499,0.091275,0.09115,0.091275,26.39272447
2018-01-24T11:10:00Z,0.09119004,0.091275,0.09119003,0.09119004,130.76888532
2018-01-24T11:15:00Z,0.09119003,0.09135798,0.09119003,0.091275,143.50693268
2018-01-24T11:20:00Z,0.091275,0.09143225,0.09114999,0.09135798,128.58863578
2018-01-24T11:25:00Z,0.09135798,0.09143225,0.09114999,0.09139618,76.34388696
2018-01-24T11:30:00Z,0.09123349,0.09143225,0.09092003,0.09092003,143.53834675
2018-01-24T11:35:00Z,0.09092003,0.09144999,0.09092003,0.09124,222.17446514
2018-01-24T11:40:00Z,0.09144499,0.09145,0.09098907,0.09107898,114.91421505
2018-01-24T11:45:00Z,0.0914,0.09149998,0.09107898,0.09123704,130.38419637
2018-01-24T11:50:00Z,0.09123704,0.09149517,0.09123704,0.09145022,47.24085713
2018-01-24T11:55:00Z,0.09145022,0.091498,0.0913,0.0914929,92.21377985
2018-01-24T12:00:00Z,0.0914929,0.09149998,0.091061,0.091449,110.64397676
2018-01-24T12:05:00Z,0.091449,0.09145682,0.09107945,0.091449,59.18810709
2018-01-24T12:10:00Z,0.0914,0.09163196,0.09107,0.09153449,514.4540706
2018-01-24T12:15:00Z,0.09151649,0.09163192,0.09113084,0.09130815,126.16655254
2018-01-24T12:20:00Z,0.09125001,0.09130815,0.0908,0.090965,316.07845944
2018-01-24T12:25:00Z,0.090965,0.09117795,0.09080001,0.091,102.01686037
2018-01-24T12:30:00Z,0.09103541,0.09103541,0.09076999,0.090895,204.22847891
2018-01-24T12:35:00Z,0.09087603,0.09124999,0.09075,0.09089505,217.83006686
2018-01-24T12:40:00Z,0.09089505,0.09123197,0.090895,0.0911,81.18415775
2018-01-24T12:45:00Z,0.0911,0.0912,0.09053,0.09069198,313.51669203
2018-01-24T12:50:00Z,0.09069198,0.09085,0.09053,0.09078456,192.18505922
2018-01-24T12:55:00Z,0.09080729,0.09124997,0.09055003,0.09085,145.06333027
2018-01-24T13:00:00Z,0.0911736,0.09126359,0.09094096,0.090995,62.6380152
2018-01-24T13:05:00Z,0.090995,0.091295,0.09096804,0.09096806,83.04071182
2018-01-24T13:10:00Z,0.09096806,0.09121999,0.09063,0.09117699,264.45263437
2018-01-24T13:15:00Z,0.09096349,0.09117699,0.09057796,0.09063001,144.41788718
2018-01-24T13:20:00Z,0.09060097,0.091175,0.09060097,0.09115693,190.69279844
2018-01-24T13:25:00Z,0.09107996,0.09121991,0.09077698,0.091,159.40640169
2018-01-24T13:30:00Z,0.09113408,0.09115689,0.09080001,0.09113409,146.09553317
2018-01-24T13:35:00Z,0.09113409,0.0911569,0.09015358,0.09082102,460.92519215
2018-01-24T13:40:00Z,0.09082102,0.09126513,0.09075,0.09080874,126.85556389
2018-01-24T13:45:00Z,0.09080874,0.09123984,0.09080865,0.09080866,91.13828005
2018-01-24T13:50:00Z,0.09083902,0.09123,0.09080865,0.09080867,96.59145029
2018-01-24T13:55:00Z,0.09080867,0.09123981,0.09080866,0.09088001,172.14083079
2018-01-24T14:00:00Z,0.09119978,0.0926517,0.09088001,0.09248995,4994.54491815
2018-01-24T14:05:00Z,0.0921913,0.0929,0.0921,0.09284018,3361.22788981
2018-01-24T14:10:00Z,0.0928402,0.09292131,0.09184947,0.09289983,3264.92898136
2018-01-24T14:15:00Z,0.09289983,0.0934694,0.0922495,0.09242838,2349.94140149
2018-01-24T14:20:00Z,0.09242838,0.09293673,0.09209047,0.0925808,345.20822399
2018-01-24T14:25:00Z,0.0925808,0.09288882,0.09242837,0.09260003,295.628513
2018-01-24T14:30:00Z,0.09260003,0.09309897,0.0926,0.09283678,382.66852748
2018-01-24T14:35:00Z,0.09260001,0.09303917,0.09242835,0.0928999,309.33222396
2018-01-24T14:40:00Z,0.0928999,0.0928999,0.0925,0.0927,332.46651391
2018-01-24T14:45:00Z,0.092702,0.0928999,0.09211304,0.09260001,460.02312546
2018-01-24T14:50:00Z,0.09260001,0.0926818,0.09211304,0.09244371,149.89271706
2018-01-24T14:55:00Z,0.09244371,0.09288536,0.09216729,0.09269999,116.32387791
2018-01-24T15:00:00Z,0.0926836,0.09269999,0.092176,0.09257689,93.9452612
2018-01-24T15:05:00Z,0.092695,0.0927,0.09232502,0.09232502,116.22446363
2018-01-24T15:10:00Z,0.09232502,0.09257689,0.09169,0.092,159.1904608
2018-01-24T15:15:00Z,0.092,0.092325,0.09196507,0.09196507,98.98021803
2018-01-24T15:20:00Z,0.0920474,0.0923,0.09172002,0.09192,105.40078454
2018-01-24T15:25:00Z,0.09191998,0.09224084,0.09191998,0.09221498,143.20428726
2018-01-24T15:30:00Z,0.09221499,0.09269999,0.09213884,0.09213885,310.95680254
2018-01-24T15:35:00Z,0.09213885,0.09235,0.0918,0.09213884,94.04755751
2018-01-24T15:40:00Z,0.09213884,0.092349,0.0918,0.09234899,174.60377732
2018-01-24T15:45:00Z,0.09234897,0.092683,0.09184083,0.09210007,124.4962134
2018-01-24T15:50:00Z,0.0921001,0.0924128,0.09182282,0.092,229.15353848
2018-01-24T15:55:00Z,0.092,0.0923948,0.091841,0.092,132.58757723
2018-01-24T16:00:00Z,0.09232,0.09238463,0.09185,0.09227998,69.42103177
2018-01-24T16:05:00Z,0.09227998,0.092285,0.0919954,0.09211,113.97775135
2018-01-24T16:10:00Z,0.09211,0.092285,0.092018,0.09220009,97.68995695
2018-01-24T16:15:00Z,0.09220009,0.0922001,0.0919954,0.092015,95.26658519
2018-01-24T16:20:00Z,0.092018,0.09220009,0.09201796,0.0922,47.62756495
2018-01-24T16:25:00Z,0.0922,0.0922001,0.09201797,0.09202,93.06951028
2018-01-24T16:30:00Z,0.09202,0.0925,0.0919954,0.09239464,94.61882523
2018-01-24T16:35:00Z,0.09239465,0.0925432,0.0921,0.09210005,43.91304029
2018-01-24T16:40:00Z,0.09239465,0.09239465,0.09210005,0.09216999,28.69676723
2018-01-24T16:45:00Z,0.09217,0.092385,0.09216,0.09216,92.17247789
2018-01-24T16:50:00Z,0.09228241,0.09238398,0.09216,0.09238392,22.96235132
2018-01-24T16:55:00Z,0.09238391,0.09238396,0.09210006,0.0923839,119.29854613
2018-01-24T17:00:00Z,0.09238388,0.09238396,0.092155,0.09236,41.8063611
2018-01-24T17:05:00Z,0.092361,0.092361,0.09215,0.09227548,44.8685035
2018-01-24T17:10:00Z,0.09227547,0.092361,0.09215001,0.09215001,94.9318336
2018-01-24T17:15:00Z,0.092235,0.092291,0.09215,0.092291,42.69489195
2018-01-24T17:20:00Z,0.09223501,0.0926,0.09223499,0.0926,99.77889382
2018-01-24T17:25:00Z,0.09238399,0.09268296,0.09238399,0.09238402,36.79139908
2018-01-24T17:30:00Z,0.09258291,0.09268292,0.09236097,0.09256793,126.22045298
2018-01-24T17:35:00Z,0.09256793,0.09268295,0.09236097,0.092361,67.04536657
2018-01-24T17:40:00Z,0.092361,0.09268292,0.09229103,0.09256793,39.12862142
2018-01-24T17:45:00Z,0.09256793,0.09268292,0.09237902,0.09268292,48.6290685
2018-01-24T17:50:00Z,0.09256795,0.092683,0.092479,0.0926,100.88141176
2018-01-24T17:55:00Z,0.0926,0.092683,0.09247901,0.0926,94.60400855
2018-01-24T18:00:00Z,0.09260001,0.0927,0.09251002,0.0927,32.82585053
2018-01-24T18:05:00Z,0.09272303,0.09292,0.09252002,0.09263018,98.17183769
2018-01-24T18:10:00Z,0.09263016,0.09284282,0.0925301,0.09254,28.12047707
2018-01-24T18:15:00Z,0.09254,0.09273502,0.09250001,0.0925301,42.33615801
2018-01-24T18:20:00Z,0.09250001,0.09253015,0.092479,0.092479,108.44663816
2018-01-24T18:25:00Z,0.092479,0.09247901,0.092379,0.09237901,103.36763489
2018-01-24T18:30:00Z,0.09237999,0.09238001,0.09229404,0.09238,30.74706469
2018-01-24T18:35:00Z,0.09238,0.09238001,0.09229102,0.09237997,109.71600531
2018-01-24T18:40:00Z,0.09229105,0.09238001,0.09229105,0.09237998,44.42831427
2018-01-24T18:45:00Z,0.09238001,0.0925,0.09237998,0.092479,57.57688732
2018-01-24T18:50:00Z,0.0925,0.09253015,0.09238666,0.09238668,39.65497407
2018-01-24T18:55:00Z,0.09238668,0.09253015,0.09238667,0.09253015,47.61704078
2018-01-24T19:00:00Z,0.09253015,0.09253015,0.09238668,0.0923867,48.43298301
2018-01-24T19:05:00Z,0.09251015,0.09254,0.09238668,0.09245,76.03981113
2018-01-24T19:10:00Z,0.09254,0.09299899,0.09245,0.09254,70.25588213
2018-01-24T19:15:00Z,0.09254001,0.09293999,0.09254,0.09255004,48.8482774
2018-01-24T19:20:00Z,0.0926498,0.09265,0.09254,0.09254,33.78394882
2018-01-24T19:25:00Z,0.09254,0.09264,0.09238668,0.09254,96.71987255
2018-01-24T19:30:00Z,0.09253999,0.09253999,0.09203105,0.09234,104.17058366
2018-01-24T19:35:00Z,0.09233,0.09254,0.091999,0.09199907,210.61761347
2018-01-24T19:40:00Z,0.09253,0.09253,0.092049,0.0925,34.89281534
2018-01-24T19:45:00Z,0.09252998,0.09254,0.09199907,0.09252,140.0520956
2018-01-24T19:50:00Z,0.09252,0.09254,0.09199946,0.09253997,52.225166
2018-01-24T19:55:00Z,0.09253997,0.09254,0.09201847,0.09252996,63.27639695
2018-01-24T20:00:00Z,0.09252996,0.09253999,0.09222222,0.09250871,61.42548716
2018-01-24T20:05:00Z,0.09228613,0.09250859,0.09228613,0.09250859,26.86215064
2018-01-24T20:10:00Z,0.09250859,0.09250859,0.09228614,0.09228615,41.78201802
2018-01-24T20:15:00Z,0.0925079,0.09254,0.09228615,0.09253999,31.47708868
2018-01-24T20:20:00Z,0.09254,0.09254,0.09229033,0.09250999,116.39584487
2018-01-24T20:25:00Z,0.09250999,0.09254,0.09228614,0.09253999,48.57046346
2018-01-24T20:30:00Z,0.09229111,0.09264999,0.09229111,0.09264999,49.49567625
2018-01-24T20:35:00Z,0.09269999,0.09295993,0.09228614,0.09287327,118.13137681
2018-01-24T20:40:00Z,0.09273396,0.093,0.09201861,0.09295148,222.88516881
2018-01-24T20:45:00Z,0.09295148,0.09299,0.09279898,0.09286,94.9679232
2018-01-24T20:50:00Z,0.09286,0.09287,0.0925,0.09255,28.64179526
2018-01-24T20:55:00Z,0.09255,0.0928,0.09230062,0.09277143,58.17870464
2018-01-24T21:00:00Z,0.09255,0.0927713,0.09210001,0.09272649,51.34410231
2018-01-24T21:05:00Z,0.09272649,0.09272651,0.09210791,0.09250013,45.32962412
2018-01-24T21:10:00Z,0.09250011,0.09250013,0.09210792,0.0925,68.51103808
2018-01-24T21:15:00Z,0.0925,0.0927265,0.0923,0.0925,52.15861695
2018-01-24T21:20:00Z,0.0926,0.09289645,0.0925,0.0927033,152.26438142
2018-01-24T21:25:00Z,0.09270329,0.0928963,0.09250155,0.092771,73.43664188
2018-01-24T21:30:00Z,0.09277099,0.09281322,0.09250162,0.09281322,126.19128261
2018-01-24T21:35:00Z,0.09280799,0.09291,0.09260169,0.09291,137.57321825
2018-01-24T21:40:00Z,0.09291,0.09299,0.09260169,0.0927099,77.30324555
2018-01-24T21:45:00Z,0.09299,0.09299,0.0927099,0.0927143,48.18796596
2018-01-24T21:50:00Z,0.09272,0.093,0.09272,0.0929,329.52265517
2018-01-24T21:55:00Z,0.0929005,0.093,0.09273133,0.09282273,152.98522756
2018-01-24T22:00:00Z,0.09282273,0.09302,0.09282273,0.0928231,96.00543489
2018-01-24T22:05:00Z,0.092823,0.0928231,0.09272,0.092823,145.21354027
2018-01-24T22:10:00Z,0.0928231,0.0930547,0.09275,0.09275,113.77210969
2018-01-24T22:15:00Z,0.09301574,0.0932345,0.09275,0.09290001,180.25879483
2018-01-24T22:20:00Z,0.09290001,0.09321346,0.09271,0.09316164,199.66176293
2018-01-24T22:25:00Z,0.09316164,0.09319249,0.09271,0.09304,36.45053667
2018-01-24T22:30:00Z,0.09275004,0.09324998,0.09275004,0.0929,151.01139392
2018-01-24T22:35:00Z,0.0929,0.0932,0.09272,0.09319308,111.31006336
2018-01-24T22:40:00Z,0.09319308,0.0932124,0.09275004,0.09319273,119.25209187
2018-01-24T22:45:00Z,0.09319273,0.09321236,0.09271,0.09271002,111.46176009
2018-01-24T22:50:00Z,0.09271003,0.09313,0.09271003,0.0931,31.03054208
2018-01-24T22:55:00Z,0.0931,0.09321225,0.093,0.09320999,102.16389511
2018-01-24T23:00:00Z,0.09321,0.09321229,0.093,0.09321227,54.26096948
2018-01-24T23:05:00Z,0.093,0.09321228,0.093,0.09300005,43.61784179
2018-01-24T23:10:00Z,0.09300005,0.09321228,0.09300005,0.09321226,48.67266031
2018-01-24T23:15:00Z,0.09321226,0.09321226,0.09310001,0.0932,128.28390593
2018-01-24T23:20:00Z,0.0932,0.0932,0.09310001,0.09310002,66.04118807
2018-01-24T23:25:00Z,0.09310002,0.09321229,0.09270991,0.09321223,199.20603785
2018-01-24T23:30:00Z,0.09321223,0.09329,0.09302521,0.09329,266.11512351
2018-01-24T23:35:00Z,0.09329,0.09349997,0.09325001,0.09349997,195.94301069
2018-01-24T23:40:00Z,0.09349997,0.09366744,0.0934999,0.09366744,440.66284425
2018-01-24T23:45:00Z,0.09366744,0.09398,0.09364875,0.09377104,206.41246727
2018-01-24T23:50:00Z,0.09377104,0.094,0.09377104,0.094,115.1663609
2018-01-24T23:55:00Z,0.094,0.094,0.09270991,0.09360707,291.41640758
2018-01-25T00:00:00Z,0.09364263,0.09364263,0.09277621,0.09321508,166.6730348
2018-01-25T00:05:00Z,0.09321508,0.09338393,0.093,0.0931,122.6402235
2018-01-25T00:10:00Z,0.09321507,0.0933839,0.09289917,0.09326384,55.35244848
2018-01-25T00:15:00Z,0.09326383,0.09326383,0.09289999,0.0932042,49.60939449
2018-01-25T00:20:00Z,0.09320422,0.09320422,0.09311502,0.09313002,51.78872433
2018-01-25T00:25:00Z,0.0932,0.0932042,0.09288,0.09313,72.74721217
2018-01-25T00:30:00Z,0.09313,0.09320417,0.09312,0.09313,55.71215371
2018-01-25T00:35:00Z,0.09313,0.09364264,0.09300003,0.09334795,80.61970642
2018-01-25T00:40:00Z,0.09333795,0.09364264,0.09310002,0.09335001,41.69826517
2018-01-25T00:45:00Z,0.09356996,0.09360996,0.093349,0.09360996,100.3156776
2018-01-25T00:50:00Z,0.09360996,0.09389999,0.09334797,0.09363,92.81906533
2018-01-25T00:55:00Z,0.09384,0.09388,0.09363,0.09363,122.74616385
2018-01-25T01:00:00Z,0.09363001,0.09388,0.09363,0.09387994,208.42531863
2018-01-25T01:05:00Z,0.09387994,0.094,0.09363,0.0939,129.92172271
2018-01-25T01:10:00Z,0.0939,0.094,0.0939,0.094,106.43729755
2018-01-25T01:15:00Z,0.094,0.094,0.0939,0.0939,55.69223809
2018-01-25T01:20:00Z,0.093975,0.093975,0.0939,0.09391906,41.10666957
2018-01-25T01:25:00Z,0.09391906,0.094,0.09391906,0.093975,85.53450334
2018-01-25T01:30:00Z,0.094,0.0940117,0.0939199,0.09391991,128.64201566
2018-01-25T01:35:00Z,0.09391991,0.094,0.0939,0.0939,350.28726168
2018-01-25T01:40:00Z,0.09390999,0.09399994,0.0939,0.09399994,67.28974742
2018-01-25T01:45:00Z,0.09399994,0.09410001,0.09399986,0.09410001,126.79363013
2018-01-25T01:50:00Z,0.09410001,0.0943,0.09410001,0.0942,260.30586137
2018-01-25T01:55:00Z,0.0942,0.0943,0.0939,0.09390003,304.87961942
2018-01-25T02:00:00Z,0.09390003,0.0943,0.0939,0.09400007,212.94599398
2018-01-25T02:05:00Z,0.09429997,0.09430001,0.09400006,0.0940935,92.74235582
2018-01-25T02:10:00Z,0.0940935,0.09441829,0.094,0.0943663,237.04195068
2018-01-25T02:15:00Z,0.0943663,0.09459619,0.09416997,0.09450009,554.72344528
2018-01-25T02:20:00Z,0.09455695,0.09464796,0.09417002,0.09446392,180.43065216
2018-01-25T02:25:00Z,0.09451001,0.09479999,0.09443487,0.09479999,385.61790802
2018-01-25T02:30:00Z,0.09473691,0.094804,0.0945,0.09479999,285.77746728
2018-01-25T02:35:00Z,0.09479999,0.09481103,0.09465782,0.09481083,331.65977395
2018-01-25T02:40:00Z,0.09481083,0.09482767,0.09465789,0.09465789,204.46681633
2018-01-25T02:45:00Z,0.0946579,0.0946579,0.09390001,0.09400011,271.81167113
2018-01-25T02:50:00Z,0.09400011,0.0944,0.09363007,0.0941989,297.81232646
2018-01-25T02:55:00Z,0.0941989,0.09434,0.09405,0.09426511,143.15639942
2018-01-25T03:00:00Z,0.09426511,0.0945,0.0942651,0.09428011,170.87618769
2018-01-25T03:05:00Z,0.09428011,0.09481087,0.09409991,0.09450004,151.75068063
2018-01-25T03:10:00Z,0.09450004,0.09482767,0.0941,0.09443576,744.22134555
2018-01-25T03:15:00Z,0.09451482,0.09473639,0.09451482,0.09451499,294.12420648
2018-01-25T03:20:00Z,0.09451499,0.09473637,0.09451482,0.09451482,554.99500918
2018-01-25T03:25:00Z,0.09451482,0.09473601,0.09443576,0.0945,221.82554596
2018-01-25T03:30:00Z,0.09461818,0.09461818,0.09422182,0.09422192,117.65220738
2018-01-25T03:35:00Z,0.09422184,0.09449999,0.09422182,0.09422182,66.30371771
2018-01-25T03:40:00Z,0.09422185,0.0946181,0.09422182,0.09461588,60.04432686
2018-01-25T03:45:00Z,0.09461,0.09461809,0.09422184,0.09432202,85.77943694
2018-01-25T03:50:00Z,0.09432202,0.09461579,0.09422182,0.09452584,141.28156018
2018-01-25T03:55:00Z,0.09452584,0.09461579,0.09452251,0.09452584,99.52300656
2018-01-25T04:00:00Z,0.09452584,0.09473593,0.09409862,0.09409863,132.27544677
2018-01-25T04:05:00Z,0.09446299,0.0944799,0.09409862,0.09430661,54.59406598
2018-01-25T04:10:00Z,0.09430661,0.09468987,0.09409862,0.094529,152.27250908
2018-01-25T04:15:00Z,0.09452942,0.09460895,0.09409863,0.09452895,201.0013213
2018-01-25T04:20:00Z,0.0945288,0.09468999,0.09418001,0.09444998,139.35570191
2018-01-25T04:25:00Z,0.09444998,0.0947364,0.09418001,0.09418002,385.47653041
2018-01-25T04:30:00Z,0.09418002,0.09444997,0.09418002,0.0944,126.75506104
2018-01-25T04:35:00Z,0.0944,0.09444997,0.094,0.09439796,301.3716799
2018-01-25T04:40:00Z,0.09439796,0.09475,0.09426741,0.0944149,176.08078933
2018-01-25T04:45:00Z,0.09474,0.09481083,0.09439999,0.09481083,147.64109201
2018-01-25T04:50:00Z,0.09481082,0.09494339,0.09441616,0.0947082,279.84788083
2018-01-25T04:55:00Z,0.09470818,0.09490994,0.09461348,0.0947,101.97674152
2018-01-25T05:00:00Z,0.09461348,0.0947,0.09439989,0.09469999,74.57697166
2018-01-25T05:05:00Z,0.09469999,0.0947,0.09400002,0.09447002,253.20867986
2018-01-25T05:10:00Z,0.09447002,0.09469995,0.09439,0.0944,113.39827964
2018-01-25T05:15:00Z,0.09469,0.09469,0.0944,0.09440501,69.64587361
2018-01-25T05:20:00Z,0.09440502,0.09447097,0.09439,0.09439,69.43656494
2018-01-25T05:25:00Z,0.09439,0.0945,0.09439,0.0945,108.37794167
2018-01-25T05:30:00Z,0.0945,0.0946,0.09439,0.09439,91.28043505
2018-01-25T05:35:00Z,0.09439,0.0947,0.09439,0.09467997,134.15241955
2018-01-25T05:40:00Z,0.09453,0.0947,0.09439,0.09461495,318.26754811
2018-01-25T05:45:00Z,0.0946999,0.0946999,0.09461495,0.09461495,154.50438644
2018-01-25T05:50:00Z,0.094699,0.09489986,0.09461495,0.09478149,594.45526384
2018-01-25T05:55:00Z,0.09478149,0.09489986,0.09469988,0.09469988,544.49234062
2018-01-25T06:00:00Z,0.09469988,0.09475997,0.09439,0.09459592,369.27188071
2018-01-25T06:05:00Z,0.09459585,0.09459588,0.09439,0.09439999,506.69523285
2018-01-25T06:10:00Z,0.09439999,0.09440501,0.0942,0.09429999,154.33583315
2018-01-25T06:15:00Z,0.09429999,0.09429999,0.09418,0.09429999,188.10757633
2018-01-25T06:20:00Z,0.09429999,0.09469696,0.0941,0.0944,152.46724425
2018-01-25T06:25:00Z,0.09453894,0.09453894,0.09415169,0.09442885,163.75817326
2018-01-25T06:30:00Z,0.09442885,0.09442885,0.09401502,0.09432793,112.84786637
2018-01-25T06:35:00Z,0.0942,0.09433,0.0940379,0.09429,128.10404631
2018-01-25T06:40:00Z,0.094315,0.0945,0.09420003,0.09420004,70.75312759
2018-01-25T06:45:00Z,0.0944078,0.0945,0.0942,0.09431433,102.87283898
2018-01-25T06:50:00Z,0.09431433,0.0945,0.09399885,0.09412527,231.53912801
2018-01-25T06:55:00Z,0.09412527,0.09449999,0.09369999,0.09386518,239.20153419
2018-01-25T07:00:00Z,0.09386519,0.09448441,0.09386511,0.09404203,96.5518203
2018-01-25T07:05:00Z,0.09404203,0.09441995,0.09397398,0.094027,85.07187234
2018-01-25T07:10:00Z,0.094027,0.09441841,0.09364999,0.09428121,330.19986175
2018-01-25T07:15:00Z,0.09428121,0.09444,0.09371803,0.093721,131.78772847
2018-01-25T07:20:00Z,0.093721,0.09401956,0.0935,0.0940091,148.44847336
2018-01-25T07:25:00Z,0.0940091,0.09401,0.0935663,0.0940091,96.86334302
2018-01-25T07:30:00Z,0.0940091,0.09435998,0.093625,0.09435988,84.93965845
2018-01-25T07:35:00Z,0.09435988,0.09435998,0.094,0.0943099,38.01110468
2018-01-25T07:40:00Z,0.0942999,0.09429999,0.0938,0.0941,176.44195089
2018-01-25T07:45:00Z,0.0941,0.09429977,0.0938,0.09383,119.97949794
2018-01-25T07:50:00Z,0.09407796,0.0941,0.093625,0.09393,210.99294433
2018-01-25T07:55:00Z,0.09393,0.09394497,0.093626,0.0937737,96.91861001
2018-01-25T08:00:00Z,0.0937737,0.09394508,0.0937,0.09394508,85.26986578
2018-01-25T08:05:00Z,0.09394507,0.094,0.0937,0.093711,96.68300215
2018-01-25T08:10:00Z,0.09394508,0.09399899,0.09357899,0.09397995,121.92676771
2018-01-25T08:15:00Z,0.0936,0.09399997,0.09344497,0.09350006,222.0429307
2018-01-25T08:20:00Z,0.09350005,0.094,0.09344498,0.093848,98.38690617
2018-01-25T08:25:00Z,0.093848,0.09415285,0.0934746,0.09395527,148.77796866
2018-01-25T08:30:00Z,0.09347461,0.09395518,0.09347461,0.0937552,50.73206438
2018-01-25T08:35:00Z,0.0937552,0.0939552,0.09347462,0.0937708,103.3819866
2018-01-25T08:40:00Z,0.09395519,0.09395519,0.09347464,0.09392499,66.32392916
2018-01-25T08:45:00Z,0.09392499,0.09392499,0.09351234,0.0937,49.74730369
2018-01-25T08:50:00Z,0.09370001,0.09389929,0.09351234,0.0938981,141.96892507
2018-01-25T08:55:00Z,0.0938981,0.09389889,0.09351235,0.09389888,94.48445772
2018-01-25T09:00:00Z,0.09389888,0.09389889,0.09351244,0.09351244,91.02209916
2018-01-25T09:05:00Z,0.0937,0.09389861,0.09347461,0.09389859,123.43961362
2018-01-25T09:10:00Z,0.09389858,0.09389859,0.09352,0.09353601,42.61675645
2018-01-25T09:15:00Z,0.09352101,0.09375,0.09344497,0.09351999,272.34533721
2018-01-25T09:20:00Z,0.09351999,0.09372987,0.09351998,0.09356872,85.10022642
2018-01-25T09:25:00Z,0.09372985,0.09372987,0.09351998,0.09372505,124.70325194
2018-01-25T09:30:00Z,0.09372505,0.09372987,0.0934,0.09372987,59.88010576
2018-01-25T09:35:00Z,0.09354529,0.09375,0.09337453,0.09338913,111.41530707
2018-01-25T09:40:00Z,0.09374998,0.09374998,0.09338914,0.09374998,40.10488936
2018-01-25T09:45:00Z,0.09374995,0.09375,0.09334795,0.09368169,107.61579139
2018-01-25T09:50:00Z,0.09368169,0.0938,0.09334795,0.0938,84.95131029
2018-01-25T09:55:00Z,0.0938,0.09399999,0.0935168,0.09396529,135.49219167
2018-01-25T10:00:00Z,0.09399998,0.09445828,0.09396529,0.09443467,90.50655756
2018-01-25T10:05:00Z,0.09443467,0.0945,0.09398427,0.0944,110.95428764
2018-01-25T10:10:00Z,0.0944,0.0944,0.09400384,0.09438995,71.22898086
2018-01-25T10:15:00Z,0.09438998,0.0946391,0.094235,0.09439,54.3486134
2018-01-25T10:20:00Z,0.09438999,0.09479876,0.09398421,0.09419458,87.64688535
2018-01-25T10:25:00Z,0.09398422,0.09429258,0.09398422,0.09429222,80.99671647
2018-01-25T10:30:00Z,0.09429222,0.09429227,0.09387,0.094,77.38597197
2018-01-25T10:35:00Z,0.09420001,0.09420001,0.09387,0.09417849,32.78770159
2018-01-25T10:40:00Z,0.09417849,0.09417849,0.09399994,0.09417849,44.09094218
2018-01-25T10:45:00Z,0.09417849,0.09417849,0.09399994,0.09399995,53.86692954
2018-01-25T10:50:00Z,0.094,0.09417844,0.09399994,0.09417,121.06926316
2018-01-25T10:55:00Z,0.09399995,0.09429223,0.09399994,0.09429222,64.98347724
2018-01-25T11:00:00Z,0.09429223,0.09429223,0.09399994,0.09429223,86.86977606
2018-01-25T11:05:00Z,0.09399995,0.09429223,0.09399994,0.09429222,32.91492901
2018-01-25T11:10:00Z,0.09429222,0.09432222,0.09400011,0.09432222,64.14754293
2018-01-25T11:15:00Z,0.09432222,0.09432222,0.09429221,0.09432222,365.58516485
2018-01-25T11:20:00Z,0.09432222,0.0944,0.09430474,0.0944,59.50588511
2018-01-25T11:25:00Z,0.0944,0.0944,0.09430474,0.09439984,37.48059573
2018-01-25T11:30:00Z,0.09439984,0.09459991,0.09439983,0.09459974,54.45474992
2018-01-25T11:35:00Z,0.09440003,0.09469617,0.09430476,0.09430476,97.26757529
2018-01-25T11:40:00Z,0.09441001,0.09441002,0.09400955,0.094215,63.11394585
2018-01-25T11:45:00Z,0.094215,0.09440975,0.09399994,0.0941,122.48927136
2018-01-25T11:50:00Z,0.09418499,0.0942,0.09399994,0.09419998,98.0380174
2018-01-25T11:55:00Z,0.09402101,0.0942,0.09402101,0.09419999,63.20342303
2018-01-25T12:00:00Z,0.09419998,0.0942,0.09412,0.09419999,106.82172488
2018-01-25T12:05:00Z,0.09419998,0.09419999,0.0941,0.09419997,77.08737978
2018-01-25T12:10:00Z,0.09419998,0.0943,0.09412,0.09412002,62.29787772
2018-01-25T12:15:00Z,0.09420002,0.094355,0.09412,0.09412,101.73761018
2018-01-25T12:20:00Z,0.09412,0.09432988,0.09352,0.09411999,334.21897451
2018-01-25T12:25:00Z,0.09411999,0.09411999,0.09352003,0.0937798,56.68865575
2018-01-25T12:30:00Z,0.09382117,0.09432988,0.09354001,0.09420269,104.46449182
2018-01-25T12:35:00Z,0.09420272,0.09420272,0.09377986,0.094,61.09226475
2018-01-25T12:40:00Z,0.094,0.09407122,0.09377986,0.09379999,236.27769516
2018-01-25T12:45:00Z,0.09379999,0.09407122,0.09358987,0.09358987,157.28389051
2018-01-25T12:50:00Z,0.09364398,0.09379997,0.093011,0.0934235,139.68597768
2018-01-25T12:55:00Z,0.0934235,0.09342366,0.09301101,0.09334999,56.70666456
2018-01-25T13:00:00Z,0.09334999,0.09335,0.09304981,0.0933266,92.17199914
2018-01-25T13:05:00Z,0.0933266,0.09350608,0.09305001,0.09350608,80.64732397
2018-01-25T13:10:00Z,0.09340789,0.09393053,0.0933266,0.09332666,183.67034217
2018-01-25T13:15:00Z,0.09373043,0.09373043,0.09332666,0.09366149,50.50224559
2018-01-25T13:20:00Z,0.09366149,0.093954,0.0935,0.09361,109.64436057
2018-01-25T13:25:00Z,0.09361,0.09388576,0.09332667,0.09360532,158.1551511
2018-01-25T13:30:00Z,0.09350003,0.09372244,0.0935,0.09369876,99.07798953
2018-01-25T13:35:00Z,0.09369876,0.09390987,0.09332666,0.09332667,200.05154188
2018-01-25T13:40:00Z,0.09332667,0.09369876,0.09332666,0.09369421,51.01085394
2018-01-25T13:45:00Z,0.09369421,0.09374499,0.09349419,0.09366726,130.51939344
2018-01-25T13:50:00Z,0.09366726,0.09393549,0.09352726,0.09387079,51.27330131
2018-01-25T13:55:00Z,0.0937,0.093931,0.09352726,0.09393099,65.53677516
2018-01-25T14:00:00Z,0.09393099,0.093954,0.0936164,0.093935,147.41929072
2018-01-25T14:05:00Z,0.09393499,0.093999,0.09363299,0.09399795,45.07447109
2018-01-25T14:10:00Z,0.09399795,0.09400601,0.09363603,0.094006,82.40895138
2018-01-25T14:15:00Z,0.094006,0.09407122,0.09363608,0.094,66.11410977
2018-01-25T14:20:00Z,0.09407122,0.09417473,0.09363603,0.09408001,152.24393346
2018-01-25T14:25:00Z,0.094157,0.09439999,0.09363604,0.09405,92.8565844
2018-01-25T14:30:00Z,0.09408,0.0944,0.09399795,0.09408001,96.13922269
2018-01-25T14:35:00Z,0.09408002,0.09439996,0.09408002,0.0943999,26.08491011
2018-01-25T14:40:00Z,0.09439987,0.0943999,0.09408001,0.09411,115.03057589
2018-01-25T14:45:00Z,0.09411,0.09439985,0.09408001,0.09411907,75.03621564
2018-01-25T14:50:00Z,0.09411907,0.0943998,0.0936164,0.09379,110.58437655
2018-01-25T14:55:00Z,0.09379,0.0938999,0.0935,0.09373074,70.92908163
2018-01-25T15:00:00Z,0.09380501,0.0938999,0.09359,0.0938999,64.92088543
2018-01-25T15:05:00Z,0.0938999,0.09394816,0.0935,0.09387774,55.42303874
2018-01-25T15:10:00Z,0.09387773,0.09387775,0.09332667,0.09367572,195.50945891
2018-01-25T15:15:00Z,0.09367572,0.09367572,0.0931,0.09352996,63.146232
2018-01-25T15:20:00Z,0.09352996,0.09352998,0.09314,0.09324312,94.91016137
2018-01-25T15:25:00Z,0.09351993,0.094,0.093244,0.09332999,226.14109945
2018-01-25T15:30:00Z,0.09333,0.09394893,0.09332999,0.09356999,272.78884084
2018-01-25T15:35:00Z,0.09333003,0.09386791,0.09325,0.09356998,173.18321238
2018-01-25T15:40:00Z,0.09356997,0.09377089,0.093439,0.093439,95.92966
2018-01-25T15:45:00Z,0.09377048,0.0937708,0.09355001,0.0935501,67.10618852
2018-01-25T15:50:00Z,0.09371,0.09371033,0.09355002,0.0937103,66.31199176
2018-01-25T15:55:00Z,0.0937103,0.09377089,0.0935501,0.09377,51.33515513
2018-01-25T16:00:00Z,0.09377,0.0940379,0.0935501,0.09385,112.92139449
2018-01-25T16:05:00Z,0.09389858,0.09439996,0.09324301,0.09439996,293.87422733
2018-01-25T16:10:00Z,0.09413167,0.094365,0.09390009,0.0941995,84.04565189
2018-01-25T16:15:00Z,0.0941995,0.09429949,0.094,0.09421452,68.64378566
2018-01-25T16:20:00Z,0.0941995,0.09429949,0.09400001,0.09427306,83.7673661
2018-01-25T16:25:00Z,0.09427306,0.09427306,0.09400003,0.0940999,26.94814425
2018-01-25T16:30:00Z,0.0940998,0.0940999,0.09400003,0.09403338,29.09833951
2018-01-25T16:35:00Z,0.09403338,0.09409979,0.094,0.09409978,43.25261268
2018-01-25T16:40:00Z,0.09409977,0.09409978,0.09403339,0.09403342,65.85013944
2018-01-25T16:45:00Z,0.09403342,0.09409978,0.0939996,0.09409977,58.85625166
2018-01-25T16:50:00Z,0.09409977,0.09409978,0.0939996,0.09409976,26.13226607
2018-01-25T16:55:00Z,0.09409976,0.09409977,0.0940997,0.09409971,65.3152537
2018-01-25T17:00:00Z,0.0940997,0.09409979,0.0940997,0.09409979,199.55255769
2018-01-25T17:05:00Z,0.0940998,0.09443895,0.0940997,0.09439995,40.50662432
2018-01-25T17:10:00Z,0.09439995,0.09469617,0.0943999,0.0945,87.32180689
2018-01-25T17:15:00Z,0.09454325,0.09469616,0.0945,0.094536,117.58810596
2018-01-25T17:20:00Z,0.094536,0.09469616,0.09420005,0.09431671,79.05194213
2018-01-25T17:25:00Z,0.09449,0.09454999,0.09431671,0.09454999,67.14392057
2018-01-25T17:30:00Z,0.09431671,0.09455,0.09431671,0.0945,76.17197395
2018-01-25T17:35:00Z,0.0945,0.09469615,0.09431671,0.094415,106.55094361
2018-01-25T17:40:00Z,0.09469612,0.09469615,0.0945,0.09469614,73.73761068
2018-01-25T17:45:00Z,0.09469615,0.09469615,0.0943255,0.09469615,72.52808307
2018-01-25T17:50:00Z,0.09469615,0.09469615,0.094415,0.09443388,11.07112892
2018-01-25T17:55:00Z,0.09443388,0.09468806,0.09443388,0.09443511,45.37467049
2018-01-25T18:00:00Z,0.094679,0.094679,0.09443501,0.09443503,64.72946197
2018-01-25T18:05:00Z,0.09467891,0.09467892,0.09443388,0.0945294,429.648447
2018-01-25T18:10:00Z,0.09465,0.09465281,0.0943257,0.0943257,25.61649744
2018-01-25T18:15:00Z,0.09437593,0.09437593,0.09411501,0.0943759,59.06413283
2018-01-25T18:20:00Z,0.09420001,0.09437592,0.09420001,0.09437591,15.3868286
2018-01-25T18:25:00Z,0.09437591,0.09437591,0.09420001,0.0943759,12.27915106
2018-01-25T18:30:00Z,0.0943759,0.0943759,0.09420001,0.09437586,23.97856716
2018-01-25T18:35:00Z,0.094371,0.09437588,0.09411,0.09411501,53.85395112
2018-01-25T18:40:00Z,0.09411501,0.09437,0.09411001,0.09437,15.92370592
2018-01-25T18:45:00Z,0.0943,0.09437,0.09411505,0.0942,24.74455881
2018-01-25T18:50:00Z,0.0942,0.0942,0.09411505,0.09419,31.26311295
2018-01-25T18:55:00Z,0.09419,0.09437,0.09411501,0.09437,125.73554237
2018-01-25T19:00:00Z,0.09437,0.09437,0.09411501,0.094295,25.28031769
2018-01-25T19:05:00Z,0.09437,0.09437,0.094295,0.09433,18.60826619
2018-01-25T19:10:00Z,0.09433,0.0945,0.09429505,0.09435,96.48440835
2018-01-25T19:15:00Z,0.09444435,0.09480585,0.09444435,0.09478585,137.53792621
2018-01-25T19:20:00Z,0.09478585,0.0948,0.09469,0.09471004,48.86272647
2018-01-25T19:25:00Z,0.09471004,0.09492787,0.09471002,0.09492787,157.10166538
2018-01-25T19:30:00Z,0.09492787,0.09492998,0.094711,0.0948,11.21434775
2018-01-25T19:35:00Z,0.0948,0.09492998,0.09471002,0.09471005,123.36322571
2018-01-25T19:40:00Z,0.09471005,0.09491441,0.09471002,0.09491,68.79574487
2018-01-25T19:45:00Z,0.09491,0.09491,0.09471002,0.09471002,128.65708082
2018-01-25T19:50:00Z,0.09471002,0.09491,0.09471002,0.09471002,52.12302258
2018-01-25T19:55:00Z,0.09489997,0.09491,0.09471002,0.09491,55.60160848
2018-01-25T20:00:00Z,0.09480475,0.09493,0.09472,0.09472,71.83007706
2018-01-25T20:05:00Z,0.09489955,0.09489955,0.09472,0.09487958,39.30222143
2018-01-25T20:10:00Z,0.09472,0.09489959,0.09472,0.09489959,25.96605159
2018-01-25T20:15:00Z,0.09489959,0.09489959,0.09464,0.094879,76.64869329
2018-01-25T20:20:00Z,0.09468999,0.09487958,0.094259,0.0947,33.07778981
2018-01-25T20:25:00Z,0.0947,0.094879,0.0947,0.094879,78.47531244
2018-01-25T20:30:00Z,0.094879,0.09493,0.0947,0.0949,53.76832819
2018-01-25T20:35:00Z,0.09493,0.09493,0.0949,0.09493,56.37242228
2018-01-25T20:40:00Z,0.09493,0.09493,0.09478739,0.09493,48.37740982
2018-01-25T20:45:00Z,0.09493,0.09493,0.09478739,0.09493,54.88273661
2018-01-25T20:50:00Z,0.09493,0.09493,0.09485059,0.09492,56.93340385
2018-01-25T20:55:00Z,0.09485059,0.09493,0.0948505,0.09493,60.26880246
2018-01-25T21:00:00Z,0.09485061,0.09493,0.0948,0.09485061,105.32284931
2018-01-25T21:05:00Z,0.0948506,0.09492999,0.09474014,0.0949,31.96023957
2018-01-25T21:10:00Z,0.0949,0.09492999,0.09474014,0.0948306,38.27334032
2018-01-25T21:15:00Z,0.0948306,0.09493,0.09460001,0.09492999,37.55313803
2018-01-25T21:20:00Z,0.09492999,0.09493,0.09460001,0.09492999,40.61958797
2018-01-25T21:25:00Z,0.09492999,0.09493,0.09446736,0.09446736,362.39813518
2018-01-25T21:30:00Z,0.0947,0.09479999,0.09431,0.09469993,84.43388299
2018-01-25T21:35:00Z,0.09469993,0.09469993,0.09417534,0.09463641,47.16979678
2018-01-25T21:40:00Z,0.09463641,0.09466631,0.09430421,0.09466631,46.85891674
2018-01-25T21:45:00Z,0.0946663,0.09466631,0.0941,0.0943695,269.87449748
2018-01-25T21:50:00Z,0.0943695,0.09465999,0.094125,0.0946599,103.37576082
2018-01-25T21:55:00Z,0.09465996,0.09466631,0.0941866,0.09466631,78.99310325
2018-01-25T22:00:00Z,0.09447638,0.09469359,0.0941321,0.09431515,45.49651719
2018-01-25T22:05:00Z,0.09429457,0.09482998,0.0941,0.09469999,84.87722498
2018-01-25T22:10:00Z,0.09469999,0.09482999,0.09410001,0.0945,54.16206803
2018-01-25T22:15:00Z,0.0945,0.09469615,0.0945,0.09467955,58.70226211
2018-01-25T22:20:00Z,0.09469615,0.09483,0.0945924,0.0945924,40.97287373
2018-01-25T22:25:00Z,0.09482,0.09482,0.09457049,0.09479151,85.09701501
2018-01-25T22:30:00Z,0.0947915,0.09479151,0.09405639,0.09469605,107.28067699
2018-01-25T22:35:00Z,0.09469605,0.09469606,0.09445,0.0945,105.62837208
2018-01-25T22:40:00Z,0.0945,0.09469615,0.09433697,0.09459802,34.66159296
2018-01-25T22:45:00Z,0.09469604,0.09481915,0.09459802,0.09480992,82.07468355
2018-01-25T22:50:00Z,0.09480992,0.09481999,0.0945,0.0948089,39.92321702
2018-01-25T22:55:00Z,0.0948089,0.09481999,0.0945945,0.09475781,57.39864693
2018-01-25T23:00:00Z,0.094758,0.09483,0.09475781,0.09483,77.9493658
2018-01-25T23:05:00Z,0.094758,0.09483,0.0945945,0.09475781,118.38013966
2018-01-25T23:10:00Z,0.09475781,0.09483,0.09417532,0.09448999,73.05011229
2018-01-25T23:15:00Z,0.0946992,0.09477275,0.09415306,0.09432048,104.14625304
2018-01-25T23:20:00Z,0.09432048,0.094827,0.0941,0.0941,49.02680555
2018-01-25T23:25:00Z,0.09421365,0.09469615,0.09410001,0.09449981,25.11685016
2018-01-25T23:30:00Z,0.0944998,0.0947705,0.09410001,0.0946797,58.14800171
2018-01-25T23:35:00Z,0.09466974,0.09467969,0.09410003,0.09444893,58.87857402
2018-01-25T23:40:00Z,0.09410006,0.0944,0.0941,0.0941,93.11837217
2018-01-25T23:45:00Z,0.09419998,0.09439766,0.09406029,0.0943,44.40808882
2018-01-25T23:50:00Z,0.0942978,0.0943,0.0941,0.09410001,42.57054337
2018-01-25T23:55:00Z,0.09410001,0.09435989,0.09410001,0.09410001,86.1513681
2018-01-26T00:00:00Z,0.09412002,0.09429897,0.094,0.09400002,90.93164556
2018-01-26T00:05:00Z,0.09400002,0.09425,0.09389,0.09389,84.11667167
2018-01-26T00:10:00Z,0.09389,0.09425,0.09385,0.09405627,49.26727394
2018-01-26T00:15:00Z,0.09385004,0.09405627,0.09385,0.09405627,66.38966177
2018-01-26T00:20:00Z,0.09405626,0.09405627,0.09385001,0.09394386,28.70554289
2018-01-26T00:25:00Z,0.093875,0.09425,0.09387,0.09405627,167.37379844
2018-01-26T00:30:00Z,0.09425,0.09425,0.09374,0.09384999,270.36640847
2018-01-26T00:35:00Z,0.09378082,0.09435,0.09373998,0.09412022,554.96721512
2018-01-26T00:40:00Z,0.09373998,0.09418021,0.093425,0.09410395,142.42585814
2018-01-26T00:45:00Z,0.09417394,0.09417394,0.0933379,0.094,215.73500017
2018-01-26T00:50:00Z,0.094,0.09410188,0.0933379,0.09400485,170.34129286
2018-01-26T00:55:00Z,0.09361051,0.09403776,0.093522,0.09352305,38.73752943
2018-01-26T01:00:00Z,0.093995,0.093995,0.09352303,0.09398391,19.6456165
2018-01-26T01:05:00Z,0.09353404,0.09398378,0.09353404,0.09387699,46.57207948
2018-01-26T01:10:00Z,0.09387599,0.09387599,0.09356001,0.09356011,40.98892089
2018-01-26T01:15:00Z,0.09386971,0.09386971,0.09356011,0.093568,154.82031338
2018-01-26T01:20:00Z,0.093568,0.09386695,0.093568,0.093692,84.44089371
2018-01-26T01:25:00Z,0.09374887,0.09388682,0.0935601,0.093691,189.33326962
2018-01-26T01:30:00Z,0.093885,0.09388679,0.09330879,0.09388614,143.8646601
2018-01-26T01:35:00Z,0.09344335,0.09388614,0.0933,0.09364693,134.60066404
2018-01-26T01:40:00Z,0.09364693,0.09399999,0.09330002,0.09354,72.59257839
2018-01-26T01:45:00Z,0.09351,0.09376958,0.09332005,0.09342779,89.31976939
2018-01-26T01:50:00Z,0.0934681,0.09364,0.09332007,0.09364,233.60935961
2018-01-26T01:55:00Z,0.09376958,0.09404371,0.09333507,0.09399,89.30424915
2018-01-26T02:00:00Z,0.09375959,0.09395206,0.09332005,0.09366788,115.37855274
2018-01-26T02:05:00Z,0.09333333,0.09395622,0.09327259,0.0936932,177.05438405
2018-01-26T02:10:00Z,0.09369321,0.09369321,0.09303501,0.09303501,100.45719177
2018-01-26T02:15:00Z,0.09303501,0.09350068,0.093,0.09328556,302.71138133
2018-01-26T02:20:00Z,0.0930001,0.09328556,0.0930001,0.09309726,36.53176071
2018-01-26T02:25:00Z,0.0930965,0.09345258,0.09300011,0.09300012,34.70595886
2018-01-26T02:30:00Z,0.09300014,0.09353712,0.09300011,0.09331355,77.32517867
2018-01-26T02:35:00Z,0.09332892,0.09356425,0.09331354,0.09356425,22.5904989
2018-01-26T02:40:00Z,0.09356425,0.0939627,0.09331354,0.09331354,176.88098442
2018-01-26T02:45:00Z,0.09334138,0.09334205,0.09275001,0.09307698,228.86342477
2018-01-26T02:50:00Z,0.09308945,0.0931,0.09282401,0.092857,18.05425028
2018-01-26T02:55:00Z,0.092857,0.09309988,0.092414,0.09249599,201.90320308
2018-01-26T03:00:00Z,0.09249599,0.0928,0.09207453,0.0928,200.52803194
2018-01-26T03:05:00Z,0.0928,0.093095,0.0925,0.09291,71.13858409
2018-01-26T03:10:00Z,0.09299965,0.09325,0.09280001,0.09291,194.89965458
2018-01-26T03:15:00Z,0.09309992,0.09324996,0.0925,0.09295175,63.59182406
2018-01-26T03:20:00Z,0.09295175,0.09295175,0.092615,0.09295175,34.00060701
2018-01-26T03:25:00Z,0.09295175,0.09295175,0.092615,0.0926951,36.37752487
2018-01-26T03:30:00Z,0.09295174,0.09295175,0.09261501,0.09295175,68.47540526
2018-01-26T03:35:00Z,0.09279999,0.09309527,0.09279999,0.0930447,41.58738123
2018-01-26T03:40:00Z,0.0930447,0.09309992,0.09286459,0.09309992,109.87470481
2018-01-26T03:45:00Z,0.09309992,0.09323723,0.092865,0.093,30.05714981
2018-01-26T03:50:00Z,0.093,0.09323723,0.093,0.09321858,47.23605956
2018-01-26T03:55:00Z,0.09321858,0.09324999,0.09310003,0.09310003,144.96130734
2018-01-26T04:00:00Z,0.09310006,0.09324999,0.09260011,0.09319457,160.92323308
2018-01-26T04:05:00Z,0.0931203,0.09318748,0.09260215,0.09261,24.15988117
2018-01-26T04:10:00Z,0.09262,0.09311253,0.092604,0.0930468,63.68040697
2018-01-26T04:15:00Z,0.0930468,0.0930468,0.092612,0.093,51.67639738
2018-01-26T04:20:00Z,0.0930468,0.093249,0.093,0.093249,86.53933965
2018-01-26T04:25:00Z,0.09324767,0.09325,0.09305102,0.09305104,47.7505947
2018-01-26T04:30:00Z,0.09305104,0.09325,0.09305104,0.09305104,89.80626731
2018-01-26T04:35:00Z,0.09305104,0.09325,0.09305104,0.09305105,65.05311174
2018-01-26T04:40:00Z,0.09305104,0.09323,0.09305104,0.09322999,37.18919943
2018-01-26T04:45:00Z,0.09322999,0.09322999,0.09262101,0.09320996,184.47865842
2018-01-26T04:50:00Z,0.09320995,0.09324,0.09276485,0.09324,96.07344812
2018-01-26T04:55:00Z,0.09321,0.09324449,0.09276485,0.093,25.23927551
2018-01-26T05:00:00Z,0.09322133,0.09379468,0.0929,0.09332,165.3461425
2018-01-26T05:05:00Z,0.09376465,0.09376465,0.0929,0.09311906,75.70610204
2018-01-26T05:10:00Z,0.09291816,0.09332,0.09291816,0.09311906,43.41960332
2018-01-26T05:15:00Z,0.09291833,0.09326799,0.09291816,0.0931,54.49114224
2018-01-26T05:20:00Z,0.0931,0.09374483,0.093,0.09314749,29.02885019
2018-01-26T05:25:00Z,0.09314749,0.09386805,0.09300643,0.09366324,73.0314387
2018-01-26T05:30:00Z,0.09302123,0.09367199,0.09302101,0.0931201,100.86319742
2018-01-26T05:35:00Z,0.0931201,0.093714,0.09303115,0.09371399,256.22848931
2018-01-26T05:40:00Z,0.09371399,0.09385131,0.09320501,0.09379553,49.16238867
2018-01-26T05:45:00Z,0.09379553,0.09379553,0.09302,0.09302,147.55506959
2018-01-26T05:50:00Z,0.09333003,0.09333003,0.09302,0.09333001,25.86817579
2018-01-26T05:55:00Z,0.09333001,0.0935,0.09304007,0.0935,65.12273131
2018-01-26T06:00:00Z,0.0935,0.09380779,0.09307805,0.09359357,23.35878047
2018-01-26T06:05:00Z,0.09359358,0.09386804,0.0935,0.0936,59.86171216
2018-01-26T06:10:00Z,0.0936,0.093999,0.0936,0.09398023,129.30269875
2018-01-26T06:15:00Z,0.093999,0.094,0.09361611,0.09369,37.50472144
2018-01-26T06:20:00Z,0.09369,0.09398023,0.09361623,0.09398009,26.81101268
2018-01-26T06:25:00Z,0.09361624,0.09398009,0.09361611,0.0939495,95.04545011
2018-01-26T06:30:00Z,0.0939495,0.09397995,0.09361612,0.09394899,41.29645736
2018-01-26T06:35:00Z,0.09394898,0.09397996,0.09361617,0.0939799,29.40796755
2018-01-26T06:40:00Z,0.0939699,0.0939799,0.09361618,0.09365141,65.01243293
2018-01-26T06:45:00Z,0.09382102,0.09397996,0.09365141,0.09397894,113.78492445
2018-01-26T06:50:00Z,0.09365151,0.09397894,0.09365151,0.09365152,27.25797421
2018-01-26T06:55:00Z,0.09365151,0.093999,0.09365151,0.093999,59.11051937
2018-01-26T07:00:00Z,0.09397891,0.094,0.09397891,0.09398001,53.70635417
2018-01-26T07:05:00Z,0.093999,0.094,0.0936515,0.09399999,64.13272072
2018-01-26T07:10:00Z,0.09399999,0.094,0.0938,0.094,29.7661609
2018-01-26T07:15:00Z,0.094,0.09442606,0.09399999,0.0943819,139.66232496
2018-01-26T07:20:00Z,0.09438189,0.09438189,0.09399944,0.09399944,102.89261412
2018-01-26T07:25:00Z,0.09419879,0.09419879,0.09367,0.09379687,24.83511049
2018-01-26T07:30:00Z,0.09394511,0.09399944,0.09366651,0.09397999,93.56431926
2018-01-26T07:35:00Z,0.09397999,0.09413289,0.09373357,0.09399944,93.1739935
2018-01-26T07:40:00Z,0.09385869,0.09413289,0.09385869,0.09399,30.16776966
2018-01-26T07:45:00Z,0.09413289,0.0942819,0.094,0.09400004,50.02407369
2018-01-26T07:50:00Z,0.0942818,0.09442606,0.0941,0.09442606,125.26911228
2018-01-26T07:55:00Z,0.0942818,0.09448008,0.09400649,0.09400649,116.061879
2018-01-26T08:00:00Z,0.09400649,0.09448004,0.09400649,0.09403645,332.26323197
2018-01-26T08:05:00Z,0.09403645,0.09452917,0.09385871,0.09412867,305.62522322
2018-01-26T08:10:00Z,0.09412867,0.09412867,0.09365144,0.09411862,158.98712685
2018-01-26T08:15:00Z,0.09411862,0.09412867,0.093636,0.09369056,83.72126965
2018-01-26T08:20:00Z,0.09389,0.09407994,0.0935,0.09407994,343.37459281
2018-01-26T08:25:00Z,0.09408994,0.09488985,0.0938789,0.09457178,343.31281748
2018-01-26T08:30:00Z,0.09418151,0.09489599,0.09399392,0.09429403,217.65190814
2018-01-26T08:35:00Z,0.09429403,0.0948722,0.09399392,0.094592,324.22293968
2018-01-26T08:40:00Z,0.0946,0.09489985,0.09439548,0.09489984,181.99666739
2018-01-26T08:45:00Z,0.09489984,0.09489985,0.09472606,0.09489984,207.52473107
2018-01-26T08:50:00Z,0.09489985,0.09489999,0.09487199,0.094872,284.1150904
2018-01-26T08:55:00Z,0.094872,0.09492749,0.09472607,0.09492749,202.94195101
2018-01-26T09:00:00Z,0.09492749,0.09498999,0.0949172,0.09498999,318.01717396
2018-01-26T09:05:00Z,0.09498999,0.0950742,0.09494,0.09506499,416.94618331
2018-01-26T09:10:00Z,0.09506499,0.09508999,0.09500637,0.09500638,73.58430894
2018-01-26T09:15:00Z,0.09501565,0.0952022,0.09500637,0.09509,68.99889332
2018-01-26T09:20:00Z,0.09509,0.0952,0.09508999,0.09519999,96.88097387
2018-01-26T09:25:00Z,0.09519999,0.0952022,0.09494003,0.0952022,168.75477548
2018-01-26T09:30:00Z,0.0951,0.09536106,0.09494003,0.0953,294.89146299
2018-01-26T09:35:00Z,0.09536106,0.09536239,0.09500002,0.09503824,92.83956439
2018-01-26T09:40:00Z,0.09503824,0.09556707,0.09501996,0.09536,176.12253105
2018-01-26T09:45:00Z,0.09536001,0.0955429,0.0951,0.09538802,119.99831339
2018-01-26T09:50:00Z,0.09518946,0.09548001,0.09501996,0.095221,138.65625457
2018-01-26T09:55:00Z,0.095236,0.0957,0.095221,0.09538506,305.35490709
2018-01-26T10:00:00Z,0.09538506,0.0958,0.095221,0.09527,215.38738319
2018-01-26T10:05:00Z,0.0954632,0.095799,0.09501998,0.0953005,179.55516265
2018-01-26T10:10:00Z,0.0953005,0.09568999,0.095,0.09505003,118.86362237
2018-01-26T10:15:00Z,0.09505003,0.09578454,0.09505003,0.0955,142.02426243
2018-01-26T10:20:00Z,0.0956,0.0959,0.095,0.0955,366.88717977
2018-01-26T10:25:00Z,0.09569999,0.09598,0.09500009,0.0954853,107.30975934
2018-01-26T10:30:00Z,0.09501163,0.0957,0.09501163,0.0954853,46.84508862
2018-01-26T10:35:00Z,0.09533252,0.09576718,0.09504096,0.09559078,153.50180424
2018-01-26T10:40:00Z,0.09559079,0.09580002,0.09507,0.09507001,184.91554621
2018-01-26T10:45:00Z,0.0953996,0.09577591,0.09507001,0.09575,67.87564086
2018-01-26T10:50:00Z,0.09555542,0.09599899,0.09555542,0.09598,88.05712085
2018-01-26T10:55:00Z,0.09599898,0.09599999,0.09547469,0.09565442,216.69579743
2018-01-26T11:00:00Z,0.09565442,0.09594226,0.09528723,0.09528744,57.75523501
2018-01-26T11:05:00Z,0.09528744,0.09594,0.09528744,0.0959,108.39002009
2018-01-26T11:10:00Z,0.09593999,0.095999,0.0959,0.095999,164.14454091
2018-01-26T11:15:00Z,0.095999,0.09599998,0.095939,0.09599901,58.36580477
2018-01-26T11:20:00Z,0.09599901,0.09599999,0.09593901,0.09593901,47.31426039
2018-01-26T11:25:00Z,0.095999,0.09599999,0.095939,0.09593901,168.38802949
2018-01-26T11:30:00Z,0.095999,0.09599998,0.0959,0.0959,73.61253561
2018-01-26T11:35:00Z,0.0959,0.095939,0.0959,0.0959,73.24970996
2018-01-26T11:40:00Z,0.09590046,0.095939,0.09557908,0.0958,115.06408828
2018-01-26T11:45:00Z,0.0958,0.09598991,0.09547709,0.09597999,127.69000147
2018-01-26T11:50:00Z,0.09598,0.09598,0.09547709,0.09590767,27.18507346
2018-01-26T11:55:00Z,0.0959799,0.09598,0.09590767,0.09590768,52.30882104
2018-01-26T12:00:00Z,0.09590768,0.09599999,0.09590768,0.09599998,291.90547933
2018-01-26T12:05:00Z,0.09599999,0.09607859,0.09590769,0.09603841,201.68289193
2018-01-26T12:10:00Z,0.0960384,0.09639999,0.09603839,0.09639998,435.09983562
2018-01-26T12:15:00Z,0.09639999,0.09667,0.0960888,0.0964037,214.98656894
2018-01-26T12:20:00Z,0.09665998,0.09680818,0.09640371,0.09680818,105.79943336
2018-01-26T12:25:00Z,0.09681,0.097,0.09681,0.097,361.05405689
2018-01-26T12:30:00Z,0.097,0.097,0.09674852,0.09674852,136.8238949
2018-01-26T12:35:00Z,0.09676385,0.09699998,0.0966659,0.09699998,90.79160012
2018-01-26T12:40:00Z,0.09699997,0.09699999,0.09602365,0.09608835,122.09106484
2018-01-26T12:45:00Z,0.09608835,0.0968,0.096,0.0961273,152.94607147
2018-01-26T12:50:00Z,0.096777,0.09679999,0.09612736,0.09621675,125.19271496
2018-01-26T12:55:00Z,0.09621676,0.09679958,0.09621676,0.09672495,49.19449832
2018-01-26T13:00:00Z,0.09672495,0.09677992,0.09621678,0.09621678,89.88670653
2018-01-26T13:05:00Z,0.09621678,0.09656,0.09621678,0.09652492,181.88239002
2018-01-26T13:10:00Z,0.09652492,0.09656,0.09590769,0.09597305,177.87789778
2018-01-26T13:15:00Z,0.09594189,0.09636231,0.09590769,0.09590769,73.5549504
2018-01-26T13:20:00Z,0.09595189,0.09629215,0.09590769,0.09590773,112.70937553
2018-01-26T13:25:00Z,0.09599999,0.09599999,0.09590769,0.09590769,177.13216616
2018-01-26T13:30:00Z,0.09590769,0.09636223,0.09590769,0.096,134.83991315
2018-01-26T13:35:00Z,0.096,0.09636218,0.09590769,0.09590769,84.91734775
2018-01-26T13:40:00Z,0.09590769,0.09629998,0.09590769,0.096199,42.92513355
2018-01-26T13:45:00Z,0.096199,0.09636195,0.09590776,0.096198,65.90549439
2018-01-26T13:50:00Z,0.096198,0.09669999,0.096198,0.0965712,132.54907311
2018-01-26T13:55:00Z,0.0965723,0.09688798,0.096362,0.09687032,229.67843552
2018-01-26T14:00:00Z,0.0968,0.09699999,0.0963625,0.096501,110.47813195
2018-01-26T14:05:00Z,0.096501,0.09675528,0.09619801,0.0963,176.82109665
2018-01-26T14:10:00Z,0.0963,0.09661818,0.09590773,0.09652188,98.21118932
2018-01-26T14:15:00Z,0.09652188,0.0966,0.09607059,0.09607059,39.96185026
2018-01-26T14:20:00Z,0.09633891,0.0967,0.09608,0.09666087,327.41011991
2018-01-26T14:25:00Z,0.0967,0.0967,0.09612003,0.09634188,35.14049086
2018-01-26T14:30:00Z,0.09634188,0.096888,0.09612007,0.09631905,232.15156864
2018-01-26T14:35:00Z,0.09652175,0.09665261,0.0961201,0.09635,58.31051984
2018-01-26T14:40:00Z,0.09635,0.09651689,0.09612007,0.09612007,129.75767911
2018-01-26T14:45:00Z,0.09612111,0.09651689,0.096,0.09649999,52.96185511
2018-01-26T14:50:00Z,0.09649999,0.09649999,0.096,0.0961,73.545742
2018-01-26T14:55:00Z,0.0961,0.09612006,0.09590769,0.09590772,152.10034179
2018-01-26T15:00:00Z,0.09612006,0.09621,0.09590769,0.09600001,38.36002677
2018-01-26T15:05:00Z,0.09610009,0.09621,0.09590769,0.09590769,66.16191981
2018-01-26T15:10:00Z,0.09620989,0.09621,0.0954,0.09558343,296.9981496
2018-01-26T15:15:00Z,0.09558343,0.09599995,0.09508002,0.0954502,277.36523879
2018-01-26T15:20:00Z,0.09545023,0.09583497,0.09510013,0.09545091,126.23634285
2018-01-26T15:25:00Z,0.09545061,0.0959,0.09545023,0.0956,51.13827027
2018-01-26T15:30:00Z,0.0956,0.09608836,0.0954713,0.0959026,52.8082997
2018-01-26T15:35:00Z,0.0959026,0.0959026,0.09547132,0.09584948,210.12660876
2018-01-26T15:40:00Z,0.09584948,0.09590262,0.09547132,0.09584938,121.60399121
2018-01-26T15:45:00Z,0.09584938,0.09590262,0.09556715,0.09566757,43.56228445
2018-01-26T15:50:00Z,0.0958167,0.09621,0.09559104,0.09559105,174.69778658
2018-01-26T15:55:00Z,0.09559105,0.09586195,0.09545024,0.09558219,145.74599437
2018-01-26T16:00:00Z,0.095861,0.096017,0.09445024,0.09499987,469.79807856
2018-01-26T16:05:00Z,0.09499987,0.09510693,0.0948,0.0949999,189.58316913
2018-01-26T16:10:00Z,0.0949999,0.09510693,0.0949999,0.09510693,326.16340396
2018-01-26T16:15:00Z,0.0949999,0.09510692,0.09463753,0.09499996,135.15610401
2018-01-26T16:20:00Z,0.0951,0.0951069,0.09465255,0.095,106.49646194
2018-01-26T16:25:00Z,0.095,0.09528999,0.094985,0.09510689,89.46110073
2018-01-26T16:30:00Z,0.09528998,0.09544491,0.09510689,0.09534602,82.51450759
2018-01-26T16:35:00Z,0.0953469,0.09542206,0.09510689,0.09541381,88.82485814
2018-01-26T16:40:00Z,0.09511693,0.09541381,0.0951069,0.09511691,77.34591437
2018-01-26T16:45:00Z,0.09541375,0.09541375,0.09504746,0.09527961,34.42262547
2018-01-26T16:50:00Z,0.09527961,0.09527963,0.09504745,0.09504745,74.38383177
2018-01-26T16:55:00Z,0.09526962,0.09527963,0.09500011,0.09500016,59.8838253
2018-01-26T17:00:00Z,0.09500016,0.09541352,0.09500016,0.09541,62.4114866
2018-01-26T17:05:00Z,0.09541352,0.0957079,0.0951,0.09527962,90.93486117
2018-01-26T17:10:00Z,0.09527962,0.09527962,0.095,0.09525,75.12136951
2018-01-26T17:15:00Z,0.09525,0.09525,0.095,0.09524998,30.31457354
2018-01-26T17:20:00Z,0.09524998,0.09524999,0.09500001,0.09517995,43.08051705
2018-01-26T17:25:00Z,0.09517995,0.09524999,0.0951,0.09524991,72.44704962
2018-01-26T17:30:00Z,0.09524999,0.0953,0.0952499,0.09527962,61.00284263
2018-01-26T17:35:00Z,0.09527962,0.09527963,0.0952499,0.09525001,66.33842479
2018-01-26T17:40:00Z,0.0952499,0.09527961,0.095,0.095,74.52226213
2018-01-26T17:45:00Z,0.09500001,0.09527962,0.095,0.09527962,40.46866408
2018-01-26T17:50:00Z,0.09527954,0.0955598,0.095278,0.09527954,30.15994352
2018-01-26T17:55:00Z,0.09527954,0.09548923,0.0952562,0.0952562,39.63409949
2018-01-26T18:00:00Z,0.0952562,0.09547754,0.09496,0.09525598,56.41804856
2018-01-26T18:05:00Z,0.09525598,0.095279,0.09499146,0.09500003,57.72057897
2018-01-26T18:10:00Z,0.09500003,0.09525587,0.09500003,0.09500005,17.50651281
2018-01-26T18:15:00Z,0.09525587,0.09544366,0.09500005,0.09500006,68.01693127
2018-01-26T18:20:00Z,0.09500006,0.09542103,0.09500006,0.09539,31.68462983
2018-01-26T18:25:00Z,0.09539,0.09539,0.09500006,0.0951,58.69299025
2018-01-26T18:30:00Z,0.0950001,0.09539,0.09500006,0.09510001,22.49349683
2018-01-26T18:35:00Z,0.09535912,0.09538999,0.09500006,0.09522729,85.93362569
2018-01-26T18:40:00Z,0.09522729,0.09522729,0.0947,0.0949,50.48179587
2018-01-26T18:45:00Z,0.09493246,0.0949327,0.0948,0.0948,59.98418475
2018-01-26T18:50:00Z,0.09485999,0.09485999,0.0947,0.09479996,130.43306895
2018-01-26T18:55:00Z,0.09479996,0.09488,0.0946376,0.0946376,65.61301495
2018-01-26T19:00:00Z,0.09487,0.0949915,0.09463754,0.0949327,42.42545644
2018-01-26T19:05:00Z,0.09494,0.095,0.0946479,0.09476,70.42307321
2018-01-26T19:10:00Z,0.09475,0.09514,0.09475,0.09476006,50.15186516
2018-01-26T19:15:00Z,0.09513942,0.09513942,0.09476,0.09476002,43.88943773
2018-01-26T19:20:00Z,0.09477,0.09513936,0.0946479,0.0946479,135.90670423
2018-01-26T19:25:00Z,0.09489817,0.09513399,0.09463761,0.09503388,105.28048958
2018-01-26T19:30:00Z,0.09503388,0.09503388,0.09463761,0.095,48.92201717
2018-01-26T19:35:00Z,0.09499999,0.09499999,0.09463762,0.09495995,21.64227795
2018-01-26T19:40:00Z,0.09494995,0.09499999,0.09463762,0.09495995,13.20710219
2018-01-26T19:45:00Z,0.09499999,0.09499999,0.0947,0.09478901,33.08957941
2018-01-26T19:50:00Z,0.09478901,0.09478901,0.09463762,0.09463763,23.35329913
2018-01-26T19:55:00Z,0.09463763,0.095,0.09463762,0.09499998,109.37058507
2018-01-26T20:00:00Z,0.09499998,0.095,0.09478901,0.0947892,42.55971788
2018-01-26T20:05:00Z,0.09478919,0.0947892,0.09463763,0.0947892,17.68928245
2018-01-26T20:10:00Z,0.0947892,0.0947892,0.09463763,0.0947892,25.05768118
2018-01-26T20:15:00Z,0.0947892,0.0947892,0.09472,0.0947892,28.25437452
2018-01-26T20:20:00Z,0.0947892,0.0947892,0.09472002,0.09472002,27.6522189
2018-01-26T20:25:00Z,0.09472003,0.09513399,0.09472002,0.09513398,20.68318653
2018-01-26T20:30:00Z,0.09478926,0.09513398,0.09474544,0.09513398,37.12534608
2018-01-26T20:35:00Z,0.09474545,0.0948,0.09474544,0.0948,19.51934675
2018-01-26T20:40:00Z,0.0948,0.09500856,0.09474544,0.0948,48.62406477
2018-01-26T20:45:00Z,0.0948,0.09512136,0.09474544,0.09474545,27.01860568
2018-01-26T20:50:00Z,0.09493494,0.09513399,0.09474544,0.09512136,53.66007366
2018-01-26T20:55:00Z,0.09513398,0.0952,0.09474544,0.0952,36.780802
2018-01-26T21:00:00Z,0.09514996,0.09544356,0.095,0.095,56.52122026
2018-01-26T21:05:00Z,0.09541758,0.09544356,0.09500001,0.09524154,64.35210129
2018-01-26T21:10:00Z,0.09524154,0.09541757,0.09500002,0.09500002,39.15734621
2018-01-26T21:15:00Z,0.09500002,0.09524452,0.09500002,0.09500002,36.04137032
2018-01-26T21:20:00Z,0.09502002,0.09555987,0.09502002,0.09525,81.77225778
2018-01-26T21:25:00Z,0.09525,0.096,0.09525,0.09555988,54.93502739
2018-01-26T21:30:00Z,0.09555988,0.09559995,0.09525,0.09559995,37.15201505
2018-01-26T21:35:00Z,0.09559995,0.0956,0.09502002,0.0956,53.95599267
2018-01-26T21:40:00Z,0.0956,0.09599998,0.09555988,0.09585,39.20466429
2018-01-26T21:45:00Z,0.09587,0.09587,0.09555988,0.09587,99.18738565
2018-01-26T21:50:00Z,0.09587,0.09587,0.09555988,0.09555988,221.3852809
2018-01-26T21:55:00Z,0.09553599,0.0958,0.09522506,0.0955,33.74267944
2018-01-26T22:00:00Z,0.0955,0.0955,0.09503431,0.0955,26.21406735
2018-01-26T22:05:00Z,0.0955,0.09569699,0.09513069,0.09567508,46.28329752
2018-01-26T22:10:00Z,0.09567507,0.09567507,0.0952,0.09563997,34.33100557
2018-01-26T22:15:00Z,0.09563997,0.095815,0.0952,0.0953773,64.32044418
2018-01-26T22:20:00Z,0.0953773,0.09568,0.0953771,0.09568,35.54357889
2018-01-26T22:25:00Z,0.0954,0.09585998,0.0954,0.09553775,156.69866322
2018-01-26T22:30:00Z,0.09582465,0.09587,0.09553775,0.09553775,154.07124049
2018-01-26T22:35:00Z,0.095865,0.095865,0.09553775,0.09555,22.55419112
2018-01-26T22:40:00Z,0.09573304,0.09577988,0.09553777,0.09576999,68.50492558
2018-01-26T22:45:00Z,0.09576999,0.09577987,0.09553777,0.09576999,39.50900957
2018-01-26T22:50:00Z,0.09577986,0.09577986,0.09553778,0.09576999,23.86272432
2018-01-26T22:55:00Z,0.09576999,0.0957799,0.09560747,0.09560747,85.37263167
2018-01-26T23:00:00Z,0.09561,0.09576799,0.0953589,0.0953589,35.50164091
2018-01-26T23:05:00Z,0.09553777,0.09561597,0.09515,0.09515,75.22296981
2018-01-26T23:10:00Z,0.09509482,0.09515,0.0950343,0.09515,22.88906889
2018-01-26T23:15:00Z,0.09515,0.0952,0.0950343,0.095075,88.55337955
2018-01-26T23:20:00Z,0.095075,0.09519998,0.09500001,0.09500002,32.78189123
2018-01-26T23:25:00Z,0.09500002,0.09519897,0.09487,0.09487,106.23087064
2018-01-26T23:30:00Z,0.09488368,0.09503547,0.0942509,0.09461342,567.26035217
2018-01-26T23:35:00Z,0.09461341,0.09461342,0.09413,0.094421,185.53352423
2018-01-26T23:40:00Z,0.094421,0.09487367,0.0942,0.09454302,61.93165964
2018-01-26T23:45:00Z,0.09454302,0.09468899,0.09425344,0.0945,126.15319007
2018-01-26T23:50:00Z,0.0945,0.09461615,0.0945,0.09459426,31.07473725
2018-01-26T23:55:00Z,0.0945005,0.095,0.0945,0.09462,68.96418643
2018-01-27T00:00:00Z,0.09497999,0.0950343,0.09461511,0.09485989,94.91677662
2018-01-27T00:05:00Z,0.09485989,0.09501304,0.0941,0.0945005,116.51990065
2018-01-27T00:10:00Z,0.0945005,0.0950343,0.0944,0.0945005,81.98853782
2018-01-27T00:15:00Z,0.0945005,0.09516892,0.09442,0.09501895,87.37413087
2018-01-27T00:20:00Z,0.09501895,0.09527909,0.0947125,0.0951176,62.43516113
2018-01-27T00:25:00Z,0.0950443,0.09517794,0.09470852,0.0948,38.35132942
2018-01-27T00:30:00Z,0.0948,0.09498996,0.09457429,0.09473252,34.00812625
2018-01-27T00:35:00Z,0.09473252,0.09498994,0.09457429,0.0948899,46.17606814
2018-01-27T00:40:00Z,0.0948899,0.0948899,0.0945743,0.0945743,39.44101599
2018-01-27T00:45:00Z,0.0945743,0.09498995,0.0945743,0.09457501,105.19280335
2018-01-27T00:50:00Z,0.09495829,0.09498995,0.09457501,0.0948,38.27246379
2018-01-27T00:55:00Z,0.09485285,0.09498995,0.0946,0.09462999,28.84158429
2018-01-27T01:00:00Z,0.09497986,0.09529997,0.09462,0.09498996,89.55452246
2018-01-27T01:05:00Z,0.0952999,0.0952999,0.09498995,0.09499,54.12794455
2018-01-27T01:10:00Z,0.09499,0.09555988,0.09498995,0.0953048,173.14753499
2018-01-27T01:15:00Z,0.09530001,0.09548933,0.09529983,0.09529983,213.90780973
2018-01-27T01:20:00Z,0.09537891,0.0955,0.09500001,0.0951558,63.94516094
2018-01-27T01:25:00Z,0.09521,0.09521,0.09499003,0.09499003,51.62427734
2018-01-27T01:30:00Z,0.09499003,0.0951557,0.09485697,0.0949797,153.22091735
2018-01-27T01:35:00Z,0.0949797,0.09504975,0.0946,0.095,99.4755331
2018-01-27T01:40:00Z,0.095,0.09504973,0.09465005,0.09484,75.06032918
2018-01-27T01:45:00Z,0.09503954,0.09512736,0.09482999,0.09499999,143.78255252
2018-01-27T01:50:00Z,0.09483015,0.09517988,0.09464005,0.09508094,169.25793966
2018-01-27T01:55:00Z,0.09507086,0.09508069,0.09464005,0.09464006,69.89032077
2018-01-27T02:00:00Z,0.09464006,0.09517987,0.09464005,0.095,36.43599522
2018-01-27T02:05:00Z,0.095,0.09549,0.09464503,0.09495,65.93407051
2018-01-27T02:10:00Z,0.095,0.095425,0.09483001,0.09528999,45.73817263
2018-01-27T02:15:00Z,0.09528499,0.09528499,0.09469619,0.09501492,108.02553871
2018-01-27T02:20:00Z,0.09501492,0.09501493,0.09457429,0.09490118,199.70741917
2018-01-27T02:25:00Z,0.0945743,0.09495746,0.09457429,0.094691,114.39777379
2018-01-27T02:30:00Z,0.094691,0.09505997,0.09457431,0.0945744,56.44139169
2018-01-27T02:35:00Z,0.09503997,0.09505997,0.09457431,0.0949368,173.32201299
2018-01-27T02:40:00Z,0.09457442,0.09492283,0.09457429,0.09457441,196.33201839
2018-01-27T02:45:00Z,0.0947442,0.09501499,0.0945743,0.09499496,98.01967291
2018-01-27T02:50:00Z,0.09499496,0.09501499,0.09457444,0.09488128,56.66229103
2018-01-27T02:55:00Z,0.09488128,0.09500999,0.09470004,0.09471001,54.55786761
2018-01-27T03:00:00Z,0.0949,0.09505998,0.09472101,0.09480002,114.90578811
2018-01-27T03:05:00Z,0.09480002,0.095055,0.09457444,0.09470004,124.17694362
2018-01-27T03:10:00Z,0.09470004,0.09505998,0.09457432,0.09497001,33.37083402
2018-01-27T03:15:00Z,0.09497002,0.09505998,0.0945,0.0945,237.42461084
2018-01-27T03:20:00Z,0.0945,0.095,0.0945,0.09464318,40.24055285
2018-01-27T03:25:00Z,0.09464318,0.09529499,0.09453001,0.09489841,143.51079111
2018-01-27T03:30:00Z,0.09489841,0.09508994,0.09479841,0.09479843,46.20116209
2018-01-27T03:35:00Z,0.09508993,0.09508994,0.09479841,0.09479843,47.04186432
2018-01-27T03:40:00Z,0.095089,0.095089,0.0947985,0.09479864,24.88715274
2018-01-27T03:45:00Z,0.09508858,0.0950889,0.094867,0.09505848,97.91494385
2018-01-27T03:50:00Z,0.09505847,0.09508858,0.09500001,0.09500004,69.6705946
2018-01-27T03:55:00Z,0.09500002,0.09587,0.09500002,0.0953002,387.72548953
2018-01-27T04:00:00Z,0.0953002,0.09560575,0.0950343,0.09503562,105.56756343
2018-01-27T04:05:00Z,0.09535,0.09535,0.094858,0.095,242.6871595
2018-01-27T04:10:00Z,0.09489842,0.095,0.09479861,0.09489842,39.44101511
2018-01-27T04:15:00Z,0.09489842,0.095,0.09479861,0.09484123,54.53855864
2018-01-27T04:20:00Z,0.09484123,0.095,0.09484123,0.09484126,42.58632975
2018-01-27T04:25:00Z,0.09484134,0.095,0.09484126,0.095,22.63260319
2018-01-27T04:30:00Z,0.09499998,0.095,0.09484127,0.095,27.76397841
2018-01-27T04:35:00Z,0.095,0.095,0.09479849,0.0948135,53.03862001
2018-01-27T04:40:00Z,0.09484122,0.095,0.09484122,0.0948835,49.0250276
2018-01-27T04:45:00Z,0.0948835,0.09524835,0.0948835,0.09494176,64.36017211
2018-01-27T04:50:00Z,0.09499,0.09524738,0.09484129,0.09489,69.91291576
2018-01-27T04:55:00Z,0.0949,0.09522342,0.09484167,0.0952234,28.64652158
2018-01-27T05:00:00Z,0.0952234,0.09522342,0.09490011,0.0950763,50.17212776
2018-01-27T05:05:00Z,0.09522342,0.09534997,0.09507641,0.09522342,46.23655567
2018-01-27T05:10:00Z,0.09522343,0.0953499,0.09508701,0.095089,52.73639402
2018-01-27T05:15:00Z,0.095089,0.09551889,0.095089,0.09509035,275.10352724
2018-01-27T05:20:00Z,0.09509036,0.09545399,0.09509036,0.09509115,90.9524498
2018-01-27T05:25:00Z,0.09530328,0.09549599,0.0950903,0.09509119,178.48635085
2018-01-27T05:30:00Z,0.09510003,0.09550068,0.09507621,0.09507623,628.02895887
2018-01-27T05:35:00Z,0.09507623,0.09550064,0.09507621,0.09507626,110.96963861
2018-01-27T05:40:00Z,0.09507626,0.09541986,0.09507621,0.09507622,780.23938839
2018-01-27T05:45:00Z,0.09507622,0.09525828,0.09507621,0.0950821,673.8609656
2018-01-27T05:50:00Z,0.09523827,0.09529998,0.09507621,0.09507622,113.43128622
2018-01-27T05:55:00Z,0.09507622,0.09507625,0.09507621,0.09507621,543.82897767
2018-01-27T06:00:00Z,0.09507622,0.09507625,0.09462779,0.09467323,179.79307055
2018-01-27T06:05:00Z,0.09493197,0.09494657,0.09467323,0.09469102,185.80039842
2018-01-27T06:10:00Z,0.0949457,0.09494656,0.094575,0.09467512,124.43420502
2018-01-27T06:15:00Z,0.09467511,0.09492299,0.09450001,0.0946751,130.93710519
2018-01-27T06:20:00Z,0.0946751,0.0946899,0.09422221,0.09449985,101.82986463
2018-01-27T06:25:00Z,0.09449985,0.09494656,0.09422223,0.09494656,76.30946725
2018-01-27T06:30:00Z,0.09494656,0.09503422,0.09432,0.09480655,112.78914799
2018-01-27T06:35:00Z,0.0947,0.09491537,0.0945,0.09476789,110.01193515
2018-01-27T06:40:00Z,0.0945,0.09476769,0.09430824,0.09449902,76.88797113
2018-01-27T06:45:00Z,0.09449901,0.09449902,0.0941521,0.09449899,96.26558868
2018-01-27T06:50:00Z,0.09432801,0.09449901,0.09432801,0.09449901,51.07341967
2018-01-27T06:55:00Z,0.09449901,0.095,0.09449901,0.09478501,105.89049219
2018-01-27T07:00:00Z,0.09478501,0.095,0.09450503,0.09456252,114.91865359
2018-01-27T07:05:00Z,0.09499999,0.09499999,0.09455252,0.0947321,51.40571075
2018-01-27T07:10:00Z,0.0947321,0.094995,0.09473206,0.09495361,32.36718465
2018-01-27T07:15:00Z,0.09495361,0.0949948,0.0944,0.0944,154.20521095
2018-01-27T07:20:00Z,0.09432811,0.09495358,0.09432807,0.09461,40.11261853
2018-01-27T07:25:00Z,0.094949,0.0949948,0.09461,0.09461002,124.27246852
2018-01-27T07:30:00Z,0.09499478,0.09499478,0.09450597,0.09488001,56.42823957
2018-01-27T07:35:00Z,0.09488001,0.09495,0.09449092,0.09488,32.19932729
2018-01-27T07:40:00Z,0.09494998,0.0949948,0.09488,0.09494999,75.36817347
2018-01-27T07:45:00Z,0.09494999,0.0950343,0.09488501,0.09500001,47.78921974
2018-01-27T07:50:00Z,0.09500001,0.0950343,0.09495,0.09499999,114.24308827
2018-01-27T07:55:00Z,0.09499999,0.09503417,0.09485751,0.09486505,52.44833935
2018-01-27T08:00:00Z,0.09472526,0.09503416,0.09472525,0.09503416,37.17855745
2018-01-27T08:05:00Z,0.09493697,0.09503417,0.0947,0.09503407,22.17517467
2018-01-27T08:10:00Z,0.09503416,0.09503416,0.09476,0.09479,24.83816504
2018-01-27T08:15:00Z,0.09479,0.09503397,0.094775,0.09503393,142.38876346
2018-01-27T08:20:00Z,0.09503389,0.09509335,0.09475981,0.09509334,78.51776481
2018-01-27T08:25:00Z,0.0950933,0.0952,0.09482,0.0952,87.59422244
2018-01-27T08:30:00Z,0.0952,0.09529994,0.0949,0.0952482,69.10459268
2018-01-27T08:35:00Z,0.09525,0.09529994,0.09500001,0.09524999,51.63669182
2018-01-27T08:40:00Z,0.09524999,0.09524999,0.09500013,0.0951,20.35834038
2018-01-27T08:45:00Z,0.09524999,0.09524999,0.09501526,0.095115,62.35821853
2018-01-27T08:50:00Z,0.09519,0.09524997,0.09501527,0.09524997,30.84747264
2018-01-27T08:55:00Z,0.0952001,0.09524997,0.09501532,0.09523996,47.37397647
2018-01-27T09:00:00Z,0.09523996,0.09523996,0.0950201,0.09519998,31.3837166
2018-01-27T09:05:00Z,0.09523996,0.09529663,0.09519998,0.09529663,77.11975926
2018-01-27T09:10:00Z,0.09529662,0.09535326,0.09525,0.09535326,31.15788837
2018-01-27T09:15:00Z,0.09535904,0.09544679,0.09526,0.0954,73.0184413
2018-01-27T09:20:00Z,0.0954,0.09555888,0.0954,0.09541,85.72911994
2018-01-27T09:25:00Z,0.09549991,0.09582343,0.095411,0.0957,70.76606615
2018-01-27T09:30:00Z,0.0957,0.09594254,0.09559844,0.09594254,62.41663454
2018-01-27T09:35:00Z,0.09594254,0.096,0.09535101,0.0955,68.16621263
2018-01-27T09:40:00Z,0.0955,0.096,0.09543645,0.0954612,46.66849316
2018-01-27T09:45:00Z,0.09599987,0.09599999,0.09545145,0.09545145,49.14176367
2018-01-27T09:50:00Z,0.09548,0.09572014,0.0954368,0.09543681,51.13448802
2018-01-27T09:55:00Z,0.09543681,0.09543681,0.095415,0.09543681,35.49409561
2018-01-27T10:00:00Z,0.09543681,0.09548,0.09525,0.09529997,87.92461688
2018-01-27T10:05:00Z,0.0953,0.09532994,0.09525,0.09529996,23.29295413
2018-01-27T10:10:00Z,0.09532994,0.09548,0.09529996,0.09544068,104.92263813
2018-01-27T10:15:00Z,0.0953,0.09548,0.09525,0.09544066,34.00926572
2018-01-27T10:20:00Z,0.09539532,0.0959,0.09531501,0.095895,59.86080702
2018-01-27T10:25:00Z,0.09589979,0.0959,0.09558062,0.095815,127.78615674
2018-01-27T10:30:00Z,0.09589431,0.096,0.095815,0.095815,109.47254501
2018-01-27T10:35:00Z,0.095815,0.095855,0.095815,0.09581501,131.25424626
2018-01-27T10:40:00Z,0.09581501,0.096,0.095815,0.0959998,60.74429899
2018-01-27T10:45:00Z,0.0959998,0.0959999,0.095815,0.09581501,110.73017929
2018-01-27T10:50:00Z,0.09594041,0.0959999,0.095825,0.09599869,31.92513066
2018-01-27T10:55:00Z,0.09599869,0.09600001,0.095815,0.09600001,79.6619132
2018-01-27T11:00:00Z,0.096,0.096027,0.09581501,0.0960269,51.25904049
2018-01-27T11:05:00Z,0.096,0.0960269,0.095815,0.095815,152.7084396
2018-01-27T11:10:00Z,0.09599932,0.096022,0.09560421,0.09560421,228.23317612
2018-01-27T11:15:00Z,0.09560423,0.096022,0.09560421,0.096022,129.37519311
2018-01-27T11:20:00Z,0.09581199,0.09610643,0.09573048,0.09610643,68.44975852
2018-01-27T11:25:00Z,0.09610643,0.09613325,0.09581203,0.09590001,130.98699965
2018-01-27T11:30:00Z,0.09613424,0.09633356,0.095905,0.09633356,73.92661389
2018-01-27T11:35:00Z,0.096317,0.09633356,0.096,0.09633293,33.26887842
2018-01-27T11:40:00Z,0.09633293,0.0965,0.09604235,0.09615778,158.31392431
2018-01-27T11:45:00Z,0.09642,0.09649,0.09612421,0.09648998,23.02288415
2018-01-27T11:50:00Z,0.09620942,0.09648999,0.09620942,0.09648999,19.15739028
2018-01-27T11:55:00Z,0.09648999,0.09648999,0.09642996,0.09642997,34.53388656
2018-01-27T12:00:00Z,0.09642997,0.09665254,0.09640002,0.09663,140.64831176
2018-01-27T12:05:00Z,0.09661319,0.09682754,0.0965343,0.0967,54.28293351
2018-01-27T12:10:00Z,0.0967,0.0968,0.09653433,0.09670317,21.84254123
2018-01-27T12:15:00Z,0.09679996,0.0968,0.09656,0.09679999,71.27648329
2018-01-27T12:20:00Z,0.09679999,0.096885,0.09679999,0.09682754,93.95424217
2018-01-27T12:25:00Z,0.096885,0.096885,0.09648315,0.09648315,100.83521688
2018-01-27T12:30:00Z,0.09646141,0.096883,0.0962093,0.09685997,146.90253073
2018-01-27T12:35:00Z,0.096688,0.096688,0.09634175,0.09635689,74.95701317
2018-01-27T12:40:00Z,0.09665973,0.09667993,0.0963569,0.09666,101.02493424
2018-01-27T12:45:00Z,0.09665499,0.09666,0.09640005,0.09665998,25.51169115
2018-01-27T12:50:00Z,0.09665998,0.09666,0.09650008,0.096658,32.29499537
2018-01-27T12:55:00Z,0.096658,0.09665897,0.09640005,0.0964667,31.21554369
2018-01-27T13:00:00Z,0.0965384,0.0965385,0.0964817,0.09653849,50.36344592
2018-01-27T13:05:00Z,0.09653849,0.0967188,0.09648171,0.09665897,30.39110727
2018-01-27T13:10:00Z,0.09665897,0.09688199,0.096658,0.0967,23.10585724
2018-01-27T13:15:00Z,0.09687899,0.09687899,0.096666,0.09666601,89.8521935
2018-01-27T13:20:00Z,0.09666601,0.096882,0.0964817,0.0967,67.41425829
2018-01-27T13:25:00Z,0.0967,0.096888,0.0967,0.0967,326.71878752
2018-01-27T13:30:00Z,0.0967,0.09687999,0.09649836,0.09686984,172.32785311
2018-01-27T13:35:00Z,0.09686984,0.09686984,0.0965,0.09670001,47.63110632
2018-01-27T13:40:00Z,0.09670001,0.09686984,0.0967,0.0967,61.37236268
2018-01-27T13:45:00Z,0.09686983,0.09686983,0.0967,0.0968,30.02660189
2018-01-27T13:50:00Z,0.09686983,0.09686983,0.0966,0.0966,55.54252957
2018-01-27T13:55:00Z,0.09679999,0.09679999,0.09650488,0.09650488,16.738924
2018-01-27T14:00:00Z,0.09656002,0.09687498,0.09654791,0.09654793,54.9993174
2018-01-27T14:05:00Z,0.09679998,0.09679998,0.09654793,0.09679997,102.78277229
2018-01-27T14:10:00Z,0.09679996,0.09679996,0.09661603,0.09679888,59.73121371
2018-01-27T14:15:00Z,0.09679888,0.09679889,0.09661603,0.0967986,39.9041592
2018-01-27T14:20:00Z,0.09679866,0.09679889,0.0967,0.0967,74.18691308
2018-01-27T14:25:00Z,0.0967,0.09679888,0.09662,0.09662,56.68668244
2018-01-27T14:30:00Z,0.09662001,0.09677999,0.09662,0.0967699,78.57621512
2018-01-27T14:35:00Z,0.09669,0.09677991,0.09662,0.09662,76.95957932
2018-01-27T14:40:00Z,0.0967656,0.09676564,0.09662,0.09662045,91.84142037
2018-01-27T14:45:00Z,0.09662045,0.0967697,0.09662,0.09662001,116.70171997
2018-01-27T14:50:00Z,0.09662044,0.0967699,0.09662,0.0966201,110.44544769
2018-01-27T14:55:00Z,0.0966201,0.09672958,0.09662,0.09662,165.54993396
2018-01-27T15:00:00Z,0.09662,0.09672782,0.09662,0.09662001,199.16922076
2018-01-27T15:05:00Z,0.09662,0.09662001,0.0962352,0.096335,206.25277868
2018-01-27T15:10:00Z,0.096335,0.09650001,0.0962094,0.09635355,35.97635713
2018-01-27T15:15:00Z,0.09644999,0.09647639,0.09635355,0.09647638,37.67539149
2018-01-27T15:20:00Z,0.09635356,0.09647639,0.09635355,0.09647638,53.9426856
2018-01-27T15:25:00Z,0.09647638,0.0965,0.09636,0.09639857,33.83207739
2018-01-27T15:30:00Z,0.09639857,0.09662,0.09626,0.096375,173.21466912
2018-01-27T15:35:00Z,0.096375,0.0965,0.0961,0.09631,158.63099788
2018-01-27T15:40:00Z,0.09649482,0.09650883,0.09601,0.09638999,80.97512273
2018-01-27T15:45:00Z,0.09638997,0.09638997,0.09508717,0.09508717,413.28982456
2018-01-27T15:50:00Z,0.095381,0.0958,0.09505,0.09574993,119.29295494
2018-01-27T15:55:00Z,0.09574993,0.09574993,0.09525,0.09529,122.83089098
2018-01-27T16:00:00Z,0.09529,0.09564276,0.0952,0.0955917,152.39797636
2018-01-27T16:05:00Z,0.09559161,0.09564299,0.09501541,0.09564276,198.68474685
2018-01-27T16:10:00Z,0.09564276,0.09575,0.0952955,0.09530603,44.2111217
2018-01-27T16:15:00Z,0.09557994,0.09558,0.09530602,0.09557999,171.93522591
2018-01-27T16:20:00Z,0.09557999,0.09564299,0.09530619,0.09564282,179.73909596
2018-01-27T16:25:00Z,0.09540002,0.0958,0.09540001,0.09579944,59.7525764
2018-01-27T16:30:00Z,0.09579944,0.0957997,0.09562011,0.095799,56.28012771
2018-01-27T16:35:00Z,0.095799,0.0957997,0.09562011,0.09562011,246.655482
2018-01-27T16:40:00Z,0.09562011,0.09579968,0.09562011,0.09579959,78.34217472
2018-01-27T16:45:00Z,0.09579959,0.09579969,0.09570083,0.09579969,57.6937306
2018-01-27T16:50:00Z,0.09579969,0.096,0.09579969,0.096,35.21857048
2018-01-27T16:55:00Z,0.096,0.09627574,0.09579971,0.096,167.4601271
2018-01-27T17:00:00Z,0.096007,0.09624,0.0957997,0.09600663,90.01942809
2018-01-27T17:05:00Z,0.09600663,0.09649,0.09600662,0.09600663,200.69637383
2018-01-27T17:10:00Z,0.09633987,0.09633987,0.09592982,0.09614402,73.83973933
2018-01-27T17:15:00Z,0.0961,0.0961,0.09579632,0.09581459,248.7478549
2018-01-27T17:20:00Z,0.0958888,0.0960999,0.09562011,0.09609988,194.89589206
2018-01-27T17:25:00Z,0.0959038,0.0960999,0.0956838,0.09609978,104.01836311
2018-01-27T17:30:00Z,0.09609978,0.09609978,0.09580101,0.09590081,56.29365806
2018-01-27T17:35:00Z,0.09590081,0.09590082,0.095806,0.09590081,27.23122433
2018-01-27T17:40:00Z,0.09590081,0.09614404,0.09581001,0.09614404,106.52456393
2018-01-27T17:45:00Z,0.09609977,0.09614404,0.09575994,0.09590079,100.3417902
2018-01-27T17:50:00Z,0.09575995,0.096095,0.09568267,0.09568267,33.42666394
2018-01-27T17:55:00Z,0.096095,0.09609976,0.09568267,0.09568273,53.32004444
2018-01-27T18:00:00Z,0.0958,0.09609977,0.09565,0.09565001,150.62859621
2018-01-27T18:05:00Z,0.09565001,0.0959,0.09562013,0.09562013,91.47100398
2018-01-27T18:10:00Z,0.09575,0.09624,0.09562021,0.09599999,68.72795605
2018-01-27T18:15:00Z,0.09622999,0.0963,0.0959,0.09623998,119.82579078
2018-01-27T18:20:00Z,0.09623998,0.09624036,0.09597925,0.09624036,36.52353229
2018-01-27T18:25:00Z,0.09624,0.09624036,0.09597925,0.09624036,50.39964202
2018-01-27T18:30:00Z,0.09624036,0.09624036,0.09599943,0.09624036,23.39974483
2018-01-27T18:35:00Z,0.09624035,0.09624044,0.09600016,0.0961,55.40135927
2018-01-27T18:40:00Z,0.0961,0.096259,0.09600051,0.09619999,83.70654832
2018-01-27T18:45:00Z,0.09625891,0.09650001,0.09619999,0.09630001,65.52185091
2018-01-27T18:50:00Z,0.0964988,0.0964988,0.0962,0.09635101,43.72937297
2018-01-27T18:55:00Z,0.096351,0.096351,0.0962,0.0962,24.9378647
2018-01-27T19:00:00Z,0.09620001,0.09634997,0.0961,0.0963443,40.13265886
2018-01-27T19:05:00Z,0.0961,0.09634429,0.09600051,0.09600052,52.05707122
2018-01-27T19:10:00Z,0.09600052,0.0961,0.09600017,0.09602,42.529396
2018-01-27T19:15:00Z,0.09602001,0.09635,0.09602,0.09635,91.33173306
2018-01-27T19:20:00Z,0.09636,0.09649879,0.09632411,0.09649825,94.01461862
2018-01-27T19:25:00Z,0.09637,0.0965,0.09603,0.09645412,49.3178874
2018-01-27T19:30:00Z,0.09606092,0.09649995,0.09606092,0.0964,18.28943212
2018-01-27T19:35:00Z,0.0964,0.09649999,0.09607002,0.0962,31.70875208
2018-01-27T19:40:00Z,0.09649996,0.09649996,0.09611,0.09611,57.06006958
2018-01-27T19:45:00Z,0.09649,0.09649994,0.09611,0.09648799,30.41965663
2018-01-27T19:50:00Z,0.09616,0.09649898,0.09615,0.096152,20.09239219
2018-01-27T19:55:00Z,0.096152,0.09649,0.09615001,0.09617,68.73649788
2018-01-27T20:00:00Z,0.09616999,0.09642964,0.09606093,0.09607003,85.07041414
2018-01-27T20:05:00Z,0.09607003,0.09641497,0.09584,0.09607,125.35483933
2018-01-27T20:10:00Z,0.09607997,0.09649698,0.09580001,0.09631056,90.21213617
2018-01-27T20:15:00Z,0.09631056,0.09649698,0.09608,0.09630785,36.30098832
2018-01-27T20:20:00Z,0.09630785,0.09647766,0.09622305,0.09638353,46.96701397
2018-01-27T20:25:00Z,0.09638353,0.09638353,0.0963502,0.096352,37.55406601
2018-01-27T20:30:00Z,0.096352,0.096352,0.09622305,0.0962231,87.85600019
2018-01-27T20:35:00Z,0.0962231,0.09649797,0.0962231,0.09649797,117.5424639
2018-01-27T20:40:00Z,0.09649797,0.09662093,0.09640736,0.0965997,27.83238845
2018-01-27T20:45:00Z,0.0965997,0.09669874,0.096498,0.096498,102.20828734
2018-01-27T20:50:00Z,0.09669874,0.096902,0.096498,0.09690199,218.43772984
2018-01-27T20:55:00Z,0.09690198,0.096902,0.0965096,0.0965096,120.98163
2018-01-27T21:00:00Z,0.0965096,0.096902,0.09627095,0.09683773,91.21487033
2018-01-27T21:05:00Z,0.09683773,0.09690855,0.09643736,0.096902,109.20464492
2018-01-27T21:10:00Z,0.09690855,0.0969092,0.09643736,0.0969,30.64381987
2018-01-27T21:15:00Z,0.0969,0.09699999,0.0969,0.09699999,81.93937342
2018-01-27T21:20:00Z,0.09699999,0.09734399,0.09699998,0.09699998,324.10540633
2018-01-27T21:25:00Z,0.09734399,0.09734399,0.09689205,0.09731899,101.04515853
2018-01-27T21:30:00Z,0.09731898,0.09731899,0.097,0.09700001,83.51823993
2018-01-27T21:35:00Z,0.09700001,0.097173,0.097,0.0970001,61.17985694
2018-01-27T21:40:00Z,0.0970001,0.0972999,0.0969229,0.09701982,27.92163233
2018-01-27T21:45:00Z,0.09692291,0.09717998,0.09692291,0.09693,13.71574306
2018-01-27T21:50:00Z,0.09693,0.09717998,0.09692291,0.09717991,94.55547403
2018-01-27T21:55:00Z,0.09717991,0.097344,0.09692291,0.0971,116.92603612
2018-01-27T22:00:00Z,0.0971,0.09734399,0.09692291,0.09692293,101.81841928
2018-01-27T22:05:00Z,0.09692293,0.0973,0.09692293,0.09701985,25.71944659
2018-01-27T22:10:00Z,0.09719998,0.09732552,0.09693,0.09732543,57.1408446
2018-01-27T22:15:00Z,0.09732543,0.09737,0.0970001,0.097344,81.20290598
2018-01-27T22:20:00Z,0.097364,0.0974001,0.097344,0.0974001,57.74491074
2018-01-27T22:25:00Z,0.0974001,0.09749934,0.0974001,0.09747198,90.59938932
2018-01-27T22:30:00Z,0.097473,0.0975188,0.097344,0.09744786,115.6445397
2018-01-27T22:35:00Z,0.0975188,0.09768304,0.097344,0.09751109,262.38164541
2018-01-27T22:40:00Z,0.09751109,0.09768718,0.097344,0.09734401,122.86729578
2018-01-27T22:45:00Z,0.09765855,0.09798998,0.09765855,0.09770001,78.70445292
2018-01-27T22:50:00Z,0.09776213,0.098,0.09739001,0.09739001,198.56506272
2018-01-27T22:55:00Z,0.09799499,0.09799499,0.09739002,0.09742601,89.18386505
2018-01-27T23:00:00Z,0.0978,0.098,0.09697498,0.0975,450.19254446
2018-01-27T23:05:00Z,0.0975,0.09799995,0.0975,0.09755001,115.92250796
2018-01-27T23:10:00Z,0.09760001,0.09781466,0.09694,0.09694003,119.88036062
2018-01-27T23:15:00Z,0.09745098,0.09745098,0.09689999,0.09738591,119.59740704
2018-01-27T23:20:00Z,0.0973859,0.0973859,0.0971622,0.0972,75.34644472
2018-01-27T23:25:00Z,0.0972,0.0973859,0.096905,0.097355,87.62320612
2018-01-27T23:30:00Z,0.09738588,0.09738589,0.0969,0.09700002,66.69588027
2018-01-27T23:35:00Z,0.09690012,0.09700002,0.09654361,0.09697998,83.63696272
2018-01-27T23:40:00Z,0.09697998,0.09733599,0.0968,0.0968,294.34637189
2018-01-27T23:45:00Z,0.0968,0.09719399,0.096586,0.09689989,57.27516507
2018-01-27T23:50:00Z,0.09689989,0.09733499,0.09678431,0.09725993,58.34851066
2018-01-27T23:55:00Z,0.09725992,0.09725992,0.0969,0.097199,62.67744739
2018-01-28T00:00:00Z,0.097199,0.0972,0.09692,0.0972,59.55753367
2018-01-28T00:05:00Z,0.09719,0.09737563,0.09692,0.09737563,14.83321204
2018-01-28T00:10:00Z,0.09737563,0.097544,0.09694943,0.09749995,100.49118642
2018-01-28T00:15:00Z,0.09749996,0.097549,0.09695401,0.09719997,148.29870774
2018-01-28T00:20:00Z,0.0971999,0.09748998,0.0966674,0.09709993,93.3296269
2018-01-28T00:25:00Z,0.09709992,0.09748988,0.096835,0.0972899,59.80356129
2018-01-28T00:30:00Z,0.0972899,0.0975,0.097,0.09728995,31.00849887
2018-01-28T00:35:00Z,0.09728995,0.09743997,0.0968899,0.097,80.21727234
2018-01-28T00:40:00Z,0.097,0.09719541,0.09688991,0.09699485,33.74350811
2018-01-28T00:45:00Z,0.09699485,0.09719535,0.09688995,0.09718954,83.93997931
2018-01-28T00:50:00Z,0.09718954,0.09719536,0.09700005,0.09719536,58.79979799
2018-01-28T00:55:00Z,0.09719535,0.09719541,0.09688996,0.09719541,87.94425262
2018-01-28T01:00:00Z,0.09719541,0.0974005,0.09719535,0.0972005,51.72117907
2018-01-28T01:05:00Z,0.0972005,0.0974005,0.0972,0.09725,85.5965786
2018-01-28T01:10:00Z,0.09720053,0.09735606,0.0972,0.0973,42.3705461
2018-01-28T01:15:00Z,0.0972,0.0974005,0.09719542,0.09740027,31.56517294
2018-01-28T01:20:00Z,0.09740028,0.0974005,0.09719541,0.09719541,77.1372836
2018-01-28T01:25:00Z,0.09719541,0.0974005,0.09719541,0.0974005,51.96432249
2018-01-28T01:30:00Z,0.0974005,0.09748998,0.09714861,0.0972,104.41972366
2018-01-28T01:35:00Z,0.0972,0.09740045,0.09688998,0.09738991,78.50950456
2018-01-28T01:40:00Z,0.09738983,0.09738983,0.096895,0.09730999,12.19414244
2018-01-28T01:45:00Z,0.0973,0.0973,0.09691025,0.096942,39.03674274
2018-01-28T01:50:00Z,0.096957,0.0972799,0.096942,0.0972799,23.53389458
2018-01-28T01:55:00Z,0.0972799,0.0972799,0.09695711,0.09727989,27.06927687
2018-01-28T02:00:00Z,0.09718261,0.0972799,0.09701003,0.0971198,15.38265927
2018-01-28T02:05:00Z,0.09727969,0.09727969,0.09701001,0.0972006,46.8487826
2018-01-28T02:10:00Z,0.0972106,0.09727969,0.0972006,0.09727969,53.14837408
2018-01-28T02:15:00Z,0.09727969,0.09728195,0.0972006,0.09726961,58.94940024
2018-01-28T02:20:00Z,0.0972819,0.0974,0.09720061,0.0974,60.26853802
2018-01-28T02:25:00Z,0.0974,0.0974005,0.0972006,0.097201,185.52913035
2018-01-28T02:30:00Z,0.097201,0.09737,0.0972006,0.09720061,57.75929041
2018-01-28T02:35:00Z,0.09720061,0.09748999,0.0972006,0.097216,33.65293723
2018-01-28T02:40:00Z,0.09748967,0.09765001,0.097316,0.09755,80.90391398
2018-01-28T02:45:00Z,0.09753001,0.09766659,0.097216,0.09763513,112.36040864
2018-01-28T02:50:00Z,0.09763513,0.097892,0.09721601,0.09779395,43.11978625
2018-01-28T02:55:00Z,0.09731602,0.09779347,0.09721602,0.0975792,81.34623511
2018-01-28T03:00:00Z,0.0975792,0.0977069,0.097319,0.09733001,23.61572594
2018-01-28T03:05:00Z,0.09769999,0.0977069,0.09733001,0.09770673,58.59035207
2018-01-28T03:10:00Z,0.09770673,0.09770673,0.097405,0.09759999,86.14893916
2018-01-28T03:15:00Z,0.09755,0.09763875,0.097216,0.09742,225.72596008
2018-01-28T03:20:00Z,0.09724598,0.0977069,0.097216,0.09759979,42.54387264
2018-01-28T03:25:00Z,0.09726753,0.097694,0.0971521,0.0976479,255.03759302
2018-01-28T03:30:00Z,0.0971521,0.09760786,0.0971521,0.09744991,36.76102439
2018-01-28T03:35:00Z,0.09744991,0.0976298,0.09715213,0.0976298,76.07513628
2018-01-28T03:40:00Z,0.0976298,0.09765822,0.097395,0.0976,38.21658611
2018-01-28T03:45:00Z,0.09759999,0.09796419,0.09740001,0.09796419,98.20853609
2018-01-28T03:50:00Z,0.09794999,0.09799999,0.0977,0.09797523,73.8322563
2018-01-28T03:55:00Z,0.09797523,0.09800001,0.09772524,0.09800001,80.44321839
2018-01-28T04:00:00Z,0.09800001,0.0980348,0.098,0.09800042,46.79034792
2018-01-28T04:05:00Z,0.09801963,0.0982699,0.098,0.09800003,272.04616557
2018-01-28T04:10:00Z,0.09800003,0.09827,0.09799997,0.09825431,80.82320463
2018-01-28T04:15:00Z,0.09825431,0.0983,0.09807792,0.09829999,148.43717686
2018-01-28T04:20:00Z,0.0983,0.0983,0.09808411,0.09824953,186.88878549
2018-01-28T04:25:00Z,0.09824953,0.0983,0.0981,0.09829994,82.64826289
2018-01-28T04:30:00Z,0.09829994,0.0984347,0.09814,0.0984347,129.79000798
2018-01-28T04:35:00Z,0.09834,0.09846761,0.09818961,0.0984,134.28749123
2018-01-28T04:40:00Z,0.0984,0.09848,0.09814,0.09827217,115.8754714
2018-01-28T04:45:00Z,0.09827216,0.09847218,0.09812474,0.09847218,130.16288131
2018-01-28T04:50:00Z,0.09846472,0.0985,0.0979724,0.09813939,257.71250532
2018-01-28T04:55:00Z,0.098,0.09808577,0.0972425,0.09769994,152.68105347
2018-01-28T05:00:00Z,0.09769989,0.0978,0.09728959,0.09778995,337.50190441
2018-01-28T05:05:00Z,0.09778995,0.09797998,0.0975,0.09770001,113.7619367
2018-01-28T05:10:00Z,0.09770001,0.09795,0.0977,0.09770001,82.46360978
2018-01-28T05:15:00Z,0.09794499,0.098,0.09779,0.09794473,136.15839479
2018-01-28T05:20:00Z,0.09794473,0.09832999,0.09794471,0.09825994,122.86798172
2018-01-28T05:25:00Z,0.09794472,0.09843,0.09794472,0.0982,96.95504922
2018-01-28T05:30:00Z,0.0982,0.0982,0.0975,0.09787029,154.26843975
2018-01-28T05:35:00Z,0.09787029,0.09805,0.09770006,0.09790021,51.9334381
2018-01-28T05:40:00Z,0.09790021,0.09819327,0.0978703,0.09803997,79.67294309
2018-01-28T05:45:00Z,0.09804997,0.09825994,0.09785001,0.09805497,93.47063119
2018-01-28T05:50:00Z,0.0982,0.09825994,0.09784,0.0982,86.85207998
2018-01-28T05:55:00Z,0.0982,0.0985,0.0982,0.09826002,177.0010372
2018-01-28T06:00:00Z,0.0984,0.0985,0.0982,0.0983,124.70156736
2018-01-28T06:05:00Z,0.0983,0.0983,0.09770001,0.09770001,114.61176295
2018-01-28T06:10:00Z,0.09770001,0.0982099,0.09770001,0.09812894,81.94345752
2018-01-28T06:15:00Z,0.09820986,0.09820987,0.098,0.09807644,48.16101264
2018-01-28T06:20:00Z,0.09807644,0.09812849,0.09790002,0.09800049,42.82920561
2018-01-28T06:25:00Z,0.0981187,0.0981187,0.09790002,0.09790003,58.82168586
2018-01-28T06:30:00Z,0.098,0.09811841,0.09790003,0.09811841,44.43611556
2018-01-28T06:35:00Z,0.09811895,0.09820993,0.09811836,0.09820991,94.34514527
2018-01-28T06:40:00Z,0.09820991,0.0984,0.098119,0.0984,251.19776013
2018-01-28T06:45:00Z,0.0984,0.0985,0.09829999,0.09829999,224.53514965
2018-01-28T06:50:00Z,0.0985,0.09855001,0.09829999,0.09850584,75.61023708
2018-01-28T06:55:00Z,0.09850584,0.09858333,0.09850402,0.09858,105.14014507
2018-01-28T07:00:00Z,0.09857342,0.09868499,0.09857342,0.09868499,69.46400137
2018-01-28T07:05:00Z,0.09868499,0.0987,0.098505,0.09859006,127.67313692
2018-01-28T07:10:00Z,0.09859006,0.098705,0.09850501,0.098705,95.33697518
2018-01-28T07:15:00Z,0.0987,0.098765,0.0986998,0.09876499,292.2430484
2018-01-28T07:20:00Z,0.09876499,0.098765,0.09861487,0.0986299,228.24022159
2018-01-28T07:25:00Z,0.098765,0.098765,0.09861487,0.09875477,109.46564154
2018-01-28T07:30:00Z,0.09875488,0.0989,0.09875477,0.09889631,127.3647975
2018-01-28T07:35:00Z,0.0988963,0.099,0.09882909,0.099,141.25171926
2018-01-28T07:40:00Z,0.099,0.09909,0.0989999,0.09906772,226.86574256
2018-01-28T07:45:00Z,0.09907272,0.09909,0.09861709,0.09898757,213.15068889
2018-01-28T07:50:00Z,0.09898757,0.09899999,0.09861709,0.09897788,71.5284875
2018-01-28T07:55:00Z,0.09897788,0.0989779,0.09861399,0.09897777,59.34181221
2018-01-28T08:00:00Z,0.0987441,0.09897778,0.09873706,0.098744,90.15776486
2018-01-28T08:05:00Z,0.09887068,0.09898752,0.098744,0.09898752,136.00654158
2018-01-28T08:10:00Z,0.098978,0.09910369,0.0989778,0.09898752,76.31635012
2018-01-28T08:15:00Z,0.09908504,0.09912,0.098965,0.098965,126.67737549
2018-01-28T08:20:00Z,0.098744,0.098969,0.098744,0.09875001,104.9243531
2018-01-28T08:25:00Z,0.09875001,0.09910356,0.09875,0.09894001,53.14347539
2018-01-28T08:30:00Z,0.0991,0.09916543,0.09894,0.09912318,177.46796699
2018-01-28T08:35:00Z,0.099,0.09919203,0.09895001,0.099,117.7090536
2018-01-28T08:40:00Z,0.099,0.0992,0.09895002,0.09917306,142.12958823
2018-01-28T08:45:00Z,0.099,0.09919366,0.09896,0.09902999,155.17749435
2018-01-28T08:50:00Z,0.09899999,0.09903,0.09899999,0.09903,60.69447587
2018-01-28T08:55:00Z,0.09903,0.09919366,0.09899999,0.09919366,132.97275899
2018-01-28T09:00:00Z,0.09919366,0.099195,0.099065,0.0991,50.82591778
2018-01-28T09:05:00Z,0.09919166,0.0992,0.09899999,0.09919999,132.91213329
2018-01-28T09:10:00Z,0.099195,0.09947654,0.09899999,0.09939892,149.00378335
2018-01-28T09:15:00Z,0.09939892,0.0994,0.09905003,0.09928987,132.31312573
2018-01-28T09:20:00Z,0.09906506,0.09928987,0.09906505,0.09924972,45.87940079
2018-01-28T09:25:00Z,0.09924972,0.09944194,0.09924968,0.09944193,116.74576325
2018-01-28T09:30:00Z,0.09944193,0.09947,0.09939974,0.09947,163.83481432
2018-01-28T09:35:00Z,0.09947,0.09947,0.09939993,0.09939993,120.29877015
2018-01-28T09:40:00Z,0.09939993,0.09947,0.09939993,0.09939994,146.04178219
2018-01-28T09:45:00Z,0.09946984,0.09973966,0.09939994,0.09969999,380.73584368
2018-01-28T09:50:00Z,0.099601,0.09979626,0.09959999,0.09979626,119.30079443
2018-01-28T09:55:00Z,0.09979626,0.09999999,0.0997588,0.0999,330.97775646
2018-01-28T10:00:00Z,0.0999999,0.09999997,0.09991501,0.09999994,115.90365132
2018-01-28T10:05:00Z,0.09999995,0.10004997,0.09999993,0.10004,864.87061165
2018-01-28T10:10:00Z,0.10004,0.1006,0.10004,0.10052717,397.55052121
2018-01-28T10:15:00Z,0.10052717,0.1015567,0.10052717,0.10136,1028.48350546
2018-01-28T10:20:00Z,0.10136,0.10177993,0.10125865,0.1016584,323.82895334
2018-01-28T10:25:00Z,0.10168608,0.10267833,0.1016,0.10261406,846.04806965
2018-01-28T10:30:00Z,0.10256619,0.10419,0.1025156,0.10419,1652.50155129
2018-01-28T10:35:00Z,0.10398457,0.10498499,0.1031653,0.10318,1132.04638935
2018-01-28T10:40:00Z,0.10318,0.10450001,0.10229262,0.10330001,991.79352414
2018-01-28T10:45:00Z,0.10330001,0.10378496,0.10280001,0.102964,464.77434977
2018-01-28T10:50:00Z,0.102964,0.10352318,0.10239523,0.103,329.47267279
2018-01-28T10:55:00Z,0.10352309,0.1035231,0.10295,0.1032,405.10484927
2018-01-28T11:00:00Z,0.1032,0.10339796,0.10295001,0.10339796,207.89988047
2018-01-28T11:05:00Z,0.10339,0.10340298,0.10280646,0.103046,373.07634256
2018-01-28T11:10:00Z,0.103044,0.103479,0.10299792,0.10347898,285.20778427
2018-01-28T11:15:00Z,0.103479,0.1041857,0.10347898,0.10418558,382.30894694
2018-01-28T11:20:00Z,0.10416,0.10433312,0.10379,0.10424497,446.3954917
2018-01-28T11:25:00Z,0.10424497,0.10460819,0.10400002,0.1046,618.58100316
2018-01-28T11:30:00Z,0.1046,0.10477769,0.104015,0.104149,410.71905193
2018-01-28T11:35:00Z,0.10406,0.104377,0.103948,0.10419998,246.28082766
2018-01-28T11:40:00Z,0.10419998,0.10465783,0.103948,0.10465783,325.8884554
2018-01-28T11:45:00Z,0.10465782,0.1047777,0.10434313,0.10457796,305.36802356
2018-01-28T11:50:00Z,0.10457796,0.1049,0.10440001,0.10478941,244.15039352
2018-01-28T11:55:00Z,0.10478941,0.10528974,0.10478941,0.10524752,890.38940204
2018-01-28T12:00:00Z,0.10525,0.10559999,0.1052,0.105525,1271.06580345
2018-01-28T12:05:00Z,0.105525,0.10559999,0.10440001,0.10484999,452.0676642
2018-01-28T12:10:00Z,0.10484998,0.10484998,0.1044,0.1045,346.51058923
2018-01-28T12:15:00Z,0.1045,0.10450005,0.10388209,0.10439698,730.11826065
2018-01-28T12:20:00Z,0.10439698,0.10489983,0.10429658,0.10486999,122.65626827
2018-01-28T12:25:00Z,0.10487,0.10539999,0.10487,0.10535002,396.68386086
2018-01-28T12:30:00Z,0.10539898,0.10539898,0.10432797,0.10496808,362.43858436
2018-01-28T12:35:00Z,0.1049,0.105,0.10442983,0.10460001,212.6896943
2018-01-28T12:40:00Z,0.10449762,0.10487241,0.10395631,0.10426118,231.76874839
2018-01-28T12:45:00Z,0.10426118,0.10428,0.103986,0.103986,121.87175772
2018-01-28T12:50:00Z,0.10399999,0.10400002,0.1029,0.1032,391.2632902
2018-01-28T12:55:00Z,0.1033032,0.1042,0.10300002,0.104,317.14997616
2018-01-28T13:00:00Z,0.104,0.10426098,0.10375371,0.1041,165.04827492
2018-01-28T13:05:00Z,0.1041,0.10487288,0.1041,0.10467954,258.51228775
2018-01-28T13:10:00Z,0.10467954,0.10475994,0.104,0.10400001,408.3306702
2018-01-28T13:15:00Z,0.10400001,0.10439983,0.1038,0.1038,222.80706041
2018-01-28T13:20:00Z,0.10386936,0.10410399,0.10357807,0.10397,153.26373008
2018-01-28T13:25:00Z,0.10410399,0.10437,0.10386935,0.10419,191.28781159
2018-01-28T13:30:00Z,0.10386935,0.10484998,0.10386935,0.10399999,142.27390093
2018-01-28T13:35:00Z,0.10461021,0.10461023,0.10399999,0.10451804,42.03607729
2018-01-28T13:40:00Z,0.10451804,0.10486,0.10451798,0.10469531,153.19062602
2018-01-28T13:45:00Z,0.10469531,0.10486,0.10433,0.1045,119.87585449
2018-01-28T13:50:00Z,0.1045,0.1047909,0.10433,0.10479023,143.22725373
2018-01-28T13:55:00Z,0.10479023,0.105,0.1047295,0.10498,233.18697549
2018-01-28T14:00:00Z,0.10498,0.10498,0.10452001,0.10452001,129.0535407
2018-01-28T14:05:00Z,0.10452001,0.10497,0.1045,0.10465,274.09840307
2018-01-28T14:10:00Z,0.10465,0.10499919,0.10432501,0.10489999,340.77845438
2018-01-28T14:15:00Z,0.10464997,0.10497208,0.10432501,0.10469696,192.05649103
2018-01-28T14:20:00Z,0.104515,0.10469596,0.10449998,0.10450003,54.92369704
2018-01-28T14:25:00Z,0.10454999,0.10467587,0.10450003,0.1046,73.89633925
2018-01-28T14:30:00Z,0.10459999,0.1046,0.10442294,0.10442294,97.68820404
2018-01-28T14:35:00Z,0.10442294,0.1046,0.104346,0.1045499,108.55684593
2018-01-28T14:40:00Z,0.10454706,0.10454996,0.104325,0.1045475,133.25465956
2018-01-28T14:45:00Z,0.10435,0.1045475,0.10428118,0.10428118,119.00092497
2018-01-28T14:50:00Z,0.10428116,0.10428118,0.10400002,0.10402,119.52276497
2018-01-28T14:55:00Z,0.10411494,0.10427688,0.104,0.10404269,142.18228407
2018-01-28T15:00:00Z,0.10404269,0.10411482,0.10387004,0.10399994,158.37442121
2018-01-28T15:05:00Z,0.10399994,0.10399995,0.10387015,0.10387015,216.65200446
2018-01-28T15:10:00Z,0.10397293,0.10399,0.1038,0.1038062,72.7386187
2018-01-28T15:15:00Z,0.1038062,0.103945,0.1036849,0.10393987,105.39287431
2018-01-28T15:20:00Z,0.10393978,0.10397399,0.10339663,0.10385623,177.22971912
2018-01-28T15:25:00Z,0.10385622,0.10397356,0.10335001,0.10359999,228.03977819
2018-01-28T15:30:00Z,0.10358,0.1036,0.10324679,0.10329671,142.95990974
2018-01-28T15:35:00Z,0.1034,0.10352899,0.10319352,0.10341005,58.26940067
2018-01-28T15:40:00Z,0.10350989,0.10391999,0.10341005,0.10376872,120.52466969
2018-01-28T15:45:00Z,0.1037687,0.10376872,0.10333325,0.10376821,193.7911118
2018-01-28T15:50:00Z,0.10376821,0.10376822,0.10330676,0.1036,132.82089854
2018-01-28T15:55:00Z,0.10343902,0.1035,0.10331534,0.103336,60.12938956
2018-01-28T16:00:00Z,0.103336,0.1035,0.1032,0.10347098,123.32383796
2018-01-28T16:05:00Z,0.10347097,0.10347098,0.103229,0.10346998,66.43874599
2018-01-28T16:10:00Z,0.10346998,0.10347098,0.1032426,0.10347097,131.14656438
2018-01-28T16:15:00Z,0.10347097,0.10347097,0.103,0.103,252.77846368
2018-01-28T16:20:00Z,0.103,0.10349999,0.10284209,0.10319998,113.47019462
2018-01-28T16:25:00Z,0.10319998,0.1034499,0.10289616,0.10344987,61.20654305
2018-01-28T16:30:00Z,0.1032,0.103488,0.10300627,0.10320002,65.47359949
2018-01-28T16:35:00Z,0.10342921,0.10343,0.10320003,0.10342915,69.97886552
2018-01-28T16:40:00Z,0.10342915,0.10342915,0.10320002,0.10320003,39.19831061
2018-01-28T16:45:00Z,0.10320003,0.10342915,0.1032,0.10320003,107.95682445
2018-01-28T16:50:00Z,0.10320003,0.10342915,0.1032,0.10341914,83.98145516
2018-01-28T16:55:00Z,0.10342914,0.10348699,0.10341914,0.10341914,75.00985999
2018-01-28T17:00:00Z,0.10341998,0.10345899,0.1032,0.1032,209.23308097
2018-01-28T17:05:00Z,0.10341905,0.10341932,0.10284206,0.10300002,61.88576128
2018-01-28T17:10:00Z,0.10300002,0.10320001,0.10300001,0.10320001,75.5521834
2018-01-28T17:15:00Z,0.10314956,0.10341928,0.10314956,0.10341924,106.11021006
2018-01-28T17:20:00Z,0.10341908,0.104,0.10319029,0.10362,370.73404219
2018-01-28T17:25:00Z,0.10361,0.10391947,0.10360999,0.10362,91.76825808
2018-01-28T17:30:00Z,0.10362,0.10393,0.10361,0.10361,122.90715753
2018-01-28T17:35:00Z,0.10361001,0.10399999,0.10361,0.1037,119.23575392
2018-01-28T17:40:00Z,0.10370001,0.104,0.1037,0.104,73.5133177
2018-01-28T17:45:00Z,0.104,0.104,0.10370202,0.10379998,82.05538888
2018-01-28T17:50:00Z,0.10379997,0.1038,0.10361201,0.1038,81.70871076
2018-01-28T17:55:00Z,0.1038,0.10399999,0.10379998,0.10399999,34.14714169
2018-01-28T18:00:00Z,0.10399997,0.105,0.10395379,0.10409778,556.39502574
2018-01-28T18:05:00Z,0.10409778,0.10469739,0.104,0.10448,107.95498557
2018-01-28T18:10:00Z,0.10468312,0.10500022,0.10447982,0.1049852,211.27683243
2018-01-28T18:15:00Z,0.1049852,0.1050993,0.104659,0.104766,113.50209466
2018-01-28T18:20:00Z,0.104985,0.1050993,0.104659,0.10506926,109.02463109
2018-01-28T18:25:00Z,0.10506927,0.1051755,0.10506927,0.105166,79.2681798
2018-01-28T18:30:00Z,0.10516503,0.10517554,0.105156,0.10517554,120.24276355
2018-01-28T18:35:00Z,0.10517553,0.1052499,0.1051755,0.10521597,97.91374119
2018-01-28T18:40:00Z,0.10517575,0.1052498,0.10517575,0.1052,132.6953513
2018-01-28T18:45:00Z,0.10524977,0.10524978,0.10506927,0.1051,92.57571086
2018-01-28T18:50:00Z,0.10506927,0.10519964,0.104664,0.104738,60.43597586
2018-01-28T18:55:00Z,0.10473,0.10504308,0.10465904,0.10495001,70.99532082
2018-01-28T19:00:00Z,0.1048,0.10495001,0.104476,0.1046233,81.50359776
2018-01-28T19:05:00Z,0.1046233,0.10481448,0.10424979,0.10424979,77.05424447
2018-01-28T19:10:00Z,0.10446407,0.1044641,0.10400007,0.10422465,51.8053994
2018-01-28T19:15:00Z,0.10425969,0.10427342,0.10422465,0.10424,37.28452361
2018-01-28T19:20:00Z,0.10424,0.10424212,0.1039,0.1042421,46.49627835
2018-01-28T19:25:00Z,0.1042421,0.1042421,0.10379998,0.1041,143.71411554
2018-01-28T19:30:00Z,0.1041,0.1042421,0.1041,0.10424198,21.0348689
2018-01-28T19:35:00Z,0.10424198,0.1042421,0.10410291,0.10410499,84.87999695
2018-01-28T19:40:00Z,0.10410499,0.10424198,0.10410455,0.10424195,77.96060244
2018-01-28T19:45:00Z,0.10424195,0.10424214,0.10411899,0.10424214,83.44489007
2018-01-28T19:50:00Z,0.10424198,0.1044641,0.10411899,0.10424186,54.92611782
2018-01-28T19:55:00Z,0.10424186,0.10445,0.10424186,0.10424186,112.16102962
2018-01-28T20:00:00Z,0.10442234,0.104642,0.10424186,0.10464189,256.16988952
2018-01-28T20:05:00Z,0.10462689,0.10525,0.1043,0.10441101,261.06506394
2018-01-28T20:10:00Z,0.10441102,0.10521147,0.10441102,0.10441106,117.02378864
2018-01-28T20:15:00Z,0.10441106,0.1045,0.1037,0.1037,111.46691141
2018-01-28T20:20:00Z,0.10407842,0.10441097,0.10364998,0.10413,179.71495461
2018-01-28T20:25:00Z,0.10410336,0.1041453,0.10361203,0.10399999,94.16070285
2018-01-28T20:30:00Z,0.103613,0.1041453,0.10321501,0.10382,194.99996548
2018-01-28T20:35:00Z,0.10381059,0.10399478,0.1036035,0.1036035,134.9625077
2018-01-28T20:40:00Z,0.10373464,0.104,0.1035,0.10395227,25.7942887
2018-01-28T20:45:00Z,0.10395227,0.10409233,0.10373465,0.104,40.96628231
2018-01-28T20:50:00Z,0.10400001,0.10434634,0.10373468,0.1043449,121.5054672
2018-01-28T20:55:00Z,0.104055,0.104055,0.104,0.10400001,54.7989343
2018-01-28T21:00:00Z,0.10400001,0.104054,0.10374212,0.104,87.5927005
2018-01-28T21:05:00Z,0.104054,0.1045,0.1038,0.104,71.49985553
2018-01-28T21:10:00Z,0.10398539,0.10456422,0.1034185,0.10455998,89.57892649
2018-01-28T21:15:00Z,0.10434117,0.10456001,0.10403578,0.104036,30.38127021
2018-01-28T21:20:00Z,0.1044,0.10441068,0.10403601,0.10441067,79.28763878
2018-01-28T21:25:00Z,0.10431247,0.10441067,0.10420002,0.10420958,69.06420117
2018-01-28T21:30:00Z,0.10420506,0.1044105,0.10414,0.1042,77.09140717
2018-01-28T21:35:00Z,0.10414002,0.1044,0.10361072,0.1043995,98.90228192
2018-01-28T21:40:00Z,0.10402002,0.1044105,0.10376766,0.10430297,88.45708747
2018-01-28T21:45:00Z,0.10429253,0.10430295,0.1031801,0.10402002,115.99679439
2018-01-28T21:50:00Z,0.10402002,0.10439996,0.10381805,0.10420001,134.45136397
2018-01-28T21:55:00Z,0.1042,0.10439895,0.1041787,0.1043989,51.16120046
2018-01-28T22:00:00Z,0.10439887,0.1045948,0.10439887,0.1045948,55.73363739
2018-01-28T22:05:00Z,0.1045948,0.10510511,0.1045948,0.10498997,171.03755097
2018-01-28T22:10:00Z,0.105,0.10531001,0.10490012,0.10525,107.31689727
2018-01-28T22:15:00Z,0.10530999,0.1054104,0.10524999,0.1054104,84.61883963
2018-01-28T22:20:00Z,0.105316,0.10542968,0.105316,0.10541102,92.76528764
2018-01-28T22:25:00Z,0.10541915,0.1055,0.10531597,0.10531597,193.09361625
2018-01-28T22:30:00Z,0.10531597,0.10546598,0.10455739,0.10457,69.59100504
2018-01-28T22:35:00Z,0.105,0.1053,0.10456,0.10461,159.19394871
2018-01-28T22:40:00Z,0.10525504,0.10527807,0.104615,0.10464101,100.07588684
2018-01-28T22:45:00Z,0.10512,0.10512,0.10480488,0.10481489,43.64551618
2018-01-28T22:50:00Z,0.10480492,0.10539495,0.10480489,0.104805,68.75176643
2018-01-28T22:55:00Z,0.10515018,0.10530686,0.10480489,0.1048049,94.29836463
2018-01-28T23:00:00Z,0.10515023,0.105229,0.1048049,0.105229,61.33790211
2018-01-28T23:05:00Z,0.10521,0.1054,0.10515018,0.10515018,161.04534567
2018-01-28T23:10:00Z,0.10515023,0.10521001,0.10482005,0.104883,135.65297784
2018-01-28T23:15:00Z,0.104984,0.104984,0.10488299,0.10498303,91.36112428
2018-01-28T23:20:00Z,0.104984,0.10534122,0.10490401,0.10499999,65.90022913
2018-01-28T23:25:00Z,0.10520999,0.10520999,0.10490403,0.10510006,85.13941224
2018-01-28T23:30:00Z,0.10519997,0.10529405,0.10510004,0.10520995,97.27686686
2018-01-28T23:35:00Z,0.10520995,0.10529405,0.105,0.10500001,68.72804884
2018-01-28T23:40:00Z,0.10500001,0.10529405,0.10486001,0.10500013,88.70886427
2018-01-28T23:45:00Z,0.10518968,0.10529401,0.10482002,0.10518955,224.23058694
2018-01-28T23:50:00Z,0.10529398,0.10534122,0.10500034,0.10510003,158.90415058
2018-01-28T23:55:00Z,0.10528748,0.10528748,0.105,0.105,415.52788474
2018-01-29T00:00:00Z,0.10500035,0.1054,0.10480498,0.10500002,266.35059518
2018-01-29T00:05:00Z,0.10500002,0.1055,0.10480505,0.10548987,134.37632145
2018-01-29T00:10:00Z,0.1053366,0.10556597,0.10512349,0.10515002,168.92788167
2018-01-29T00:15:00Z,0.10515002,0.10549998,0.10515002,0.10549947,78.85200796
2018-01-29T00:20:00Z,0.10520001,0.10555198,0.10515012,0.10530899,101.71354849
2018-01-29T00:25:00Z,0.10520011,0.10555197,0.1052001,0.10540101,79.00660129
2018-01-29T00:30:00Z,0.10540102,0.1055467,0.10530001,0.10540004,316.85053952
2018-01-29T00:35:00Z,0.10540005,0.10554667,0.10520009,0.10540002,232.46170127
2018-01-29T00:40:00Z,0.10540002,0.10540004,0.105,0.105,90.59618613
2018-01-29T00:45:00Z,0.10539978,0.1055,0.105,0.1051,74.8761165
2018-01-29T00:50:00Z,0.10510001,0.1055,0.1051,0.10510003,122.01150585
2018-01-29T00:55:00Z,0.10529021,0.105546,0.10510002,0.10512004,136.95717918
2018-01-29T01:00:00Z,0.10554599,0.10554599,0.10510001,0.10512102,39.43549945
2018-01-29T01:05:00Z,0.10512102,0.10546399,0.10512102,0.10516,71.66683109
2018-01-29T01:10:00Z,0.10516,0.10517,0.105,0.10507325,103.47913182
2018-01-29T01:15:00Z,0.10507325,0.10517,0.10482,0.1048201,103.12043437
2018-01-29T01:20:00Z,0.1049128,0.10517001,0.1046,0.10461,327.99643679
2018-01-29T01:25:00Z,0.10461,0.10482,0.103505,0.104211,243.46135779
2018-01-29T01:30:00Z,0.104211,0.10474325,0.10373201,0.10458993,310.63468412
2018-01-29T01:35:00Z,0.10415402,0.10517001,0.10391999,0.10459,190.89092909
2018-01-29T01:40:00Z,0.10458993,0.105,0.10350098,0.10373001,533.49382199
2018-01-29T01:45:00Z,0.10432089,0.1043209,0.10373001,0.10409999,161.06263613
2018-01-29T01:50:00Z,0.10409999,0.1041,0.10378005,0.10402844,166.49947467
2018-01-29T01:55:00Z,0.10402844,0.104411,0.10393011,0.10402845,92.53123429
2018-01-29T02:00:00Z,0.10410004,0.10413007,0.10350028,0.10350098,196.52484969
2018-01-29T02:05:00Z,0.10350098,0.10388999,0.10301909,0.10341042,302.62651746
2018-01-29T02:10:00Z,0.1035,0.10380998,0.10337307,0.1037693,105.58400564
2018-01-29T02:15:00Z,0.1037745,0.10454698,0.10376413,0.10440003,76.8669625
2018-01-29T02:20:00Z,0.10449998,0.10454694,0.1042,0.1045,83.17539944
2018-01-29T02:25:00Z,0.10420011,0.10449999,0.1037745,0.10416006,211.65355689
2018-01-29T02:30:00Z,0.1042001,0.1043001,0.10377451,0.10389831,212.78115014
2018-01-29T02:35:00Z,0.10390831,0.1043001,0.10377451,0.1043,124.77218348
2018-01-29T02:40:00Z,0.1043,0.10449999,0.10402882,0.1043,46.9377478
2018-01-29T02:45:00Z,0.10405885,0.10454695,0.10403885,0.10449999,40.33120139
2018-01-29T02:50:00Z,0.1045,0.10470616,0.1040891,0.10469103,116.48124378
2018-01-29T02:55:00Z,0.10469103,0.1046963,0.10419543,0.10419544,55.76176609
2018-01-29T03:00:00Z,0.10445209,0.10483,0.10430543,0.1046,46.98044612
2018-01-29T03:05:00Z,0.10460003,0.10486998,0.10460003,0.10461007,82.8660925
2018-01-29T03:10:00Z,0.10461007,0.10486998,0.10461005,0.1048698,96.83568319
2018-01-29T03:15:00Z,0.10486978,0.10486979,0.10402923,0.10425004,267.692787
2018-01-29T03:20:00Z,0.10444897,0.1046,0.10425005,0.10444884,40.4328776
2018-01-29T03:25:00Z,0.1046,0.1046,0.10444885,0.10444885,72.82097171
2018-01-29T03:30:00Z,0.10459987,0.1046,0.1041,0.10446885,84.86588103
2018-01-29T03:35:00Z,0.10446885,0.10446885,0.10422866,0.10424869,52.56066707
2018-01-29T03:40:00Z,0.10424869,0.10446885,0.10402998,0.10440993,151.19092447
2018-01-29T03:45:00Z,0.10438004,0.1044111,0.103679,0.10436498,64.15838491
2018-01-29T03:50:00Z,0.10436498,0.10437004,0.10386,0.10437003,41.20830476
2018-01-29T03:55:00Z,0.10437003,0.10441048,0.10329998,0.10329998,204.51075394
2018-01-29T04:00:00Z,0.10431506,0.10431506,0.1036,0.1041005,94.8177279
2018-01-29T04:05:00Z,0.1041,0.10419998,0.10369004,0.10419998,90.12039624
2018-01-29T04:10:00Z,0.10419998,0.10419999,0.10369004,0.104058,77.35842389
2018-01-29T04:15:00Z,0.10419899,0.10431482,0.103958,0.104313,108.47274689
2018-01-29T04:20:00Z,0.104313,0.1043148,0.10400001,0.10400012,172.91466252
2018-01-29T04:25:00Z,0.10400011,0.10400013,0.10400001,0.10400001,159.57746258
2018-01-29T04:30:00Z,0.10400001,0.10400013,0.10378775,0.103953,91.54797269
2018-01-29T04:35:00Z,0.103953,0.10400013,0.10378775,0.10400005,88.82443641
2018-01-29T04:40:00Z,0.10400005,0.10431199,0.10400001,0.1041403,110.70850161
2018-01-29T04:45:00Z,0.10414038,0.10488,0.10414018,0.10472504,382.02547932
2018-01-29T04:50:00Z,0.10472504,0.10498998,0.10457,0.10494001,77.2021926
2018-01-29T04:55:00Z,0.10495001,0.10526438,0.10494001,0.10520005,202.27023345
2018-01-29T05:00:00Z,0.10520006,0.10543521,0.10510001,0.10520001,255.94697987
2018-01-29T05:05:00Z,0.10520001,0.10537999,0.10501998,0.10529097,92.29790408
2018-01-29T05:10:00Z,0.10529097,0.10529995,0.10502001,0.10519999,61.38136718
2018-01-29T05:15:00Z,0.10519999,0.1052,0.10502001,0.1052,117.72343744
2018-01-29T05:20:00Z,0.10528098,0.10528098,0.105,0.10528098,84.53536701
2018-01-29T05:25:00Z,0.10528098,0.1052999,0.10473771,0.10493705,160.7717441
2018-01-29T05:30:00Z,0.10493705,0.1052999,0.10472505,0.10493501,109.37795003
2018-01-29T05:35:00Z,0.104936,0.10519867,0.104936,0.10510901,40.28142565
2018-01-29T05:40:00Z,0.10510902,0.10524656,0.10443451,0.10493395,145.86494758
2018-01-29T05:45:00Z,0.10510992,0.10522,0.10493395,0.10508682,40.79568805
2018-01-29T05:50:00Z,0.1051,0.10549335,0.104743,0.10525001,485.71829196
2018-01-29T05:55:00Z,0.10525001,0.1053,0.10455,0.10515288,171.78275239
2018-01-29T06:00:00Z,0.105148,0.10525,0.10459102,0.105,85.53894548
2018-01-29T06:05:00Z,0.10500001,0.10524998,0.105,0.10500001,126.42505041
2018-01-29T06:10:00Z,0.10524998,0.10531469,0.105,0.105105,95.72949956
2018-01-29T06:15:00Z,0.105105,0.10524497,0.1048001,0.10524494,92.41066891
2018-01-29T06:20:00Z,0.10524497,0.10531469,0.10524494,0.10524495,101.12581884
2018-01-29T06:25:00Z,0.10524496,0.10530465,0.105,0.10524498,98.43918473
2018-01-29T06:30:00Z,0.10524498,0.10559772,0.10500001,0.10503762,238.0409869
2018-01-29T06:35:00Z,0.10556997,0.10559772,0.105005,0.10555192,79.10262144
2018-01-29T06:40:00Z,0.1052,0.10555191,0.10481005,0.10481005,140.9554136
2018-01-29T06:45:00Z,0.10481006,0.10508994,0.104586,0.10480009,114.31645901
2018-01-29T06:50:00Z,0.10480006,0.10500401,0.10460003,0.10489998,34.07328633
2018-01-29T06:55:00Z,0.10489998,0.10500399,0.104586,0.10498899,523.34903639
2018-01-29T07:00:00Z,0.10498899,0.105305,0.10458608,0.10512199,160.37389182
2018-01-29T07:05:00Z,0.10500001,0.10512188,0.1048,0.1048,106.92153129
2018-01-29T07:10:00Z,0.1050001,0.1050001,0.10465,0.10480012,94.59547059
2018-01-29T07:15:00Z,0.10465021,0.105,0.10458614,0.10489991,44.94606598
2018-01-29T07:20:00Z,0.10477599,0.1049,0.10465016,0.10489972,64.37403239
2018-01-29T07:25:00Z,0.10489972,0.10489972,0.10465016,0.10488972,73.71918216
2018-01-29T07:30:00Z,0.10470055,0.10489978,0.10470051,0.10489973,71.9960657
2018-01-29T07:35:00Z,0.10489974,0.105,0.1048,0.1048,143.30926203
2018-01-29T07:40:00Z,0.10480001,0.1049,0.10446187,0.1044809,157.67584818
2018-01-29T07:45:00Z,0.1044809,0.10479999,0.1043199,0.104493,77.95395328
2018-01-29T07:50:00Z,0.10458661,0.10477964,0.1044,0.1045081,94.36796391
2018-01-29T07:55:00Z,0.10450812,0.10477964,0.10428611,0.10450809,104.91187812
2018-01-29T08:00:00Z,0.10450809,0.1048,0.1038005,0.1038005,422.02740242
2018-01-29T08:05:00Z,0.10384501,0.10419159,0.10361006,0.10376565,164.3911634
2018-01-29T08:10:00Z,0.10400544,0.10449999,0.10365201,0.1044,136.79355569
2018-01-29T08:15:00Z,0.10437,0.10437,0.10413756,0.10437,130.28120113
2018-01-29T08:20:00Z,0.10437,0.1045,0.10435156,0.10440005,366.21147474
2018-01-29T08:25:00Z,0.10440005,0.1045,0.10440005,0.1045,253.00400819
2018-01-29T08:30:00Z,0.1045,0.1046,0.10413756,0.10459,255.24482662
2018-01-29T08:35:00Z,0.10440002,0.10499,0.10432891,0.104718,226.76886516
2018-01-29T08:40:00Z,0.10471804,0.1048,0.10440004,0.10476988,159.43089674
2018-01-29T08:45:00Z,0.10476988,0.10478,0.104,0.10449201,235.03784556
2018-01-29T08:50:00Z,0.10478,0.10478459,0.10444603,0.104784,76.44920167
2018-01-29T08:55:00Z,0.104784,0.104784,0.10444603,0.1047828,77.95368247
2018-01-29T09:00:00Z,0.10450002,0.1047829,0.10450001,0.1047829,101.1577303
2018-01-29T09:05:00Z,0.1047829,0.104795,0.1042,0.1047846,94.70248994
2018-01-29T09:10:00Z,0.104795,0.1048,0.10455,0.10478461,153.26534151
2018-01-29T09:15:00Z,0.10479502,0.10498497,0.10455,0.10491423,126.26536501
2018-01-29T09:20:00Z,0.10491423,0.10491423,0.1045501,0.10455011,88.22258772
2018-01-29T09:25:00Z,0.10459001,0.10479986,0.1045501,0.10470003,43.06672689
2018-01-29T09:30:00Z,0.10479982,0.10499497,0.10470003,0.10470011,107.49111728
2018-01-29T09:35:00Z,0.10499497,0.10499497,0.1047,0.1047,125.41221032
2018-01-29T09:40:00Z,0.10460004,0.10495999,0.10455014,0.10471503,96.82698488
2018-01-29T09:45:00Z,0.10489999,0.10489999,0.10410907,0.10412912,190.47680611
2018-01-29T09:50:00Z,0.104524,0.10477997,0.10412912,0.1045384,51.40695763
2018-01-29T09:55:00Z,0.10470467,0.10470467,0.1045384,0.10463146,31.89060464
2018-01-29T10:00:00Z,0.1047,0.10489999,0.10431,0.1048999,202.9416945
2018-01-29T10:05:00Z,0.10489982,0.1049,0.1045,0.10485992,50.52995824
2018-01-29T10:10:00Z,0.10485992,0.1049,0.10450002,0.10461223,110.78214824
2018-01-29T10:15:00Z,0.10461223,0.1049,0.10461223,0.1049,55.12458878
2018-01-29T10:20:00Z,0.1049,0.1049,0.10465003,0.1049,99.87471558
2018-01-29T10:25:00Z,0.1049,0.105,0.10470045,0.10482002,185.61988687
2018-01-29T10:30:00Z,0.10482002,0.105,0.104756,0.105,83.76702737
2018-01-29T10:35:00Z,0.10483053,0.105,0.10483,0.105,104.0080549
2018-01-29T10:40:00Z,0.10501903,0.10509999,0.105,0.10506,83.75841632
2018-01-29T10:45:00Z,0.10509987,0.10509987,0.10483,0.10500001,145.33920638
2018-01-29T10:50:00Z,0.10500001,0.1051,0.10465102,0.10472007,105.90762887
2018-01-29T10:55:00Z,0.10472008,0.10508986,0.10472007,0.10490015,86.94099535
2018-01-29T11:00:00Z,0.10490018,0.1051,0.10490018,0.10508988,82.75030136
2018-01-29T11:05:00Z,0.10509998,0.1051,0.10490501,0.10496671,81.20394692
2018-01-29T11:10:00Z,0.10508928,0.10508933,0.10491,0.10508923,96.2287169
2018-01-29T11:15:00Z,0.10508923,0.10508924,0.10472009,0.10508923,274.94107346
2018-01-29T11:20:00Z,0.10508924,0.10509,0.10475479,0.10508901,115.51097722
2018-01-29T11:25:00Z,0.10508901,0.10508924,0.10475491,0.10477374,163.18344746
2018-01-29T11:30:00Z,0.10477375,0.10509,0.10472005,0.1047698,207.12271088
2018-01-29T11:35:00Z,0.105,0.10508997,0.10472005,0.10499986,136.4964691
2018-01-29T11:40:00Z,0.10499986,0.10509,0.10484321,0.10508913,94.75137334
2018-01-29T11:45:00Z,0.10508914,0.10509999,0.10472005,0.10507002,123.21238492
2018-01-29T11:50:00Z,0.10507002,0.10509999,0.104711,0.10483002,124.85625727
2018-01-29T11:55:00Z,0.1049,0.1051,0.104831,0.1050999,147.27260267
2018-01-29T12:00:00Z,0.1050999,0.1051,0.10483105,0.10509998,115.13901225
2018-01-29T12:05:00Z,0.10509998,0.1051,0.10484107,0.1051,62.3645265
2018-01-29T12:10:00Z,0.10509999,0.1052,0.105,0.10510001,43.01912498
2018-01-29T12:15:00Z,0.1052,0.10529494,0.10509999,0.10525001,149.55142916
2018-01-29T12:20:00Z,0.10525001,0.10556991,0.10525,0.10556988,476.02586424
2018-01-29T12:25:00Z,0.10554002,0.106,0.10526,0.10554002,400.40926283
2018-01-29T12:30:00Z,0.10577992,0.10580001,0.10512507,0.10517089,189.58070296
2018-01-29T12:35:00Z,0.10540006,0.10540006,0.10510001,0.10528948,160.51356048
2018-01-29T12:40:00Z,0.10528948,0.1053,0.10501954,0.1053,58.72777503
2018-01-29T12:45:00Z,0.10528949,0.1053,0.10515622,0.10529996,120.25344902
2018-01-29T12:50:00Z,0.10529996,0.1054895,0.1051,0.1053,115.39798409
2018-01-29T12:55:00Z,0.10530001,0.1054895,0.1053,0.10534144,88.65258588
2018-01-29T13:00:00Z,0.10534144,0.10548948,0.1053,0.10532508,185.79725949
2018-01-29T13:05:00Z,0.10532508,0.10547848,0.10513154,0.10530999,449.24427141
2018-01-29T13:10:00Z,0.10531,0.10547824,0.10510007,0.10511,109.43606375
2018-01-29T13:15:00Z,0.10529397,0.10547818,0.10511,0.10544971,90.51493529
2018-01-29T13:20:00Z,0.10544969,0.10544989,0.10529196,0.1053,70.69668977
2018-01-29T13:25:00Z,0.10540999,0.10547802,0.1053,0.10543999,116.99256476
2018-01-29T13:30:00Z,0.10530002,0.1056,0.10530001,0.10550954,185.70704376
2018-01-29T13:35:00Z,0.10555984,0.10555984,0.10530004,0.10531003,110.32448753
2018-01-29T13:40:00Z,0.10531003,0.10549975,0.10531002,0.10531304,56.61917763
2018-01-29T13:45:00Z,0.10532,0.10532,0.1053,0.10531002,106.87436703
2018-01-29T13:50:00Z,0.10531002,0.10531003,0.10511,0.10525,49.29842147
2018-01-29T13:55:00Z,0.10525,0.10531003,0.10511007,0.1053,373.3724677
2018-01-29T14:00:00Z,0.1053,0.1053,0.10514534,0.10529002,52.67441057
2018-01-29T14:05:00Z,0.10529002,0.105313,0.10529002,0.105313,102.60768554
2018-01-29T14:10:00Z,0.105313,0.10555,0.10531004,0.10544023,96.14447256
2018-01-29T14:15:00Z,0.10544527,0.10555,0.10532902,0.1054,178.28822356
2018-01-29T14:20:00Z,0.10540001,0.10555,0.1054,0.10542085,81.3372813
2018-01-29T14:25:00Z,0.10554796,0.10554999,0.1054208,0.10550001,127.9839382
2018-01-29T14:30:00Z,0.10550002,0.10555,0.1055,0.10555,101.23498334
2018-01-29T14:35:00Z,0.1055474,0.10555,0.10550004,0.10550004,88.7023319
2018-01-29T14:40:00Z,0.1055001,0.1057,0.1055,0.10569889,343.39087951
2018-01-29T14:45:00Z,0.10569889,0.105699,0.10550002,0.10559999,137.02859532
2018-01-29T14:50:00Z,0.10559999,0.10565,0.10555555,0.10560001,184.84009603
2018-01-29T14:55:00Z,0.10565,0.106,0.10560001,0.10599966,412.66578506
2018-01-29T15:00:00Z,0.10568481,0.10599965,0.10560002,0.10563572,180.96528163
2018-01-29T15:05:00Z,0.10580722,0.10580743,0.10563573,0.10580644,73.97429062
2018-01-29T15:10:00Z,0.10580644,0.10580718,0.10563685,0.10575318,152.61703998
2018-01-29T15:15:00Z,0.10575337,0.10589899,0.10575318,0.10575502,178.06908913
2018-01-29T15:20:00Z,0.10575502,0.10589999,0.10563685,0.10563685,252.6547876
2018-01-29T15:25:00Z,0.1057425,0.105754,0.10563685,0.10575013,38.4589246
2018-01-29T15:30:00Z,0.105754,0.105754,0.1057,0.1057,84.0981319
2018-01-29T15:35:00Z,0.1057539,0.105754,0.10562001,0.10564,83.27167342
2018-01-29T15:40:00Z,0.10562068,0.10562068,0.10550003,0.10555555,70.72729968
2018-01-29T15:45:00Z,0.10555555,0.10555555,0.1055,0.10555554,43.68792819
2018-01-29T15:50:00Z,0.10555554,0.10555554,0.10550001,0.10550001,51.75630113
2018-01-29T15:55:00Z,0.1055555,0.10562001,0.10550001,0.1056,51.04401246
2018-01-29T16:00:00Z,0.1056,0.10562067,0.10555552,0.10555553,83.53392659
2018-01-29T16:05:00Z,0.10555553,0.105635,0.10555551,0.10562067,53.97334965
2018-01-29T16:10:00Z,0.10562067,0.105635,0.10550001,0.10555502,156.54351017
2018-01-29T16:15:00Z,0.1055555,0.10555551,0.1054,0.10555551,132.08930029
2018-01-29T16:20:00Z,0.10555551,0.10555551,0.10542518,0.10555,112.68266049
2018-01-29T16:25:00Z,0.10555,0.10555,0.10510009,0.10553999,154.05606429
2018-01-29T16:30:00Z,0.10524674,0.10555,0.104711,0.10515201,124.07802023
2018-01-29T16:35:00Z,0.10515201,0.10553999,0.1048708,0.10540001,25.60211977
2018-01-29T16:40:00Z,0.10538021,0.1055,0.10513098,0.10549998,40.48537397
2018-01-29T16:45:00Z,0.10549998,0.10549998,0.104792,0.1047921,155.1755115
2018-01-29T16:50:00Z,0.10483367,0.10535,0.10483367,0.10526,26.37249698
2018-01-29T16:55:00Z,0.10526,0.10535,0.1047921,0.1049,116.35396217
2018-01-29T17:00:00Z,0.10532998,0.10532998,0.104711,0.105,48.70555165
2018-01-29T17:05:00Z,0.10527,0.10530998,0.105,0.10526,49.46307833
2018-01-29T17:10:00Z,0.10526,0.1053,0.10459,0.10529,87.6244114
2018-01-29T17:15:00Z,0.10529999,0.10529999,0.10450004,0.105,97.29959799
2018-01-29T17:20:00Z,0.105,0.105,0.1045151,0.1049799,20.24026649
2018-01-29T17:25:00Z,0.104998,0.10499998,0.1045001,0.104999,58.57797062
2018-01-29T17:30:00Z,0.10499997,0.10499998,0.10498998,0.10499998,39.89205367
2018-01-29T17:35:00Z,0.10499998,0.1051996,0.104876,0.105,185.12778471
2018-01-29T17:40:00Z,0.10512759,0.10512759,0.10483,0.10499999,96.1343717
2018-01-29T17:45:00Z,0.10499999,0.10499999,0.1045001,0.10499999,35.08533508
2018-01-29T17:50:00Z,0.10499999,0.105,0.10450002,0.1049949,138.68129618
2018-01-29T17:55:00Z,0.10460001,0.1049949,0.1046,0.10492018,113.1848896
2018-01-29T18:00:00Z,0.10460004,0.10497985,0.10450007,0.10452,40.58020529
2018-01-29T18:05:00Z,0.10497959,0.10497959,0.10452105,0.10482,18.18900351
2018-01-29T18:10:00Z,0.1048979,0.10499382,0.104666,0.10491167,224.17454846
2018-01-29T18:15:00Z,0.10491167,0.10491168,0.10452002,0.10491168,79.93503765
2018-01-29T18:20:00Z,0.10491168,0.10506995,0.10463883,0.10475294,67.28763698
2018-01-29T18:25:00Z,0.10497993,0.10497993,0.1045,0.10475285,92.96238922
2018-01-29T18:30:00Z,0.10475285,0.1047529,0.10451051,0.10451061,25.81903863
2018-01-29T18:35:00Z,0.1047529,0.1047529,0.1044,0.104445,143.75394872
2018-01-29T18:40:00Z,0.104445,0.10448901,0.10421,0.10432,129.23611056
2018-01-29T18:45:00Z,0.10447,0.10451061,0.10421,0.10421001,48.27786505
2018-01-29T18:50:00Z,0.10445998,0.10451059,0.10421001,0.10421003,79.93085266
2018-01-29T18:55:00Z,0.10421003,0.10451,0.10421001,0.10442464,60.26321448
2018-01-29T19:00:00Z,0.10442464,0.10449998,0.10423879,0.10442463,48.8240894
2018-01-29T19:05:00Z,0.10442464,0.10451061,0.1044,0.10451061,54.93985831
2018-01-29T19:10:00Z,0.10451059,0.10451061,0.10440005,0.10440006,32.49125007
2018-01-29T19:15:00Z,0.10440006,0.10442464,0.10423877,0.10442464,39.75059049
2018-01-29T19:20:00Z,0.10442464,0.10442464,0.10433878,0.10442464,18.69873851
2018-01-29T19:25:00Z,0.10442464,0.10442464,0.1043388,0.10442464,24.93700728
2018-01-29T19:30:00Z,0.10442464,0.10451061,0.10422,0.10422,95.91603779
2018-01-29T19:35:00Z,0.10427886,0.10466597,0.10421003,0.1045001,37.75314131
2018-01-29T19:40:00Z,0.1045001,0.10466595,0.10421003,0.10421003,25.87140264
2018-01-29T19:45:00Z,0.10466591,0.10466593,0.10423001,0.10440426,35.81067556
2018-01-29T19:50:00Z,0.10440426,0.10466593,0.10425631,0.10466585,47.13942209
2018-01-29T19:55:00Z,0.10466593,0.10481985,0.1042957,0.10431984,61.84746019
2018-01-29T20:00:00Z,0.10481985,0.10481985,0.10431985,0.10441001,35.89140148
2018-01-29T20:05:00Z,0.10480499,0.10480499,0.10431986,0.10432744,27.08384363
2018-01-29T20:10:00Z,0.10432744,0.10436,0.10421001,0.10421002,177.05854998
2018-01-29T20:15:00Z,0.10421002,0.10424999,0.10411,0.10411,126.97298519
2018-01-29T20:20:00Z,0.10414003,0.10454296,0.10411,0.10424999,115.64017485
2018-01-29T20:25:00Z,0.10454295,0.10454296,0.10409997,0.1042,52.24593352
2018-01-29T20:30:00Z,0.1042,0.10423862,0.10409997,0.10423,39.75857821
2018-01-29T20:35:00Z,0.1042386,0.10424999,0.10409997,0.10424999,56.25979838
2018-01-29T20:40:00Z,0.10424999,0.10425,0.1040999,0.10424998,99.05657678
2018-01-29T20:45:00Z,0.1040999,0.10425,0.10402516,0.10405,69.15254511
2018-01-29T20:50:00Z,0.10405,0.10405,0.104,0.10405,137.35107648
2018-01-29T20:55:00Z,0.10405,0.10425,0.10400666,0.10405023,30.22417867
2018-01-29T21:00:00Z,0.10405024,0.10405024,0.104,0.104045,164.33746853
2018-01-29T21:05:00Z,0.10404499,0.104045,0.10397751,0.10399643,27.86823522
2018-01-29T21:10:00Z,0.10399643,0.10403997,0.10371,0.1038,54.08885454
2018-01-29T21:15:00Z,0.1038,0.1038,0.10370188,0.10379002,106.60761994
2018-01-29T21:20:00Z,0.10371005,0.104045,0.10371002,0.104045,37.12157441
2018-01-29T21:25:00Z,0.104045,0.10405,0.10371225,0.10405,100.43592526
2018-01-29T21:30:00Z,0.10405023,0.10405024,0.10382805,0.10405023,51.51459811
2018-01-29T21:35:00Z,0.10405024,0.1042329,0.10405023,0.10423276,123.19270888
2018-01-29T21:40:00Z,0.10410001,0.10423276,0.10409,0.10416999,109.27394508
2018-01-29T21:45:00Z,0.10409001,0.10416999,0.10409,0.104125,377.98607266
2018-01-29T21:50:00Z,0.104125,0.10453,0.10409,0.1041592,169.97117254
2018-01-29T21:55:00Z,0.1041592,0.10445,0.10415,0.10415009,138.97230981
2018-01-29T22:00:00Z,0.1042,0.10454294,0.10415001,0.10430001,43.88642512
2018-01-29T22:05:00Z,0.10429999,0.10454294,0.10420121,0.10435,17.73149385
2018-01-29T22:10:00Z,0.10448294,0.10462999,0.10430005,0.10460788,124.42202673
2018-01-29T22:15:00Z,0.10460699,0.10460699,0.1042,0.10430055,145.39637232
2018-01-29T22:20:00Z,0.10430055,0.10459999,0.10415001,0.10421,71.55522551
2018-01-29T22:25:00Z,0.10450688,0.10476386,0.10415,0.1045,152.51125532
2018-01-29T22:30:00Z,0.1045,0.1046069,0.10432192,0.10460689,33.94394015
2018-01-29T22:35:00Z,0.10460689,0.10501,0.10432194,0.10471149,64.29090597
2018-01-29T22:40:00Z,0.105,0.10505099,0.10460689,0.10460689,103.69478204
2018-01-29T22:45:00Z,0.10496997,0.105026,0.10420001,0.1044,69.00216287
2018-01-29T22:50:00Z,0.1044,0.10469689,0.10432195,0.10463136,64.31683707
2018-01-29T22:55:00Z,0.10463136,0.104692,0.1042,0.10462098,78.87132037
2018-01-29T23:00:00Z,0.10462098,0.10462098,0.1042,0.1043,63.22719148
2018-01-29T23:05:00Z,0.1043,0.10457997,0.1042,0.10420013,60.06527699
2018-01-29T23:10:00Z,0.10420014,0.10462097,0.10420012,0.10461909,76.02316725
2018-01-29T23:15:00Z,0.104205,0.105,0.10420014,0.10499894,68.42180285
2018-01-29T23:20:00Z,0.10499796,0.10499796,0.104255,0.10461895,47.56608085
2018-01-29T23:25:00Z,0.10449346,0.10498999,0.10449346,0.10479695,37.21885039
2018-01-29T23:30:00Z,0.10479695,0.10479695,0.1046,0.10460001,35.89536866
2018-01-29T23:35:00Z,0.10460001,0.10479685,0.10447448,0.10450003,56.80825788
2018-01-29T23:40:00Z,0.1046,0.10478698,0.10420015,0.10420015,72.95101213
2018-01-29T23:45:00Z,0.10420015,0.10470699,0.10420015,0.10420501,32.18329315
2018-01-29T23:50:00Z,0.10420501,0.10479695,0.10420018,0.10425504,128.07876716
2018-01-29T23:55:00Z,0.10425504,0.10477,0.10420013,0.1042551,80.27235785
2018-01-30T00:00:00Z,0.1042551,0.10479695,0.1042551,0.104792,121.81422887
2018-01-30T00:05:00Z,0.10479694,0.10479695,0.1042551,0.10468,50.57048443
2018-01-30T00:10:00Z,0.10467,0.10479695,0.10426,0.10479694,93.2912189
2018-01-30T00:15:00Z,0.10479693,0.10479694,0.10436431,0.10436432,48.93552225
2018-01-30T00:20:00Z,0.10436432,0.10479695,0.1043643,0.1043643,105.21976151
2018-01-30T00:25:00Z,0.1043643,0.10479695,0.1043643,0.10440001,178.33921843
2018-01-30T00:30:00Z,0.10474181,0.10478179,0.10440001,0.10453237,46.21965835
2018-01-30T00:35:00Z,0.10474999,0.10474999,0.10453236,0.10468,55.41171139
2018-01-30T00:40:00Z,0.10468,0.10479695,0.10453238,0.10477238,64.05616859
2018-01-30T00:45:00Z,0.10477238,0.10479695,0.10454242,0.10454244,107.23341851
2018-01-30T00:50:00Z,0.1047,0.10479695,0.10454244,0.10465,30.56413671
2018-01-30T00:55:00Z,0.10465,0.10479695,0.10454245,0.1046001,53.99874635
2018-01-30T01:00:00Z,0.10465,0.10465,0.10440004,0.10440004,36.43674424
2018-01-30T01:05:00Z,0.1045,0.1045,0.10440001,0.10440005,71.86399121
2018-01-30T01:10:00Z,0.1044999,0.10479693,0.10441001,0.1045999,53.98878855
2018-01-30T01:15:00Z,0.1045999,0.10479694,0.10457236,0.10479694,106.69667875
2018-01-30T01:20:00Z,0.10479694,0.10479694,0.10443,0.1046,60.5806694
2018-01-30T01:25:00Z,0.1046,0.10479694,0.1044301,0.10450101,69.14179882
2018-01-30T01:30:00Z,0.10450101,0.10479694,0.1044301,0.10443013,149.81781292
2018-01-30T01:35:00Z,0.10479681,0.10479694,0.10443013,0.10444,31.91250132
2018-01-30T01:40:00Z,0.10479694,0.10479694,0.10443014,0.10443014,73.72643822
2018-01-30T01:45:00Z,0.10443014,0.10479694,0.10443014,0.1046,47.67959596
2018-01-30T01:50:00Z,0.1044402,0.10469,0.10443014,0.10469,80.43181915
2018-01-30T01:55:00Z,0.10468997,0.10479693,0.10380569,0.1039,454.41988202
2018-01-30T02:00:00Z,0.10391,0.10440099,0.10380569,0.10429959,29.49140174
2018-01-30T02:05:00Z,0.10427873,0.10439594,0.10380569,0.10405317,112.79890073
2018-01-30T02:10:00Z,0.10405317,0.10449999,0.10382648,0.104,134.68801944
2018-01-30T02:15:00Z,0.10438984,0.10438984,0.1038,0.104,114.02138208
2018-01-30T02:20:00Z,0.104,0.1043369,0.1038,0.10433152,179.01032938
2018-01-30T02:25:00Z,0.10431152,0.10448999,0.10389006,0.10448999,46.47027815
2018-01-30T02:30:00Z,0.1043315,0.1046,0.1043315,0.1046,79.51041143
2018-01-30T02:35:00Z,0.10448999,0.1046,0.10448999,0.10459999,109.88171095
2018-01-30T02:40:00Z,0.10459999,0.10479694,0.10448999,0.10479693,128.89548453
2018-01-30T02:45:00Z,0.10479688,0.10479695,0.10385,0.10400016,206.28646859
2018-01-30T02:50:00Z,0.10400016,0.10441999,0.10380001,0.10433399,54.45480966
2018-01-30T02:55:00Z,0.10433399,0.10433897,0.1039,0.1043348,37.10566029
2018-01-30T03:00:00Z,0.1043348,0.10433494,0.10392,0.10400001,125.45288879
2018-01-30T03:05:00Z,0.10392,0.10432949,0.10379601,0.10419998,158.41777163
2018-01-30T03:10:00Z,0.10419998,0.10429999,0.10379601,0.10379601,139.26687889
2018-01-30T03:15:00Z,0.10380003,0.10419999,0.10358035,0.10390499,318.30988531
2018-01-30T03:20:00Z,0.10390499,0.10391998,0.1033,0.10388899,245.89643651
2018-01-30T03:25:00Z,0.10388898,0.10388899,0.10301909,0.10301909,233.93056164
2018-01-30T03:30:00Z,0.10302485,0.10349995,0.103,0.10336372,359.86218157
2018-01-30T03:35:00Z,0.1030002,0.10351999,0.1030001,0.10351999,278.34032164
2018-01-30T03:40:00Z,0.10336,0.10388887,0.10305,0.10319362,161.83451129
2018-01-30T03:45:00Z,0.10319362,0.10370999,0.10319362,0.10368887,69.47696681
2018-01-30T03:50:00Z,0.10368887,0.10369995,0.10321371,0.10369988,74.4097951
2018-01-30T03:55:00Z,0.10369988,0.10369991,0.10321365,0.10321381,205.72228914
2018-01-30T04:00:00Z,0.10334246,0.10356,0.10319361,0.10319366,101.38432548
2018-01-30T04:05:00Z,0.10320366,0.10353998,0.10319361,0.10319364,171.27173475
2018-01-30T04:10:00Z,0.10319364,0.10355,0.10319361,0.10353998,56.09813894
2018-01-30T04:15:00Z,0.10353998,0.1036,0.1035,0.10359999,74.85904067
2018-01-30T04:20:00Z,0.10359999,0.10396007,0.10359999,0.10396007,47.73691392
2018-01-30T04:25:00Z,0.10371999,0.10388887,0.1037,0.10388884,51.85982964
2018-01-30T04:30:00Z,0.10388884,0.103973,0.10359999,0.10359999,62.29695379
2018-01-30T04:35:00Z,0.103973,0.10430158,0.10359999,0.10430158,66.74158033
2018-01-30T04:40:00Z,0.10422588,0.10441069,0.103973,0.104,28.20986875
2018-01-30T04:45:00Z,0.104302,0.10441067,0.104,0.1041043,33.33588318
2018-01-30T04:50:00Z,0.10440995,0.10441058,0.10400025,0.10441057,31.94851561
